{"type":"FeatureCollection","features":[{"type":"Feature","properties":{"c":"E06000001","n":"Hartlepool"},"geometry":{"type":"Polygon","coordinates":[[[-1.2413,54.7234],[-1.241,54.7232],[-1.1762,54.6977],[-1.174,54.6919],[-1.1742,54.6919],[-1.1963,54.6986],[-1.188,54.6934],[-1.1889,54.6924],[-1.1921,54.6925],[-1.1944,54.686],[-1.1991,54.6806],[-1.1759,54.6534],[-1.1576,54.6482],[-1.1732,54.6337],[-1.1882,54.6326],[-1.1923,54.6295],[-1.2094,54.6217],[-1.2342,54.6289],[-1.2567,54.6234],[-1.299,54.628],[-1.3164,54.6452],[-1.3289,54.644],[-1.3351,54.6313],[-1.3808,54.6438],[-1.3413,54.6502],[-1.3479,54.6624],[-1.3309,54.6822],[-1.3445,54.6911],[-1.3194,54.6913],[-1.3013,54.7081],[-1.3054,54.7176],[-1.2703,54.7272],[-1.2519,54.7196],[-1.2413,54.7234]]]}},{"type":"Feature","properties":{"c":"E06000002","n":"Middlesbrough"},"geometry":{"type":"Polygon","coordinates":[[[-1.1986,54.5829],[-1.1666,54.5542],[-1.1991,54.5445],[-1.1613,54.525],[-1.1597,54.5158],[-1.1374,54.515],[-1.1462,54.5028],[-1.2349,54.5103],[-1.2822,54.5184],[-1.2854,54.5362],[-1.2706,54.556],[-1.2826,54.5653],[-1.2626,54.5703],[-1.2524,54.5913],[-1.1986,54.5829]]]}},{"type":"Feature","properties":{"c":"E06000003","n":"Redcar and Cleveland"},"geometry":{"type":"Polygon","coordinates":[[[-0.7918,54.5583],[-0.8004,54.551],[-0.8271,54.5485],[-0.8486,54.53],[-0.8485,54.488],[-0.8808,54.497],[-0.9526,54.488],[-1.0034,54.503],[-1.0369,54.494],[-1.0947,54.5067],[-1.1184,54.4982],[-1.1462,54.5028],[-1.1374,54.515],[-1.1597,54.5158],[-1.1613,54.525],[-1.1991,54.5445],[-1.1666,54.5542],[-1.1986,54.5829],[-1.1877,54.5897],[-1.1975,54.5821],[-1.1602,54.6045],[-1.1467,54.5991],[-1.1575,54.6054],[-1.1518,54.6145],[-1.1323,54.6086],[-1.1508,54.6151],[-1.1543,54.6277],[-1.1354,54.6297],[-1.1369,54.6431],[-1.1252,54.6377],[-1.1128,54.6277],[-1.0723,54.6202],[-1.0526,54.6165],[-1.0404,54.611],[-1.0367,54.6085],[-1.0272,54.6051],[-1.0005,54.5932],[-0.9615,54.5849],[-0.947,54.5874],[-0.9363,54.5881],[-0.8983,54.5713],[-0.8534,54.5718],[-0.8442,54.5697],[-0.7943,54.5584],[-0.7918,54.5583]]]}},{"type":"Feature","properties":{"c":"E06000004","n":"Stockton-on-Tees"},"geometry":{"type":"Polygon","coordinates":[[[-1.1923,54.6295],[-1.2007,54.6229],[-1.173,54.6215],[-1.168,54.6293],[-1.16,54.6113],[-1.1856,54.5914],[-1.1877,54.5897],[-1.1986,54.5829],[-1.2524,54.5913],[-1.2626,54.5703],[-1.2826,54.5653],[-1.2706,54.556],[-1.2854,54.5362],[-1.2822,54.5184],[-1.2349,54.5103],[-1.2567,54.5011],[-1.2574,54.4873],[-1.2811,54.4906],[-1.3004,54.4758],[-1.3436,54.4642],[-1.3449,54.4724],[-1.3644,54.466],[-1.3726,54.4723],[-1.381,54.494],[-1.3951,54.4857],[-1.4071,54.4935],[-1.4128,54.4772],[-1.4321,54.4795],[-1.4349,54.4875],[-1.4215,54.5196],[-1.4496,54.533],[-1.4468,54.5557],[-1.4113,54.5648],[-1.4073,54.5937],[-1.4233,54.6031],[-1.4384,54.5951],[-1.4509,54.6106],[-1.4125,54.6168],[-1.3808,54.6438],[-1.3351,54.6313],[-1.3289,54.644],[-1.3164,54.6452],[-1.299,54.628],[-1.2567,54.6234],[-1.2342,54.6289],[-1.2094,54.6217],[-1.1923,54.6295]]]}},{"type":"Feature","properties":{"c":"E06000005","n":"Darlington"},"geometry":{"type":"Polygon","coordinates":[[[-1.4384,54.5951],[-1.4233,54.6031],[-1.4073,54.5937],[-1.4113,54.5648],[-1.4468,54.5557],[-1.4496,54.533],[-1.4215,54.5196],[-1.4349,54.4875],[-1.4585,54.5039],[-1.4748,54.5004],[-1.4584,54.4925],[-1.4623,54.4512],[-1.4755,54.4739],[-1.4988,54.4753],[-1.4918,54.4862],[-1.5113,54.475],[-1.5141,54.4838],[-1.5288,54.4848],[-1.5197,54.4711],[-1.5457,54.4712],[-1.5552,54.485],[-1.583,54.4971],[-1.5792,54.5052],[-1.5919,54.5043],[-1.5811,54.5128],[-1.6025,54.5105],[-1.6115,54.52],[-1.6334,54.5141],[-1.6338,54.5254],[-1.6547,54.5247],[-1.6579,54.5346],[-1.6969,54.536],[-1.7053,54.5492],[-1.6912,54.5562],[-1.7093,54.5632],[-1.709,54.5741],[-1.694,54.5869],[-1.6793,54.586],[-1.6824,54.6178],[-1.6068,54.6175],[-1.6062,54.6034],[-1.5842,54.6105],[-1.5934,54.5951],[-1.5763,54.5802],[-1.5528,54.5823],[-1.5586,54.5921],[-1.5268,54.5965],[-1.4689,54.6005],[-1.4517,54.5908],[-1.4384,54.5951]]]}},{"type":"Feature","properties":{"c":"E06000006","n":"Halton"},"geometry":{"type":"MultiPolygon","coordinates":[[[[-2.6306,53.364],[-2.6315,53.346],[-2.6066,53.343],[-2.6191,53.3311],[-2.5952,53.3225],[-2.6091,53.3121],[-2.62,53.3203],[-2.6241,53.3094],[-2.6451,53.3101],[-2.6416,53.305],[-2.6852,53.3155],[-2.7008,53.3058],[-2.7236,53.3131],[-2.7389,53.3068],[-2.7525,53.3148],[-2.7634,53.3277],[-2.7543,53.3432],[-2.719,53.3448],[-2.6994,53.3567],[-2.6787,53.3548],[-2.6746,53.3537],[-2.6306,53.364]]],[[[-2.6906,53.3854],[-2.6909,53.3608],[-2.6934,53.3618],[-2.7343,53.3478],[-2.7645,53.3553],[-2.7591,53.3496],[-2.7782,53.3326],[-2.7843,53.3364],[-2.7777,53.3293],[-2.7886,53.3225],[-2.8267,53.3317],[-2.8279,53.3315],[-2.8323,53.3373],[-2.8187,53.3398],[-2.8188,53.348],[-2.7873,53.3563],[-2.7767,53.3811],[-2.7577,53.3807],[-2.7452,53.4021],[-2.7152,53.399],[-2.7128,53.3906],[-2.6906,53.3854]]]]}},{"type":"Feature","properties":{"c":"E06000007","n":"Warrington"},"geometry":{"type":"Polygon","coordinates":[[[-2.4897,53.4603],[-2.4494,53.4159],[-2.478,53.3957],[-2.4266,53.3875],[-2.4399,53.3667],[-2.4869,53.3679],[-2.521,53.3479],[-2.5184,53.3424],[-2.5619,53.3233],[-2.5863,53.3294],[-2.5952,53.3225],[-2.6191,53.3311],[-2.6066,53.343],[-2.6315,53.346],[-2.6306,53.364],[-2.6746,53.3537],[-2.6787,53.3548],[-2.6752,53.3545],[-2.6909,53.3608],[-2.6906,53.3854],[-2.6763,53.3876],[-2.6636,53.4287],[-2.6753,53.433],[-2.6685,53.4409],[-2.6821,53.4389],[-2.6772,53.4528],[-2.6391,53.4444],[-2.6275,53.4344],[-2.5962,53.4427],[-2.5987,53.4504],[-2.5853,53.4398],[-2.5767,53.4461],[-2.5703,53.4585],[-2.5491,53.4615],[-2.5526,53.4678],[-2.4963,53.4809],[-2.4897,53.4603]]]}},{"type":"Feature","properties":{"c":"E06000008","n":"Blackburn with Darwen"},"geometry":{"type":"Polygon","coordinates":[[[-2.411,53.7052],[-2.3983,53.6916],[-2.3744,53.6873],[-2.3712,53.6671],[-2.3626,53.6559],[-2.3701,53.6319],[-2.3791,53.6309],[-2.4217,53.6238],[-2.4387,53.6461],[-2.4597,53.62],[-2.4792,53.617],[-2.5113,53.627],[-2.5324,53.6649],[-2.5157,53.6924],[-2.5398,53.7022],[-2.5616,53.7469],[-2.5513,53.7564],[-2.4658,53.7808],[-2.4463,53.7666],[-2.4516,53.7565],[-2.4401,53.7494],[-2.4337,53.7192],[-2.411,53.7052]]]}},{"type":"Feature","properties":{"c":"E06000009","n":"Blackpool"},"geometry":{"type":"Polygon","coordinates":[[[-3.0107,53.8262],[-2.995,53.8185],[-2.9834,53.7938],[-3.0039,53.7913],[-2.9965,53.7745],[-3.0288,53.7731],[-3.0328,53.7809],[-3.0571,53.7765],[-3.05,53.8516],[-3.0478,53.8746],[-3.0197,53.8686],[-3.0107,53.8262]]]}},{"type":"Feature","properties":{"c":"E06000010","n":"Kingston upon Hull, City of"},"geometry":{"type":"Polygon","coordinates":[[[-0.2513,53.7336],[-0.2866,53.7425],[-0.3312,53.7383],[-0.4191,53.7196],[-0.4223,53.7315],[-0.4019,53.75],[-0.4223,53.751],[-0.4182,53.7606],[-0.3881,53.7693],[-0.3922,53.7911],[-0.3594,53.7934],[-0.3623,53.8049],[-0.3161,53.8133],[-0.2783,53.7821],[-0.2523,53.7813],[-0.2543,53.7635],[-0.2415,53.7548],[-0.2513,53.7336]]]}},{"type":"Feature","properties":{"c":"E06000011","n":"East Riding of Yorkshire"},"geometry":{"type":"Polygon","coordinates":[[[-0.2127,54.1577],[-0.2125,54.1577],[-0.1644,54.1459],[-0.097,54.1293],[-0.0797,54.1187],[-0.0763,54.1164],[-0.1045,54.1041],[-0.1664,54.0989],[-0.1668,54.0989],[-0.1763,54.09],[-0.1922,54.08],[-0.1972,54.0706],[-0.2123,54.0566],[-0.2125,54.0421],[-0.2132,54.0409],[-0.2126,54.0364],[-0.2128,54.0227],[-0.2131,54.0075],[-0.1737,53.9344],[-0.156,53.9016],[-0.1341,53.8809],[-0.1282,53.8713],[-0.0894,53.8386],[-0.0371,53.7889],[0.1165,53.6631],[0.1172,53.6618],[0.1194,53.6577],[0.1456,53.6078],[0.1462,53.6035],[0.1451,53.5989],[0.142,53.5957],[0.1129,53.5751],[0.1088,53.5722],[0.1129,53.5753],[0.1425,53.5973],[0.1447,53.6046],[0.1424,53.6094],[0.1153,53.6232],[0.0814,53.6404],[0.0325,53.6493],[-0.0539,53.6291],[-0.1034,53.6353],[-0.1437,53.6621],[-0.1843,53.6891],[-0.214,53.7089],[-0.2271,53.7085],[-0.2302,53.7336],[-0.2431,53.7295],[-0.2443,53.7372],[-0.244,53.7375],[-0.2473,53.7412],[-0.2451,53.7366],[-0.2502,53.7333],[-0.2513,53.7336],[-0.2415,53.7548],[-0.2543,53.7635],[-0.2523,53.7813],[-0.2783,53.7821],[-0.3161,53.8133],[-0.3623,53.8049],[-0.3594,53.7934],[-0.3922,53.7911],[-0.3881,53.7693],[-0.4182,53.7606],[-0.4223,53.751],[-0.4019,53.75],[-0.4223,53.7315],[-0.4191,53.7196],[-0.4192,53.7196],[-0.4261,53.719],[-0.4341,53.719],[-0.4346,53.7182],[-0.4863,53.7135],[-0.5426,53.7084],[-0.5833,53.7266],[-0.6302,53.734],[-0.6372,53.7289],[-0.6185,53.7305],[-0.6716,53.7218],[-0.696,53.7044],[-0.7426,53.707],[-0.7125,53.7023],[-0.6985,53.6977],[-0.71,53.6959],[-0.6997,53.6957],[-0.6991,53.6903],[-0.7024,53.6775],[-0.7218,53.6794],[-0.7745,53.6562],[-0.7721,53.6641],[-0.7887,53.6592],[-0.8483,53.633],[-0.8653,53.6377],[-0.9468,53.6591],[-1.0487,53.6561],[-1.1034,53.6695],[-1.0811,53.6845],[-1.0749,53.7039],[-1.0617,53.7068],[-1.0389,53.6939],[-0.9803,53.6969],[-0.9805,53.705],[-0.9626,53.7008],[-0.9577,53.7148],[-0.9037,53.7184],[-0.911,53.7327],[-0.9608,53.736],[-0.9736,53.7499],[-0.9283,53.7656],[-0.9345,53.8018],[-0.9201,53.8161],[-0.9406,53.8235],[-0.9482,53.8616],[-0.9234,53.8807],[-0.9208,53.8907],[-0.9495,53.8939],[-0.9215,53.9214],[-0.9212,53.9604],[-0.9341,53.9685],[-0.9253,53.9915],[-0.8939,53.9995],[-0.8784,54.0172],[-0.8007,54.0241],[-0.7992,54.0191],[-0.7343,54.0303],[-0.7305,54.0127],[-0.6835,54.0088],[-0.687,54.0308],[-0.6595,54.0372],[-0.6447,54.0551],[-0.6603,54.0631],[-0.6155,54.0705],[-0.5631,54.094],[-0.5246,54.0855],[-0.4659,54.1076],[-0.4544,54.1168],[-0.4585,54.126],[-0.4271,54.1374],[-0.4332,54.1641],[-0.4184,54.174],[-0.3907,54.1765],[-0.3749,54.1541],[-0.3464,54.1469],[-0.3238,54.1503],[-0.3042,54.1363],[-0.2654,54.1406],[-0.2297,54.1324],[-0.2127,54.1577]]]}},{"type":"Feature","properties":{"c":"E06000012","n":"North East Lincolnshire"},"geometry":{"type":"Polygon","coordinates":[[[0.0155,53.5279],[-0.0148,53.5154],[-0.065,53.5187],[-0.0753,53.4893],[-0.0955,53.486],[-0.0898,53.4777],[-0.1078,53.4699],[-0.0822,53.4512],[-0.1203,53.4336],[-0.1318,53.4359],[-0.1492,53.4467],[-0.1537,53.4657],[-0.1818,53.4686],[-0.1886,53.4845],[-0.2106,53.4863],[-0.2041,53.5118],[-0.2106,53.5317],[-0.2199,53.5326],[-0.1893,53.5659],[-0.1952,53.5716],[-0.2226,53.568],[-0.2347,53.5863],[-0.2514,53.5847],[-0.2485,53.5937],[-0.2921,53.6133],[-0.2326,53.624],[-0.2008,53.64],[-0.2007,53.64],[-0.1867,53.6323],[-0.0938,53.5812],[-0.0793,53.577],[-0.0652,53.5833],[-0.062,53.5825],[-0.015,53.5515],[-0.0035,53.5467],[-0.0085,53.5557],[0.0155,53.5279]]]}},{"type":"Feature","properties":{"c":"E06000013","n":"North Lincolnshire"},"geometry":{"type":"Polygon","coordinates":[[[-0.2942,53.7141],[-0.2524,53.681],[-0.2379,53.6636],[-0.2033,53.642],[-0.2008,53.64],[-0.2326,53.624],[-0.2921,53.6133],[-0.3086,53.6143],[-0.3007,53.5953],[-0.3359,53.5586],[-0.417,53.5632],[-0.429,53.5745],[-0.467,53.549],[-0.4909,53.5459],[-0.5013,53.5375],[-0.4307,53.5463],[-0.4081,53.5321],[-0.4051,53.5176],[-0.4884,53.5049],[-0.4866,53.4805],[-0.4717,53.4749],[-0.5518,53.4595],[-0.6298,53.4582],[-0.6245,53.5128],[-0.7396,53.5199],[-0.7521,53.5005],[-0.7681,53.4989],[-0.7716,53.4792],[-0.7844,53.4767],[-0.7844,53.4634],[-0.7975,53.4551],[-0.8719,53.4663],[-0.9162,53.4603],[-0.9202,53.4655],[-0.9005,53.4752],[-0.9356,53.5025],[-0.9321,53.5107],[-0.95,53.5137],[-0.9437,53.5306],[-0.8923,53.5375],[-0.9013,53.5479],[-0.891,53.5666],[-0.9011,53.5687],[-0.8979,53.5833],[-0.8653,53.6377],[-0.8483,53.633],[-0.7887,53.6592],[-0.7721,53.6641],[-0.7745,53.6562],[-0.7218,53.6794],[-0.7024,53.6775],[-0.6991,53.6903],[-0.6985,53.6846],[-0.6917,53.6788],[-0.6849,53.6728],[-0.6949,53.6945],[-0.6395,53.7102],[-0.6107,53.7145],[-0.5863,53.6933],[-0.5235,53.677],[-0.4871,53.6916],[-0.4706,53.6982],[-0.4434,53.6974],[-0.4428,53.6893],[-0.4426,53.6973],[-0.3949,53.7],[-0.3905,53.6892],[-0.3876,53.7022],[-0.2942,53.7141]]]}},{"type":"Feature","properties":{"c":"E06000014","n":"York"},"geometry":{"type":"Polygon","coordinates":[[[-0.9253,53.9915],[-0.9341,53.9685],[-0.9212,53.9604],[-0.9215,53.9214],[-0.9495,53.8939],[-0.9208,53.8907],[-0.9234,53.8807],[-0.944,53.8881],[-0.9928,53.8752],[-1.0082,53.8899],[-1.065,53.8746],[-1.0912,53.8858],[-1.1053,53.8757],[-1.1995,53.9254],[-1.2237,53.9748],[-1.2166,53.9856],[-1.1821,53.9853],[-1.1888,54.0025],[-1.1517,53.9891],[-1.137,53.9911],[-1.1491,54.0029],[-1.1408,54.0299],[-1.1202,54.029],[-1.0894,54.048],[-1.0587,54.0478],[-1.0597,54.0569],[-1.0144,54.0493],[-1.0021,54.0553],[-0.9669,54.023],[-0.9847,54.0025],[-0.9754,54.0047],[-0.9719,53.9967],[-0.9948,53.9831],[-0.9253,53.9915]]]}},{"type":"Feature","properties":{"c":"E06000015","n":"Derby"},"geometry":{"type":"Polygon","coordinates":[[[-1.3884,52.9015],[-1.4028,52.9005],[-1.4189,52.8845],[-1.4236,52.8651],[-1.4462,52.8613],[-1.4641,52.8726],[-1.4937,52.8698],[-1.5031,52.8848],[-1.5417,52.8895],[-1.5568,52.9146],[-1.5441,52.9242],[-1.508,52.9375],[-1.4954,52.9659],[-1.4747,52.9659],[-1.4686,52.9507],[-1.4093,52.9503],[-1.424,52.9357],[-1.3831,52.9259],[-1.3884,52.9015]]]}},{"type":"Feature","properties":{"c":"E06000016","n":"Leicester"},"geometry":{"type":"Polygon","coordinates":[[[-1.0486,52.655],[-1.047,52.6346],[-1.0705,52.6181],[-1.0966,52.6165],[-1.1037,52.5959],[-1.1202,52.5975],[-1.1436,52.588],[-1.1495,52.581],[-1.1609,52.5825],[-1.1579,52.5908],[-1.1742,52.5929],[-1.1655,52.6131],[-1.216,52.6345],[-1.2073,52.6426],[-1.1907,52.6404],[-1.1853,52.6606],[-1.1781,52.678],[-1.1573,52.6915],[-1.1433,52.6872],[-1.1292,52.6654],[-1.1188,52.6732],[-1.0751,52.6696],[-1.0486,52.655]]]}},{"type":"Feature","properties":{"c":"E06000017","n":"Rutland"},"geometry":{"type":"Polygon","coordinates":[[[-0.495,52.6402],[-0.5172,52.6424],[-0.5403,52.626],[-0.5529,52.6014],[-0.5442,52.5929],[-0.5581,52.5945],[-0.5719,52.5858],[-0.5815,52.5959],[-0.5887,52.5868],[-0.603,52.5887],[-0.6609,52.5689],[-0.7137,52.525],[-0.7422,52.5395],[-0.7389,52.5489],[-0.7599,52.5649],[-0.7653,52.5825],[-0.7924,52.5976],[-0.821,52.5965],[-0.8058,52.6207],[-0.8088,52.6461],[-0.782,52.6695],[-0.786,52.6948],[-0.8218,52.7157],[-0.8134,52.7291],[-0.7765,52.7439],[-0.7517,52.7367],[-0.6641,52.7567],[-0.6103,52.7598],[-0.6054,52.7505],[-0.5726,52.7531],[-0.54,52.7384],[-0.5424,52.7233],[-0.4945,52.7097],[-0.4304,52.7054],[-0.4341,52.6837],[-0.4562,52.6704],[-0.5067,52.6595],[-0.5236,52.6652],[-0.495,52.6402]]]}},{"type":"Feature","properties":{"c":"E06000018","n":"Nottingham"},"geometry":{"type":"Polygon","coordinates":[[[-1.0861,52.9486],[-1.0997,52.942],[-1.1318,52.9428],[-1.1419,52.932],[-1.1523,52.937],[-1.1586,52.9],[-1.1765,52.889],[-1.2139,52.9044],[-1.2109,52.9122],[-1.199,52.9095],[-1.1823,52.9173],[-1.2469,52.9532],[-1.232,52.9676],[-1.2468,52.9845],[-1.2262,52.9811],[-1.2034,52.9875],[-1.2191,52.9914],[-1.2252,53.0081],[-1.21,53.0181],[-1.1827,53.0186],[-1.1435,53.0065],[-1.1537,52.9972],[-1.1383,52.9948],[-1.1425,52.9863],[-1.1228,52.9835],[-1.1201,52.9678],[-1.0861,52.9486]]]}},{"type":"Feature","properties":{"c":"E06000019","n":"Herefordshire, County of"},"geometry":{"type":"Polygon","coordinates":[[[-2.6181,52.3069],[-2.6632,52.304],[-2.6399,52.2863],[-2.5979,52.2816],[-2.6283,52.2612],[-2.629,52.2404],[-2.5742,52.2527],[-2.5317,52.2533],[-2.5259,52.2482],[-2.4957,52.2569],[-2.5031,52.2774],[-2.4514,52.2851],[-2.428,52.2706],[-2.4681,52.256],[-2.4747,52.2414],[-2.465,52.2344],[-2.4231,52.2372],[-2.3842,52.2252],[-2.4039,52.2215],[-2.3927,52.2086],[-2.4079,52.2027],[-2.4221,52.1723],[-2.4352,52.1682],[-2.415,52.1452],[-2.3794,52.1551],[-2.3514,52.1446],[-2.3521,52.1035],[-2.338,52.0899],[-2.3514,52.0214],[-2.3929,52.013],[-2.399,51.9961],[-2.4132,51.9941],[-2.4373,51.9972],[-2.4366,52.0148],[-2.4634,52.014],[-2.464,52.0232],[-2.4789,52.0225],[-2.492,52.0077],[-2.471,51.9947],[-2.4949,51.9811],[-2.4922,51.9641],[-2.5009,51.9606],[-2.4656,51.9517],[-2.466,51.928],[-2.4482,51.9187],[-2.4393,51.8974],[-2.4878,51.8804],[-2.5086,51.8852],[-2.5316,51.8608],[-2.5808,51.8616],[-2.5828,51.8496],[-2.6012,51.8562],[-2.6255,51.839],[-2.6367,51.8431],[-2.6504,51.8261],[-2.6662,51.8356],[-2.6933,51.8338],[-2.6973,51.8448],[-2.7151,51.8402],[-2.7197,51.8489],[-2.7388,51.8366],[-2.7788,51.8659],[-2.7683,51.8804],[-2.8361,51.9061],[-2.8419,51.9177],[-2.8619,51.914],[-2.845,51.9221],[-2.8778,51.9338],[-2.9718,51.905],[-2.9767,51.9275],[-3.0081,51.9271],[-3.0259,51.9573],[-3.0674,51.9831],[-3.0992,52.0227],[-3.0863,52.0402],[-3.0906,52.0505],[-3.1259,52.0783],[-3.1227,52.1031],[-3.1053,52.1054],[-3.1049,52.1167],[-3.1419,52.1279],[-3.1359,52.1379],[-3.0937,52.1443],[-3.0725,52.1558],[-3.0825,52.163],[-3.0989,52.1547],[-3.1224,52.1634],[-3.0947,52.1837],[-3.1021,52.2027],[-3.0721,52.2131],[-3.073,52.2359],[-3.0442,52.2379],[-3.0483,52.2502],[-3.0359,52.2568],[-3.0058,52.2643],[-2.9772,52.2597],[-2.9496,52.2695],[-3.0126,52.2792],[-3.0009,52.3218],[-2.9668,52.3294],[-2.9547,52.3492],[-2.9331,52.3501],[-2.9389,52.3611],[-2.9261,52.367],[-2.9008,52.3673],[-2.9223,52.3751],[-2.9177,52.3863],[-2.8931,52.3741],[-2.8884,52.3852],[-2.855,52.3955],[-2.8182,52.3912],[-2.8054,52.3883],[-2.8073,52.3759],[-2.7925,52.3753],[-2.7924,52.3569],[-2.7327,52.3555],[-2.7484,52.3349],[-2.767,52.3362],[-2.7142,52.3088],[-2.6798,52.312],[-2.6891,52.3166],[-2.6651,52.3423],[-2.6239,52.3214],[-2.6181,52.3069]]]}},{"type":"Feature","properties":{"c":"E06000020","n":"Telford and Wrekin"},"geometry":{"type":"Polygon","coordinates":[[[-2.3122,52.7408],[-2.3156,52.7329],[-2.3578,52.7312],[-2.3765,52.7396],[-2.419,52.6629],[-2.4183,52.6338],[-2.4366,52.6271],[-2.4381,52.6146],[-2.5018,52.629],[-2.5484,52.6546],[-2.5556,52.6711],[-2.6226,52.699],[-2.5974,52.7183],[-2.6602,52.7317],[-2.6635,52.7604],[-2.6431,52.7671],[-2.6323,52.7596],[-2.621,52.7765],[-2.5923,52.7768],[-2.5981,52.798],[-2.5828,52.8056],[-2.5518,52.8025],[-2.5337,52.794],[-2.5375,52.7851],[-2.5219,52.7989],[-2.5029,52.7966],[-2.4865,52.8052],[-2.4771,52.7994],[-2.4897,52.783],[-2.4728,52.7804],[-2.4563,52.7842],[-2.4729,52.8208],[-2.4163,52.827],[-2.3777,52.8116],[-2.3713,52.7953],[-2.385,52.7896],[-2.3122,52.7408]]]}},{"type":"Feature","properties":{"c":"E06000021","n":"Stoke-on-Trent"},"geometry":{"type":"Polygon","coordinates":[[[-2.1811,53.0898],[-2.1717,53.0894],[-2.1611,53.0701],[-2.1254,53.0646],[-2.1166,53.048],[-2.1318,53.0473],[-2.1238,53.0216],[-2.1035,53.0109],[-2.105,52.9977],[-2.0885,52.9971],[-2.092,52.9856],[-2.0792,52.9745],[-2.0881,52.9738],[-2.0812,52.9669],[-2.1217,52.9561],[-2.1304,52.9712],[-2.1457,52.9761],[-2.1626,52.9534],[-2.1768,52.9537],[-2.1816,52.9462],[-2.2125,52.9806],[-2.2043,52.9814],[-2.2155,53.0153],[-2.2025,53.02],[-2.2388,53.0733],[-2.1986,53.0927],[-2.1811,53.0898]]]}},{"type":"Feature","properties":{"c":"E06000022","n":"Bath and North East Somerset"},"geometry":{"type":"Polygon","coordinates":[[[-2.2946,51.4288],[-2.2785,51.4158],[-2.2908,51.4057],[-2.2819,51.3972],[-2.2967,51.3948],[-2.292,51.3696],[-2.3443,51.3456],[-2.2964,51.3427],[-2.3009,51.3332],[-2.2891,51.3253],[-2.3872,51.2946],[-2.4009,51.3048],[-2.4517,51.2743],[-2.4738,51.278],[-2.478,51.2731],[-2.5064,51.279],[-2.4972,51.2908],[-2.5578,51.3027],[-2.6274,51.2828],[-2.6386,51.2948],[-2.6949,51.3181],[-2.6872,51.3304],[-2.7079,51.3378],[-2.6905,51.3495],[-2.6942,51.3798],[-2.6797,51.3601],[-2.6687,51.3606],[-2.6766,51.3419],[-2.659,51.3415],[-2.6444,51.3751],[-2.63,51.3752],[-2.627,51.3871],[-2.6141,51.3809],[-2.6227,51.3894],[-2.6031,51.3888],[-2.5901,51.3975],[-2.5708,51.3994],[-2.5609,51.4117],[-2.536,51.4111],[-2.5263,51.4348],[-2.5105,51.4288],[-2.4917,51.429],[-2.4927,51.4182],[-2.481,51.4216],[-2.4695,51.4159],[-2.3433,51.4395],[-2.325,51.437],[-2.3126,51.4224],[-2.2946,51.4288]]]}},{"type":"Feature","properties":{"c":"E06000023","n":"Bristol, City of"},"geometry":{"type":"Polygon","coordinates":[[[-2.6738,51.5444],[-2.6525,51.5131],[-2.581,51.5174],[-2.5881,51.5012],[-2.5519,51.4922],[-2.5159,51.4939],[-2.5122,51.4623],[-2.5218,51.4501],[-2.5393,51.4458],[-2.5105,51.4288],[-2.5263,51.4348],[-2.536,51.4111],[-2.5609,51.4117],[-2.5708,51.3994],[-2.5901,51.3975],[-2.6333,51.4035],[-2.6295,51.4374],[-2.6401,51.4405],[-2.6258,51.4488],[-2.6349,51.4672],[-2.6618,51.4866],[-2.6846,51.4805],[-2.7088,51.4978],[-2.7182,51.5082],[-2.7077,51.5168],[-2.6738,51.5444]]]}},{"type":"Feature","properties":{"c":"E06000024","n":"North Somerset"},"geometry":{"type":"Polygon","coordinates":[[[-2.7273,51.5019],[-2.6848,51.4805],[-2.6847,51.4805],[-2.6846,51.4805],[-2.6618,51.4866],[-2.6349,51.4672],[-2.6258,51.4488],[-2.6401,51.4405],[-2.6295,51.4374],[-2.6333,51.4035],[-2.5901,51.3975],[-2.6031,51.3888],[-2.6227,51.3894],[-2.6141,51.3809],[-2.627,51.3871],[-2.63,51.3752],[-2.6444,51.3751],[-2.659,51.3415],[-2.6766,51.3419],[-2.6687,51.3606],[-2.6797,51.3601],[-2.6942,51.3798],[-2.6905,51.3495],[-2.7079,51.3378],[-2.6872,51.3304],[-2.6949,51.3181],[-2.8147,51.327],[-2.8102,51.3014],[-2.8772,51.3001],[-2.8849,51.3067],[-2.8971,51.2906],[-2.9369,51.3031],[-2.962,51.3048],[-2.9726,51.2957],[-2.9898,51.299],[-2.9881,51.3065],[-2.983,51.312],[-2.9896,51.3175],[-2.9859,51.3349],[-2.9828,51.3491],[-2.9946,51.3565],[-2.9675,51.3637],[-2.9622,51.3748],[-2.9631,51.3829],[-2.9808,51.3884],[-2.971,51.3908],[-2.9396,51.3964],[-2.9393,51.391],[-2.9173,51.3959],[-2.8905,51.3875],[-2.9128,51.3962],[-2.8647,51.4417],[-2.8577,51.4483],[-2.8305,51.4665],[-2.7999,51.4852],[-2.7557,51.4938],[-2.7433,51.4931],[-2.7326,51.4925],[-2.7291,51.5021],[-2.7273,51.5019]]]}},{"type":"Feature","properties":{"c":"E06000025","n":"South Gloucestershire"},"geometry":{"type":"Polygon","coordinates":[[[-2.2916,51.5937],[-2.2827,51.5785],[-2.2726,51.5776],[-2.2603,51.5699],[-2.2665,51.5363],[-2.2524,51.5269],[-2.3243,51.4975],[-2.3115,51.4873],[-2.2905,51.4867],[-2.2957,51.4586],[-2.2851,51.4579],[-2.2946,51.4288],[-2.3126,51.4224],[-2.325,51.437],[-2.3433,51.4395],[-2.4695,51.4159],[-2.481,51.4216],[-2.4927,51.4182],[-2.4917,51.429],[-2.5105,51.4288],[-2.5393,51.4458],[-2.5218,51.4501],[-2.5122,51.4623],[-2.5159,51.4939],[-2.5519,51.4922],[-2.5881,51.5012],[-2.581,51.5174],[-2.6525,51.5131],[-2.6738,51.5444],[-2.6634,51.5736],[-2.6278,51.6056],[-2.5793,51.6295],[-2.5755,51.6314],[-2.5691,51.6555],[-2.5348,51.6773],[-2.5424,51.6815],[-2.5408,51.6824],[-2.4896,51.664],[-2.4907,51.6448],[-2.443,51.6525],[-2.386,51.6399],[-2.4005,51.6351],[-2.3889,51.6275],[-2.3947,51.5974],[-2.3704,51.5976],[-2.3656,51.6037],[-2.3311,51.5916],[-2.2916,51.5937]]]}},{"type":"Feature","properties":{"c":"E06000026","n":"Plymouth"},"geometry":{"type":"Polygon","coordinates":[[[-4.1135,50.4442],[-4.1095,50.4321],[-4.0827,50.4247],[-4.0715,50.4019],[-4.0396,50.4014],[-4.0212,50.3918],[-4.0271,50.379],[-4.0502,50.3775],[-4.0529,50.3565],[-4.0906,50.3409],[-4.1231,50.3468],[-4.1234,50.3471],[-4.1308,50.359],[-4.1054,50.3565],[-4.1124,50.3594],[-4.0998,50.3793],[-4.1014,50.3827],[-4.1157,50.3618],[-4.1327,50.3621],[-4.1335,50.3633],[-4.1407,50.3622],[-4.1528,50.3624],[-4.1544,50.3675],[-4.1641,50.3589],[-4.1637,50.3694],[-4.1744,50.3668],[-4.1825,50.3671],[-4.1929,50.3901],[-4.1798,50.3966],[-4.1945,50.3921],[-4.1962,50.3933],[-4.2017,50.4065],[-4.1952,50.4191],[-4.1923,50.4247],[-4.1655,50.4197],[-4.1635,50.4276],[-4.1657,50.4268],[-4.1559,50.4364],[-4.1357,50.4329],[-4.1135,50.4442]]]}},{"type":"Feature","properties":{"c":"E06000027","n":"Torbay"},"geometry":{"type":"Polygon","coordinates":[[[-3.5091,50.5166],[-3.5148,50.4818],[-3.4806,50.4635],[-3.5159,50.4538],[-3.5407,50.4611],[-3.5565,50.4294],[-3.5595,50.4233],[-3.5448,50.4021],[-3.5195,50.4032],[-3.5119,50.3959],[-3.5052,50.4],[-3.513,50.4056],[-3.4824,50.4],[-3.5076,50.3792],[-3.5077,50.3791],[-3.5442,50.3734],[-3.5747,50.3941],[-3.5799,50.4102],[-3.599,50.4093],[-3.628,50.4259],[-3.6251,50.4413],[-3.5869,50.4522],[-3.5842,50.4777],[-3.5698,50.4907],[-3.5648,50.487],[-3.5299,50.5046],[-3.5208,50.5177],[-3.5091,50.5166]]]}},{"type":"Feature","properties":{"c":"E06000030","n":"Swindon"},"geometry":{"type":"Polygon","coordinates":[[[-1.6831,51.6901],[-1.7002,51.6709],[-1.6919,51.6522],[-1.6599,51.635],[-1.6737,51.6228],[-1.667,51.6162],[-1.6906,51.6054],[-1.6911,51.5835],[-1.6765,51.5694],[-1.655,51.5765],[-1.6477,51.5719],[-1.6028,51.5183],[-1.7191,51.5007],[-1.7157,51.4884],[-1.7743,51.4825],[-1.7978,51.4844],[-1.8135,51.507],[-1.8376,51.5008],[-1.8467,51.5244],[-1.837,51.5109],[-1.8301,51.5154],[-1.8539,51.5462],[-1.8492,51.5533],[-1.8651,51.5596],[-1.8601,51.5652],[-1.8451,51.5617],[-1.8431,51.5787],[-1.8237,51.5822],[-1.8376,51.5872],[-1.8318,51.5967],[-1.8423,51.6125],[-1.8279,51.6253],[-1.7886,51.6327],[-1.7992,51.6625],[-1.7886,51.667],[-1.7538,51.6622],[-1.7275,51.6672],[-1.711,51.6718],[-1.6966,51.6921],[-1.6831,51.6901]]]}},{"type":"Feature","properties":{"c":"E06000031","n":"Peterborough"},"geometry":{"type":"Polygon","coordinates":[[[-0.0313,52.6615],[-0.0128,52.5942],[-0.187,52.5685],[-0.1979,52.5508],[-0.1878,52.5419],[-0.2004,52.5452],[-0.2177,52.5379],[-0.2348,52.5437],[-0.2448,52.523],[-0.2693,52.5208],[-0.2933,52.5069],[-0.3327,52.5465],[-0.3255,52.5529],[-0.3485,52.5644],[-0.3855,52.5672],[-0.3968,52.583],[-0.4154,52.5787],[-0.4788,52.5736],[-0.4927,52.5819],[-0.4709,52.6236],[-0.4947,52.6403],[-0.4528,52.6543],[-0.4057,52.6481],[-0.3501,52.6617],[-0.335,52.6749],[-0.2892,52.6703],[-0.2608,52.6514],[-0.2125,52.6667],[-0.1929,52.6524],[-0.18,52.6606],[-0.1411,52.6515],[-0.1022,52.6722],[-0.0878,52.6668],[-0.0637,52.6752],[-0.0313,52.6615]]]}},{"type":"Feature","properties":{"c":"E06000032","n":"Luton"},"geometry":{"type":"Polygon","coordinates":[[[-0.3856,51.9157],[-0.3775,51.8984],[-0.3498,51.8787],[-0.3548,51.874],[-0.3698,51.8681],[-0.3959,51.8706],[-0.4228,51.8546],[-0.4553,51.8823],[-0.5059,51.9006],[-0.4823,51.9078],[-0.4857,51.9227],[-0.4361,51.9277],[-0.4217,51.9257],[-0.4191,51.9123],[-0.3856,51.9157]]]}},{"type":"Feature","properties":{"c":"E06000033","n":"Southend-on-Sea"},"geometry":{"type":"Polygon","coordinates":[[[0.7867,51.5529],[0.789,51.5424],[0.8192,51.5422],[0.8208,51.5409],[0.7821,51.5213],[0.6695,51.5385],[0.648,51.5384],[0.6464,51.5396],[0.6269,51.5383],[0.6321,51.5705],[0.639,51.5768],[0.6753,51.5729],[0.7867,51.5529]]]}},{"type":"Feature","properties":{"c":"E06000034","n":"Thurrock"},"geometry":{"type":"Polygon","coordinates":[[[0.4186,51.5567],[0.4276,51.5451],[0.4617,51.5537],[0.4667,51.5467],[0.482,51.5486],[0.5091,51.5342],[0.5217,51.5162],[0.5413,51.5126],[0.4418,51.5008],[0.4234,51.5145],[0.4358,51.5001],[0.4456,51.498],[0.4441,51.4935],[0.4339,51.4615],[0.4053,51.454],[0.3409,51.4523],[0.3184,51.4742],[0.3024,51.4726],[0.2978,51.4722],[0.2814,51.4614],[0.2118,51.4898],[0.2142,51.496],[0.23,51.4994],[0.2266,51.5066],[0.2419,51.508],[0.2372,51.5193],[0.249,51.5287],[0.2538,51.5179],[0.2637,51.5179],[0.2653,51.5322],[0.334,51.5405],[0.313,51.5658],[0.3826,51.5658],[0.3918,51.5672],[0.3935,51.5577],[0.4186,51.5567]]]}},{"type":"Feature","properties":{"c":"E06000035","n":"Medway"},"geometry":{"type":"Polygon","coordinates":[[[0.5908,51.4794],[0.6152,51.4751],[0.66,51.4777],[0.6903,51.4594],[0.6713,51.4723],[0.7003,51.4726],[0.7205,51.4598],[0.7235,51.4445],[0.7103,51.4348],[0.6778,51.4332],[0.672,51.448],[0.6589,51.4474],[0.636,51.4462],[0.619,51.4375],[0.6052,51.4205],[0.6174,51.4284],[0.6238,51.4241],[0.6109,51.4174],[0.587,51.4135],[0.5635,51.4096],[0.5325,51.4127],[0.5157,51.4004],[0.5226,51.3851],[0.5375,51.4103],[0.561,51.3948],[0.5856,51.3887],[0.5945,51.3865],[0.6021,51.3906],[0.5967,51.3868],[0.6121,51.3788],[0.6196,51.3882],[0.6324,51.3889],[0.6261,51.3788],[0.6233,51.3692],[0.6349,51.3664],[0.6014,51.3333],[0.5635,51.3387],[0.544,51.3279],[0.5256,51.3347],[0.5058,51.3429],[0.503,51.3547],[0.4562,51.3688],[0.4535,51.3406],[0.4186,51.3479],[0.3999,51.3445],[0.4013,51.353],[0.4311,51.388],[0.4533,51.3914],[0.4519,51.3983],[0.4677,51.3983],[0.4751,51.4129],[0.4892,51.4153],[0.488,51.4433],[0.4576,51.4583],[0.4543,51.4634],[0.4677,51.4643],[0.4581,51.467],[0.4685,51.4827],[0.5461,51.4871],[0.5908,51.4794]]]}},{"type":"Feature","properties":{"c":"E06000036","n":"Bracknell Forest"},"geometry":{"type":"Polygon","coordinates":[[[-0.6676,51.3846],[-0.7353,51.365],[-0.7755,51.332],[-0.8374,51.3529],[-0.8136,51.3703],[-0.7888,51.3718],[-0.8015,51.4053],[-0.7925,51.4088],[-0.8,51.4412],[-0.7826,51.4687],[-0.7646,51.4597],[-0.7245,51.4561],[-0.7144,51.4671],[-0.6889,51.467],[-0.6727,51.4578],[-0.6568,51.4615],[-0.662,51.4443],[-0.6306,51.4422],[-0.6313,51.4145],[-0.6763,51.4316],[-0.6965,51.4109],[-0.6676,51.3846]]]}},{"type":"Feature","properties":{"c":"E06000037","n":"West Berkshire"},"geometry":{"type":"Polygon","coordinates":[[[-1.2268,51.5352],[-1.2046,51.5376],[-1.2047,51.5284],[-1.1404,51.5429],[-1.1421,51.5162],[-1.113,51.5095],[-1.1022,51.4897],[-1.0879,51.4858],[-1.0513,51.4919],[-1.0366,51.4752],[-1.053,51.4604],[-1.0492,51.4514],[-1.034,51.4527],[-1.0013,51.4263],[-1.0119,51.3929],[-0.9817,51.3757],[-0.9861,51.3628],[-1.0501,51.3581],[-1.0866,51.3839],[-1.1155,51.3742],[-1.1158,51.3605],[-1.1386,51.3572],[-1.1769,51.3573],[-1.2511,51.372],[-1.3498,51.3671],[-1.4111,51.3729],[-1.4285,51.3567],[-1.4441,51.3549],[-1.4297,51.3365],[-1.4983,51.3294],[-1.4856,51.3477],[-1.5006,51.3563],[-1.4954,51.3697],[-1.5556,51.3955],[-1.5529,51.41],[-1.571,51.4153],[-1.5651,51.422],[-1.5265,51.424],[-1.524,51.4475],[-1.5824,51.4943],[-1.5847,51.5249],[-1.5812,51.537],[-1.555,51.5534],[-1.531,51.5461],[-1.5129,51.5508],[-1.4707,51.5286],[-1.4644,51.5385],[-1.4478,51.5364],[-1.4266,51.5456],[-1.4228,51.5358],[-1.4049,51.5472],[-1.3838,51.5404],[-1.3673,51.5525],[-1.3424,51.5437],[-1.3287,51.5637],[-1.2607,51.5378],[-1.2268,51.5352]]]}},{"type":"Feature","properties":{"c":"E06000038","n":"Reading"},"geometry":{"type":"Polygon","coordinates":[[[-0.9492,51.4595],[-0.9286,51.4451],[-0.9452,51.4462],[-0.9434,51.4293],[-0.9619,51.4123],[-0.9738,51.4098],[-0.9814,51.4206],[-0.9963,51.4196],[-1.0013,51.4263],[-1.034,51.4527],[-1.0492,51.4514],[-1.053,51.4604],[-1.0366,51.4752],[-1.0136,51.4663],[-0.9984,51.4843],[-0.9575,51.4931],[-0.9411,51.475],[-0.9552,51.4653],[-0.9492,51.4595]]]}},{"type":"Feature","properties":{"c":"E06000039","n":"Slough"},"geometry":{"type":"Polygon","coordinates":[[[-0.49,51.4947],[-0.5098,51.4692],[-0.5244,51.4715],[-0.5344,51.4868],[-0.5606,51.4972],[-0.5656,51.4913],[-0.6006,51.5023],[-0.6077,51.4973],[-0.6265,51.5044],[-0.6422,51.5006],[-0.6593,51.5049],[-0.6599,51.5284],[-0.6305,51.5389],[-0.5899,51.5227],[-0.5673,51.533],[-0.5751,51.5293],[-0.5687,51.5113],[-0.527,51.5095],[-0.5318,51.4934],[-0.49,51.4947]]]}},{"type":"Feature","properties":{"c":"E06000040","n":"Windsor and Maidenhead"},"geometry":{"type":"Polygon","coordinates":[[[-0.6422,51.5006],[-0.6265,51.5044],[-0.6077,51.4973],[-0.6006,51.5023],[-0.5656,51.4913],[-0.5606,51.4972],[-0.5344,51.4868],[-0.5244,51.4715],[-0.5406,51.4579],[-0.5228,51.4353],[-0.5717,51.451],[-0.594,51.4417],[-0.6185,51.3924],[-0.6163,51.3835],[-0.6676,51.3846],[-0.6965,51.4109],[-0.6763,51.4316],[-0.6313,51.4145],[-0.6306,51.4422],[-0.662,51.4443],[-0.6568,51.4615],[-0.6727,51.4578],[-0.6889,51.467],[-0.7144,51.4671],[-0.7245,51.4561],[-0.7646,51.4597],[-0.7826,51.4687],[-0.8,51.4412],[-0.8181,51.4432],[-0.8338,51.4641],[-0.8218,51.4726],[-0.8294,51.4871],[-0.8174,51.5072],[-0.8539,51.5261],[-0.8427,51.5448],[-0.793,51.5514],[-0.7743,51.5669],[-0.7571,51.5648],[-0.7181,51.5776],[-0.7118,51.5648],[-0.6965,51.5652],[-0.6912,51.5568],[-0.7032,51.5111],[-0.6521,51.4855],[-0.6339,51.4924],[-0.6422,51.5006]]]}},{"type":"Feature","properties":{"c":"E06000041","n":"Wokingham"},"geometry":{"type":"Polygon","coordinates":[[[-0.8427,51.5448],[-0.8539,51.5261],[-0.8174,51.5072],[-0.8294,51.4871],[-0.8218,51.4726],[-0.8338,51.4641],[-0.8181,51.4432],[-0.8,51.4412],[-0.7925,51.4088],[-0.8015,51.4053],[-0.7888,51.3718],[-0.8136,51.3703],[-0.8374,51.3529],[-0.8781,51.3526],[-0.9237,51.366],[-0.9867,51.3599],[-0.9861,51.3628],[-0.9817,51.3757],[-1.0119,51.3929],[-1.0013,51.4263],[-0.9963,51.4196],[-0.9814,51.4206],[-0.9738,51.4098],[-0.9619,51.4123],[-0.9434,51.4293],[-0.9452,51.4462],[-0.9286,51.4451],[-0.9492,51.4595],[-0.9217,51.4679],[-0.8939,51.4966],[-0.8703,51.5036],[-0.8785,51.5235],[-0.9001,51.5367],[-0.8969,51.5449],[-0.8797,51.5621],[-0.8427,51.5448]]]}},{"type":"Feature","properties":{"c":"E06000042","n":"Milton Keynes"},"geometry":{"type":"Polygon","coordinates":[[[-0.5918,52.1107],[-0.669,52.0487],[-0.643,52.0372],[-0.6402,52.0241],[-0.651,52.0185],[-0.6435,52.0109],[-0.6617,51.9997],[-0.6457,51.9722],[-0.653,51.9692],[-0.7131,51.9898],[-0.7139,51.9779],[-0.7404,51.9699],[-0.762,51.9856],[-0.8037,51.9855],[-0.8198,52.0123],[-0.8713,52.0402],[-0.8524,52.0507],[-0.8627,52.0609],[-0.8396,52.0638],[-0.8313,52.072],[-0.8467,52.0915],[-0.8695,52.1],[-0.8715,52.1118],[-0.887,52.1142],[-0.8808,52.1263],[-0.8282,52.1326],[-0.832,52.1437],[-0.814,52.1425],[-0.8076,52.157],[-0.7921,52.1513],[-0.778,52.1687],[-0.7497,52.1669],[-0.7055,52.1916],[-0.6681,52.195],[-0.6274,52.1815],[-0.6307,52.155],[-0.6408,52.1528],[-0.6355,52.1393],[-0.6072,52.1339],[-0.5918,52.1107]]]}},{"type":"Feature","properties":{"c":"E06000043","n":"Brighton and Hove"},"geometry":{"type":"Polygon","coordinates":[[[-0.135,50.8867],[-0.1353,50.8781],[-0.1218,50.8734],[-0.0975,50.8779],[-0.0849,50.8731],[-0.0735,50.8412],[-0.0369,50.8412],[-0.046,50.8218],[-0.0204,50.8218],[-0.016,50.8149],[-0.0385,50.7991],[-0.0386,50.7991],[-0.0428,50.7998],[-0.0925,50.8108],[-0.0919,50.8077],[-0.1094,50.8105],[-0.109,50.8129],[-0.1917,50.8237],[-0.216,50.8276],[-0.2168,50.8276],[-0.245,50.8638],[-0.2392,50.8679],[-0.2267,50.8782],[-0.1877,50.8686],[-0.1824,50.8883],[-0.1686,50.8924],[-0.1681,50.8808],[-0.135,50.8867]]]}},{"type":"Feature","properties":{"c":"E06000044","n":"Portsmouth"},"geometry":{"type":"MultiPolygon","coordinates":[[[[-1.0442,50.8317],[-1.0442,50.7956],[-1.0442,50.7905],[-1.0338,50.7956],[-1.0314,50.7967],[-1.031,50.7955],[-1.0289,50.7894],[-1.0885,50.7777],[-1.096,50.7822],[-1.1089,50.7904],[-1.1098,50.7962],[-1.1115,50.8069],[-1.0912,50.8091],[-1.0947,50.8118],[-1.0906,50.8165],[-1.094,50.823],[-1.1002,50.8267],[-1.0845,50.8248],[-1.0758,50.837],[-1.0442,50.8317]]],[[[-1.0226,50.8521],[-1.024,50.8316],[-1.025,50.8264],[-1.0363,50.8354],[-1.078,50.8373],[-1.0887,50.8285],[-1.1063,50.8379],[-1.1027,50.8461],[-1.1139,50.8435],[-1.1158,50.8583],[-1.0541,50.8565],[-1.0226,50.8521]]]]}},{"type":"Feature","properties":{"c":"E06000045","n":"Southampton"},"geometry":{"type":"Polygon","coordinates":[[[-1.3799,50.9475],[-1.3547,50.941],[-1.3579,50.9307],[-1.3334,50.9199],[-1.322,50.901],[-1.3629,50.8787],[-1.3651,50.88],[-1.3843,50.8916],[-1.3849,50.904],[-1.3717,50.9121],[-1.3763,50.9107],[-1.388,50.9069],[-1.3933,50.883],[-1.399,50.8946],[-1.4325,50.9073],[-1.4426,50.9112],[-1.4471,50.9038],[-1.4651,50.9103],[-1.4745,50.9243],[-1.4771,50.9287],[-1.4495,50.9499],[-1.4237,50.9472],[-1.4061,50.9561],[-1.3799,50.9475]]]}},{"type":"Feature","properties":{"c":"E06000046","n":"Isle of Wight"},"geometry":{"type":"Polygon","coordinates":[[[-1.3122,50.7672],[-1.2961,50.7618],[-1.2949,50.762],[-1.283,50.73],[-1.2914,50.7626],[-1.2746,50.7654],[-1.2478,50.7519],[-1.2425,50.7385],[-1.2349,50.7433],[-1.228,50.7415],[-1.2165,50.7352],[-1.2167,50.7349],[-1.216,50.7349],[-1.2146,50.7341],[-1.1909,50.7343],[-1.1546,50.7333],[-1.1512,50.7324],[-1.1087,50.7207],[-1.0961,50.6944],[-1.1029,50.6999],[-1.1083,50.6935],[-1.086,50.6943],[-1.0702,50.6875],[-1.0985,50.665],[-1.0993,50.6649],[-1.1235,50.6637],[-1.1259,50.6628],[-1.1317,50.6623],[-1.1526,50.6529],[-1.1604,50.6494],[-1.176,50.6168],[-1.1854,50.5972],[-1.3014,50.5755],[-1.3598,50.6097],[-1.3739,50.618],[-1.389,50.6269],[-1.4357,50.6403],[-1.4481,50.6438],[-1.4816,50.665],[-1.4841,50.6666],[-1.4842,50.6666],[-1.4844,50.6668],[-1.5865,50.6631],[-1.5838,50.6642],[-1.5482,50.6783],[-1.5221,50.707],[-1.5203,50.7071],[-1.5016,50.7068],[-1.5097,50.7058],[-1.4998,50.698],[-1.4966,50.7009],[-1.5039,50.7057],[-1.4695,50.7096],[-1.4347,50.7233],[-1.4281,50.7259],[-1.417,50.7252],[-1.4118,50.7244],[-1.422,50.7246],[-1.413,50.7186],[-1.4142,50.7153],[-1.4131,50.7035],[-1.4119,50.7145],[-1.3977,50.7104],[-1.4081,50.7191],[-1.3848,50.7225],[-1.4036,50.7266],[-1.3953,50.7288],[-1.3533,50.7391],[-1.3122,50.7672]]]}},{"type":"Feature","properties":{"c":"E06000047","n":"County Durham"},"geometry":{"type":"Polygon","coordinates":[[[-1.5594,54.882],[-1.5619,54.8757],[-1.5318,54.8782],[-1.5065,54.8711],[-1.5043,54.8312],[-1.4819,54.8097],[-1.4907,54.7993],[-1.4226,54.8032],[-1.413,54.8237],[-1.4216,54.8395],[-1.3474,54.8605],[-1.3209,54.8376],[-1.3294,54.8381],[-1.302,54.7685],[-1.2809,54.7528],[-1.2413,54.7234],[-1.2519,54.7196],[-1.2703,54.7272],[-1.3054,54.7176],[-1.3013,54.7081],[-1.3194,54.6913],[-1.3445,54.6911],[-1.3309,54.6822],[-1.3479,54.6624],[-1.3413,54.6502],[-1.3808,54.6438],[-1.4125,54.6168],[-1.4509,54.6106],[-1.4384,54.5951],[-1.4517,54.5908],[-1.4689,54.6005],[-1.5268,54.5965],[-1.5586,54.5921],[-1.5528,54.5823],[-1.5763,54.5802],[-1.5934,54.5951],[-1.5842,54.6105],[-1.6062,54.6034],[-1.6068,54.6175],[-1.6824,54.6178],[-1.6793,54.586],[-1.694,54.5869],[-1.709,54.5741],[-1.7093,54.5632],[-1.6912,54.5562],[-1.7053,54.5492],[-1.6969,54.536],[-1.7213,54.5423],[-1.7331,54.5277],[-1.7797,54.5319],[-1.7761,54.5067],[-1.793,54.4845],[-1.8394,54.5084],[-1.8578,54.5035],[-1.8591,54.4819],[-1.9425,54.4534],[-1.9701,54.4515],[-1.9968,54.4669],[-2.0447,54.4752],[-2.0432,54.4836],[-2.1166,54.4623],[-2.1702,54.4582],[-2.159,54.472],[-2.1724,54.5324],[-2.1975,54.5327],[-2.2095,54.5517],[-2.3045,54.5962],[-2.3249,54.6317],[-2.288,54.6505],[-2.2929,54.6639],[-2.3273,54.6707],[-2.3518,54.6859],[-2.3557,54.6977],[-2.3257,54.7266],[-2.3121,54.791],[-2.2827,54.7983],[-2.2189,54.7824],[-2.1986,54.8067],[-2.1695,54.8036],[-2.1398,54.8419],[-2.0826,54.8382],[-2.0397,54.8482],[-2.001,54.8697],[-1.9802,54.8682],[-1.9493,54.853],[-1.9326,54.8542],[-1.9136,54.834],[-1.9137,54.8397],[-1.8701,54.8509],[-1.8544,54.8912],[-1.8206,54.9058],[-1.7945,54.9036],[-1.7816,54.9116],[-1.7687,54.9067],[-1.7361,54.9186],[-1.7249,54.9088],[-1.6985,54.909],[-1.6917,54.9026],[-1.6748,54.9096],[-1.6756,54.8981],[-1.6493,54.893],[-1.6506,54.8793],[-1.5942,54.902],[-1.5799,54.8778],[-1.5594,54.882]]]}},{"type":"Feature","properties":{"c":"E06000049","n":"Cheshire East"},"geometry":{"type":"Polygon","coordinates":[[[-2.314,53.3574],[-2.297,53.3486],[-2.3014,53.3401],[-2.2564,53.3607],[-2.2408,53.3596],[-2.1854,53.3527],[-2.181,53.344],[-2.1942,53.3387],[-2.1607,53.3272],[-2.1441,53.3429],[-2.1512,53.3481],[-2.139,53.3673],[-2.1233,53.3619],[-2.0951,53.3661],[-2.0682,53.3574],[-2.0406,53.3741],[-2.0311,53.3703],[-2.0068,53.3546],[-2.0094,53.2606],[-1.9749,53.231],[-1.9902,53.223],[-1.9874,53.2136],[-2.0017,53.193],[-2.0461,53.1928],[-2.0702,53.1717],[-2.1119,53.1686],[-2.1404,53.1838],[-2.1414,53.1566],[-2.1555,53.1597],[-2.2113,53.1158],[-2.2474,53.0899],[-2.2532,53.094],[-2.2934,53.0783],[-2.3181,53.0814],[-2.3476,53.0562],[-2.3815,53.0525],[-2.3842,53.0262],[-2.3704,53.0145],[-2.383,53.0078],[-2.3808,52.9984],[-2.4368,52.9863],[-2.4347,52.9696],[-2.4811,52.9588],[-2.5214,52.9743],[-2.5295,52.9472],[-2.5613,52.965],[-2.5864,52.9554],[-2.5977,52.963],[-2.5949,52.9796],[-2.6327,52.9967],[-2.6747,52.9857],[-2.6993,52.9954],[-2.6688,53.0387],[-2.7024,53.0543],[-2.7183,53.0442],[-2.7529,53.0692],[-2.7317,53.0918],[-2.7114,53.0936],[-2.7061,53.1185],[-2.6711,53.1159],[-2.6597,53.1307],[-2.6413,53.1284],[-2.6252,53.1508],[-2.592,53.1445],[-2.5965,53.1589],[-2.5836,53.1555],[-2.5724,53.1635],[-2.5429,53.1498],[-2.4997,53.1642],[-2.4689,53.1527],[-2.4438,53.1599],[-2.4435,53.1708],[-2.4574,53.1767],[-2.4566,53.2026],[-2.4307,53.198],[-2.4064,53.1741],[-2.3921,53.1799],[-2.3783,53.172],[-2.3687,53.1829],[-2.3726,53.1956],[-2.4102,53.2057],[-2.4142,53.2193],[-2.4012,53.2218],[-2.3963,53.2344],[-2.3638,53.2236],[-2.3491,53.249],[-2.3647,53.2487],[-2.3941,53.2668],[-2.4145,53.2683],[-2.4275,53.2612],[-2.4532,53.2846],[-2.498,53.2899],[-2.5123,53.3213],[-2.494,53.3433],[-2.5184,53.3424],[-2.521,53.3479],[-2.4869,53.3679],[-2.4399,53.3667],[-2.4266,53.3875],[-2.3696,53.3636],[-2.34,53.3674],[-2.314,53.3574]]]}},{"type":"Feature","properties":{"c":"E06000050","n":"Cheshire West and Chester"},"geometry":{"type":"Polygon","coordinates":[[[-2.6993,52.9954],[-2.7268,52.9833],[-2.7599,52.9864],[-2.7683,52.9949],[-2.8033,52.9896],[-2.836,52.9972],[-2.8441,53.0177],[-2.861,53.0228],[-2.8557,53.0373],[-2.8701,53.0454],[-2.8592,53.0543],[-2.8726,53.0586],[-2.8615,53.0607],[-2.8816,53.0744],[-2.8757,53.0815],[-2.9021,53.092],[-2.8811,53.1216],[-2.9102,53.1126],[-2.9638,53.1328],[-2.9795,53.1506],[-2.9951,53.1542],[-2.9278,53.1714],[-2.9223,53.1893],[-2.9984,53.2359],[-3.036,53.2518],[-3.086,53.2568],[-3.0861,53.2568],[-3.1074,53.2718],[-3.1072,53.272],[-3.0888,53.268],[-3.0855,53.2723],[-3.1101,53.2768],[-3.0775,53.2796],[-3.1081,53.2783],[-3.1029,53.2805],[-3.0986,53.2799],[-3.0892,53.2861],[-3.1023,53.2807],[-3.1074,53.2819],[-3.097,53.2893],[-3.1096,53.2826],[-3.1203,53.2886],[-3.1052,53.2916],[-3.123,53.2893],[-3.1139,53.2944],[-3.0963,53.294],[-3.109,53.297],[-3.0742,53.3164],[-3.0261,53.2977],[-2.9927,53.3071],[-2.968,53.3013],[-2.9396,53.3104],[-2.9317,53.306],[-2.9288,53.3084],[-2.9286,53.3082],[-2.9017,53.2954],[-2.8895,53.2896],[-2.9005,53.297],[-2.8556,53.292],[-2.8573,53.2869],[-2.8396,53.2987],[-2.8464,53.3069],[-2.816,53.3062],[-2.7888,53.2954],[-2.7528,53.3146],[-2.7524,53.3148],[-2.7525,53.3148],[-2.7389,53.3068],[-2.7236,53.3131],[-2.7008,53.3058],[-2.6852,53.3155],[-2.6416,53.305],[-2.6451,53.3101],[-2.6241,53.3094],[-2.62,53.3203],[-2.6091,53.3121],[-2.5952,53.3225],[-2.5863,53.3294],[-2.5619,53.3233],[-2.5184,53.3424],[-2.494,53.3433],[-2.5123,53.3213],[-2.498,53.2899],[-2.4532,53.2846],[-2.4275,53.2612],[-2.4145,53.2683],[-2.3941,53.2668],[-2.3647,53.2487],[-2.3491,53.249],[-2.3638,53.2236],[-2.3963,53.2344],[-2.4012,53.2218],[-2.4142,53.2193],[-2.4102,53.2057],[-2.3726,53.1956],[-2.3687,53.1829],[-2.3783,53.172],[-2.3921,53.1799],[-2.4064,53.1741],[-2.4307,53.198],[-2.4566,53.2026],[-2.4574,53.1767],[-2.4435,53.1708],[-2.4438,53.1599],[-2.4689,53.1527],[-2.4997,53.1642],[-2.5429,53.1498],[-2.5724,53.1635],[-2.5836,53.1555],[-2.5965,53.1589],[-2.592,53.1445],[-2.6252,53.1508],[-2.6413,53.1284],[-2.6597,53.1307],[-2.6711,53.1159],[-2.7061,53.1185],[-2.7114,53.0936],[-2.7317,53.0918],[-2.7529,53.0692],[-2.7183,53.0442],[-2.7024,53.0543],[-2.6688,53.0387],[-2.6993,52.9954]]]}},{"type":"Feature","properties":{"c":"E06000051","n":"Shropshire"},"geometry":{"type":"Polygon","coordinates":[[[-2.3789,52.8917],[-2.3938,52.8366],[-2.4163,52.827],[-2.4729,52.8208],[-2.4563,52.7842],[-2.4728,52.7804],[-2.4897,52.783],[-2.4771,52.7994],[-2.4865,52.8052],[-2.5029,52.7966],[-2.5219,52.7989],[-2.5375,52.7851],[-2.5337,52.794],[-2.5518,52.8025],[-2.5828,52.8056],[-2.5981,52.798],[-2.5923,52.7768],[-2.621,52.7765],[-2.6323,52.7596],[-2.6431,52.7671],[-2.6635,52.7604],[-2.6602,52.7317],[-2.5974,52.7183],[-2.6226,52.699],[-2.5556,52.6711],[-2.5484,52.6546],[-2.5018,52.629],[-2.4381,52.6146],[-2.4366,52.6271],[-2.4183,52.6338],[-2.419,52.6629],[-2.3765,52.7396],[-2.3578,52.7312],[-2.3156,52.7329],[-2.3086,52.7207],[-2.3248,52.7053],[-2.3199,52.6954],[-2.303,52.683],[-2.2477,52.683],[-2.2387,52.6637],[-2.2477,52.6567],[-2.2347,52.6559],[-2.2329,52.6477],[-2.2562,52.6098],[-2.2816,52.6059],[-2.3238,52.613],[-2.322,52.5936],[-2.3003,52.593],[-2.2619,52.5691],[-2.2825,52.5534],[-2.2564,52.5417],[-2.2692,52.5307],[-2.2609,52.5241],[-2.2914,52.5117],[-2.3127,52.4892],[-2.2874,52.4553],[-2.3118,52.4375],[-2.3635,52.4394],[-2.373,52.4019],[-2.3356,52.3853],[-2.3674,52.3881],[-2.3907,52.3815],[-2.4105,52.3872],[-2.4147,52.3682],[-2.4747,52.3672],[-2.4884,52.3554],[-2.4818,52.3311],[-2.5132,52.3292],[-2.5121,52.3371],[-2.5391,52.3441],[-2.5622,52.3331],[-2.5626,52.3111],[-2.5747,52.3176],[-2.6181,52.3069],[-2.6239,52.3214],[-2.6651,52.3423],[-2.6891,52.3166],[-2.6798,52.312],[-2.7142,52.3088],[-2.767,52.3362],[-2.7484,52.3349],[-2.7327,52.3555],[-2.7924,52.3569],[-2.7925,52.3753],[-2.8073,52.3759],[-2.8054,52.3883],[-2.8182,52.3912],[-2.855,52.3955],[-2.8884,52.3852],[-2.8931,52.3741],[-2.9177,52.3863],[-2.9223,52.3751],[-2.9008,52.3673],[-2.9261,52.367],[-2.9389,52.3611],[-2.9331,52.3501],[-2.9547,52.3492],[-2.9745,52.3547],[-3.0402,52.3443],[-3.0607,52.3482],[-3.1106,52.3772],[-3.1544,52.3877],[-3.1789,52.4094],[-3.2195,52.4212],[-3.2356,52.4425],[-3.1972,52.476],[-3.1802,52.4739],[-3.111,52.4989],[-3.0292,52.5013],[-3.0324,52.5237],[-3.0039,52.5198],[-2.9942,52.5529],[-3.0142,52.5755],[-3.0873,52.5513],[-3.0854,52.5345],[-3.1331,52.5275],[-3.137,52.534],[-3.1115,52.5414],[-3.1395,52.5857],[-3.1174,52.5858],[-3.0896,52.5995],[-3.0936,52.6093],[-3.0732,52.629],[-3.0598,52.6307],[-3.0836,52.6413],[-3.0511,52.6474],[-3.0386,52.6754],[-3.047,52.6913],[-3.0225,52.7067],[-3.0204,52.7251],[-3.0006,52.7203],[-2.9776,52.7266],[-2.9781,52.7154],[-2.9611,52.7165],[-2.9651,52.7323],[-2.9913,52.7338],[-2.992,52.7438],[-3.0218,52.7519],[-3.0108,52.7585],[-3.0171,52.7676],[-3.0354,52.764],[-3.039,52.7704],[-3.0525,52.7686],[-3.0478,52.7726],[-3.0795,52.7715],[-3.0917,52.7867],[-3.0866,52.7956],[-3.1183,52.7836],[-3.1609,52.7957],[-3.1532,52.8064],[-3.1682,52.8073],[-3.1679,52.8193],[-3.1513,52.8426],[-3.163,52.8475],[-3.1277,52.8671],[-3.1524,52.8787],[-3.1355,52.885],[-3.1475,52.8902],[-3.1142,52.894],[-3.096,52.9303],[-3.0765,52.9255],[-3.0351,52.9295],[-3.0096,52.9562],[-2.982,52.9592],[-2.975,52.969],[-2.9598,52.9512],[-2.9289,52.9387],[-2.8874,52.9525],[-2.8835,52.9466],[-2.841,52.9426],[-2.7988,52.8958],[-2.7553,52.9246],[-2.7284,52.9253],[-2.7242,52.9571],[-2.7353,52.9699],[-2.7268,52.9833],[-2.6993,52.9954],[-2.6747,52.9857],[-2.6327,52.9967],[-2.5949,52.9796],[-2.5977,52.963],[-2.5864,52.9554],[-2.5613,52.965],[-2.5295,52.9472],[-2.5214,52.9743],[-2.4811,52.9588],[-2.4347,52.9696],[-2.4368,52.9863],[-2.3808,52.9984],[-2.3687,52.9794],[-2.3797,52.9761],[-2.3862,52.9532],[-2.4129,52.9618],[-2.4055,52.9473],[-2.4252,52.95],[-2.4367,52.9439],[-2.4708,52.9059],[-2.4461,52.874],[-2.4404,52.8812],[-2.3789,52.8917]]]}},{"type":"Feature","properties":{"c":"E06000052","n":"Cornwall"},"geometry":{"type":"Polygon","coordinates":[[[-5.0271,50.2155],[-5.0241,50.2225],[-5.006,50.2276],[-5.0144,50.2271],[-5.0216,50.2447],[-5.0168,50.2263],[-5.0292,50.2228],[-5.0293,50.2158],[-5.0313,50.2107],[-5.039,50.2127],[-5.0431,50.2043],[-5.0481,50.209],[-5.0439,50.2033],[-5.059,50.1932],[-5.0634,50.1962],[-5.0544,50.1803],[-5.0773,50.1842],[-5.0512,50.1771],[-5.0477,50.1716],[-5.0529,50.1635],[-5.0545,50.1624],[-5.0716,50.165],[-5.0775,50.1668],[-5.0766,50.1658],[-5.082,50.1666],[-5.1023,50.1697],[-5.0816,50.1601],[-5.0635,50.1516],[-5.05,50.1556],[-5.0493,50.1558],[-5.042,50.1439],[-5.044,50.1446],[-5.0551,50.1483],[-5.0765,50.1405],[-5.0731,50.1342],[-5.0797,50.1316],[-5.0937,50.1261],[-5.0818,50.1094],[-5.0948,50.1023],[-5.1219,50.1],[-5.1347,50.1001],[-5.1375,50.103],[-5.1303,50.1102],[-5.1379,50.1117],[-5.1405,50.106],[-5.1406,50.1062],[-5.1453,50.0987],[-5.1605,50.097],[-5.1636,50.1004],[-5.1649,50.1126],[-5.1691,50.0998],[-5.1636,50.0964],[-5.1635,50.0959],[-5.1628,50.0959],[-5.1595,50.094],[-5.1723,50.091],[-5.1544,50.0927],[-5.1476,50.0853],[-5.1506,50.0931],[-5.1389,50.0943],[-5.1357,50.0914],[-5.1074,50.0941],[-5.1,50.092],[-5.0948,50.0891],[-5.1041,50.0867],[-5.0993,50.0866],[-5.1179,50.0823],[-5.0768,50.0855],[-5.076,50.0856],[-5.0766,50.0828],[-5.0796,50.0688],[-5.0757,50.0684],[-5.0677,50.0676],[-5.0578,50.0528],[-5.0661,50.0396],[-5.0688,50.0351],[-5.0735,50.0337],[-5.0968,50.0264],[-5.0912,50.0157],[-5.1013,50.0042],[-5.1226,50.0092],[-5.1666,50.0038],[-5.1888,49.9739],[-5.1859,49.963],[-5.2101,49.9602],[-5.2191,49.97],[-5.2195,49.9714],[-5.2327,49.9735],[-5.2457,49.9762],[-5.244,49.9841],[-5.2452,49.9851],[-5.2451,49.9854],[-5.2581,49.9959],[-5.2684,50.0046],[-5.267,50.0067],[-5.2559,50.0216],[-5.2566,50.023],[-5.2565,50.0232],[-5.2568,50.0234],[-5.2618,50.0342],[-5.2618,50.0343],[-5.28,50.0419],[-5.2794,50.0564],[-5.3163,50.0852],[-5.3391,50.092],[-5.3436,50.0914],[-5.3463,50.0922],[-5.3623,50.0891],[-5.3632,50.089],[-5.3918,50.1035],[-5.4294,50.0969],[-5.4292,50.1055],[-5.4348,50.1077],[-5.4634,50.1227],[-5.4671,50.1208],[-5.4839,50.1276],[-5.5301,50.1237],[-5.531,50.1143],[-5.5494,50.1065],[-5.5484,50.1054],[-5.5488,50.1053],[-5.5397,50.0957],[-5.5333,50.0885],[-5.5422,50.0706],[-5.5772,50.0518],[-5.5857,50.0516],[-5.6191,50.0512],[-5.6328,50.0423],[-5.6356,50.0405],[-5.6363,50.04],[-5.6484,50.0438],[-5.6536,50.0419],[-5.6767,50.0357],[-5.6809,50.0368],[-5.6903,50.0494],[-5.6926,50.054],[-5.6946,50.0545],[-5.7131,50.0623],[-5.7141,50.0639],[-5.6925,50.0873],[-5.6886,50.0903],[-5.7102,50.1274],[-5.6731,50.1662],[-5.6423,50.1673],[-5.6291,50.1677],[-5.6276,50.169],[-5.626,50.1691],[-5.6021,50.1921],[-5.6007,50.1933],[-5.6001,50.1931],[-5.5909,50.1887],[-5.5592,50.2054],[-5.5388,50.2162],[-5.5366,50.2164],[-5.4816,50.2192],[-5.4773,50.219],[-5.4724,50.2092],[-5.472,50.2081],[-5.4692,50.1999],[-5.4368,50.1935],[-5.4337,50.1937],[-5.4135,50.2098],[-5.3936,50.2256],[-5.3953,50.2405],[-5.3781,50.2441],[-5.3684,50.2362],[-5.367,50.2364],[-5.3248,50.2443],[-5.3038,50.2617],[-5.2892,50.261],[-5.2814,50.2707],[-5.2513,50.2826],[-5.2506,50.2843],[-5.2437,50.2869],[-5.2371,50.313],[-5.2345,50.3183],[-5.2006,50.3201],[-5.1815,50.3403],[-5.1538,50.3461],[-5.1465,50.3753],[-5.1531,50.3838],[-5.1518,50.3893],[-5.1436,50.3889],[-5.1454,50.3973],[-5.1472,50.4053],[-5.1459,50.4057],[-5.1096,50.4128],[-5.1024,50.4131],[-5.0998,50.4256],[-5.0964,50.4244],[-5.0775,50.4158],[-5.0548,50.4257],[-5.0438,50.4422],[-5.0426,50.4621],[-5.0421,50.4643],[-5.0319,50.4676],[-5.0397,50.474],[-5.036,50.4888],[-5.0348,50.4937],[-5.0468,50.4978],[-5.024,50.5087],[-5.0284,50.5177],[-5.0269,50.524],[-5.0226,50.5265],[-5.0365,50.5496],[-5.0359,50.5495],[-4.9839,50.5422],[-4.9721,50.5578],[-4.9451,50.5691],[-4.9496,50.5566],[-4.9351,50.549],[-4.9309,50.53],[-4.9247,50.5312],[-4.9264,50.5453],[-4.9314,50.5648],[-4.9158,50.5759],[-4.9282,50.5829],[-4.9354,50.5869],[-4.9214,50.5932],[-4.9155,50.5915],[-4.9083,50.5845],[-4.8989,50.5836],[-4.8852,50.5823],[-4.8806,50.5841],[-4.8675,50.589],[-4.87,50.5954],[-4.8699,50.5954],[-4.8382,50.5944],[-4.8324,50.5921],[-4.8271,50.593],[-4.7962,50.5981],[-4.7917,50.6024],[-4.7906,50.6026],[-4.7895,50.6044],[-4.7704,50.6224],[-4.7587,50.6528],[-4.7606,50.6533],[-4.7645,50.6696],[-4.7645,50.6698],[-4.7433,50.6764],[-4.7411,50.6759],[-4.7351,50.6715],[-4.7331,50.6743],[-4.7298,50.6736],[-4.7261,50.6841],[-4.6802,50.696],[-4.681,50.7027],[-4.6807,50.7046],[-4.6546,50.7163],[-4.6539,50.7398],[-4.6392,50.7404],[-4.6388,50.7407],[-4.6345,50.741],[-4.6346,50.7446],[-4.6247,50.7535],[-4.5855,50.7709],[-4.5619,50.7813],[-4.5587,50.8288],[-4.5573,50.8289],[-4.5467,50.83],[-4.5561,50.8369],[-4.5584,50.8477],[-4.5599,50.8551],[-4.5593,50.8657],[-4.5668,50.8887],[-4.5699,50.9037],[-4.5619,50.912],[-4.5461,50.9284],[-4.546,50.9288],[-4.4561,50.9289],[-4.4627,50.9135],[-4.421,50.8661],[-4.4337,50.8655],[-4.4422,50.8469],[-4.4468,50.8082],[-4.4935,50.7929],[-4.4513,50.7857],[-4.4239,50.7645],[-4.4087,50.7624],[-4.4144,50.7744],[-4.3936,50.7782],[-4.381,50.7706],[-4.385,50.7478],[-4.3616,50.7188],[-4.3693,50.7023],[-4.3489,50.6895],[-4.3352,50.6465],[-4.3256,50.6377],[-4.3003,50.6339],[-4.3116,50.5861],[-4.3069,50.5786],[-4.2913,50.5839],[-4.2861,50.5749],[-4.286,50.5847],[-4.2711,50.5822],[-4.2795,50.5692],[-4.2593,50.5458],[-4.2715,50.5366],[-4.2479,50.5439],[-4.2323,50.531],[-4.2073,50.5336],[-4.2028,50.5032],[-4.1858,50.5084],[-4.1807,50.5037],[-4.1994,50.4924],[-4.2209,50.4981],[-4.2181,50.4759],[-4.2386,50.464],[-4.2296,50.4558],[-4.2151,50.4666],[-4.2007,50.4364],[-4.2223,50.4262],[-4.2383,50.439],[-4.2239,50.422],[-4.2099,50.4254],[-4.2104,50.4188],[-4.2115,50.4047],[-4.2268,50.3935],[-4.2273,50.3933],[-4.233,50.3936],[-4.2308,50.3905],[-4.2309,50.3905],[-4.2308,50.3905],[-4.2308,50.3904],[-4.2022,50.3884],[-4.2095,50.3857],[-4.1948,50.3719],[-4.2092,50.3689],[-4.2089,50.3687],[-4.2092,50.3687],[-4.2083,50.3682],[-4.1971,50.3596],[-4.2076,50.3469],[-4.1724,50.3587],[-4.1716,50.3574],[-4.1705,50.3458],[-4.1999,50.3333],[-4.2013,50.3329],[-4.1884,50.3177],[-4.1895,50.3175],[-4.2104,50.3182],[-4.2212,50.312],[-4.2227,50.3117],[-4.2233,50.3137],[-4.2195,50.3246],[-4.2292,50.3335],[-4.2499,50.3408],[-4.3082,50.3614],[-4.4102,50.3641],[-4.4366,50.361],[-4.4511,50.3509],[-4.4506,50.3482],[-4.4727,50.3332],[-4.4975,50.3374],[-4.498,50.3366],[-4.5383,50.3238],[-4.539,50.3237],[-4.5785,50.3326],[-4.5984,50.3239],[-4.6067,50.329],[-4.633,50.3244],[-4.6385,50.3299],[-4.6338,50.3311],[-4.6179,50.3353],[-4.6182,50.3354],[-4.6088,50.3379],[-4.6206,50.336],[-4.6311,50.339],[-4.6421,50.3321],[-4.6676,50.3231],[-4.6725,50.3139],[-4.6848,50.3201],[-4.6849,50.3207],[-4.6824,50.338],[-4.6881,50.3397],[-4.6895,50.348],[-4.7556,50.3314],[-4.7565,50.3312],[-4.7568,50.3311],[-4.7669,50.3208],[-4.766,50.3195],[-4.7661,50.3194],[-4.7526,50.2985],[-4.7641,50.3004],[-4.7812,50.2901],[-4.787,50.2695],[-4.7857,50.2618],[-4.767,50.2566],[-4.7855,50.2456],[-4.781,50.2375],[-4.7842,50.236],[-4.7983,50.2302],[-4.7984,50.2263],[-4.7985,50.2195],[-4.8052,50.2235],[-4.8095,50.226],[-4.8189,50.2316],[-4.8625,50.236],[-4.8787,50.2243],[-4.903,50.2068],[-4.917,50.1972],[-4.9337,50.2071],[-4.9559,50.2029],[-4.9736,50.1856],[-4.982,50.1518],[-5.0096,50.1393],[-5.0097,50.1394],[-5.0178,50.1491],[-5.0041,50.1506],[-4.9996,50.16],[-4.9958,50.1622],[-4.9988,50.1616],[-4.9988,50.1617],[-4.999,50.1616],[-5.024,50.1562],[-5.0144,50.1905],[-5.0256,50.1822],[-5.0348,50.2039],[-5.0268,50.204],[-5.0284,50.2099],[-5.0285,50.2099],[-5.0275,50.2105],[-5.0271,50.2155]]]}},{"type":"Feature","properties":{"c":"E06000054","n":"Wiltshire"},"geometry":{"type":"Polygon","coordinates":[[[-1.7886,51.667],[-1.7992,51.6625],[-1.7886,51.6327],[-1.8279,51.6253],[-1.8423,51.6125],[-1.8318,51.5967],[-1.8376,51.5872],[-1.8237,51.5822],[-1.8431,51.5787],[-1.8451,51.5617],[-1.8601,51.5652],[-1.8651,51.5596],[-1.8492,51.5533],[-1.8539,51.5462],[-1.8301,51.5154],[-1.837,51.5109],[-1.8467,51.5244],[-1.8376,51.5008],[-1.8135,51.507],[-1.7978,51.4844],[-1.7743,51.4825],[-1.7157,51.4884],[-1.7191,51.5007],[-1.6028,51.5183],[-1.5847,51.5249],[-1.5824,51.4943],[-1.524,51.4475],[-1.5265,51.424],[-1.5651,51.422],[-1.571,51.4153],[-1.5529,51.41],[-1.5556,51.3955],[-1.4954,51.3697],[-1.5006,51.3563],[-1.4856,51.3477],[-1.4983,51.3294],[-1.5275,51.3384],[-1.5336,51.3162],[-1.5194,51.296],[-1.5228,51.2871],[-1.5426,51.2812],[-1.5406,51.2608],[-1.5298,51.2608],[-1.536,51.2485],[-1.5458,51.2453],[-1.5776,51.2556],[-1.6076,51.2528],[-1.6336,51.2176],[-1.6897,51.2148],[-1.6941,51.204],[-1.6688,51.1908],[-1.6723,51.1785],[-1.654,51.1563],[-1.663,51.1272],[-1.6263,51.1173],[-1.6373,51.0922],[-1.6278,51.0782],[-1.6349,51.0404],[-1.6324,51.0328],[-1.5994,51.0237],[-1.5974,51.0097],[-1.6289,50.999],[-1.6197,50.983],[-1.6029,50.9785],[-1.6198,50.9586],[-1.635,50.9592],[-1.6617,50.9453],[-1.7196,50.9768],[-1.7544,50.9779],[-1.8003,50.9914],[-1.8154,50.9859],[-1.8358,51.0095],[-1.8534,51.0047],[-1.8739,50.9845],[-1.8745,51.0063],[-1.8867,50.9995],[-1.9279,50.9977],[-1.9499,50.9823],[-1.9568,50.9898],[-1.9853,50.9847],[-1.9938,50.9758],[-2.0366,50.9722],[-2.0683,50.9512],[-2.1018,50.945],[-2.1207,50.9615],[-2.1198,50.9782],[-2.1726,51.0011],[-2.1933,51.0378],[-2.242,51.071],[-2.2686,51.0687],[-2.3259,51.0797],[-2.3609,51.099],[-2.3645,51.1189],[-2.3445,51.1247],[-2.3459,51.1334],[-2.2985,51.1753],[-2.2453,51.2539],[-2.2535,51.2898],[-2.2653,51.2962],[-2.2807,51.2935],[-2.2851,51.3095],[-2.272,51.3143],[-2.2731,51.3229],[-2.2891,51.3253],[-2.3009,51.3332],[-2.2964,51.3427],[-2.3443,51.3456],[-2.292,51.3696],[-2.2967,51.3948],[-2.2819,51.3972],[-2.2908,51.4057],[-2.2785,51.4158],[-2.2946,51.4288],[-2.2851,51.4579],[-2.2957,51.4586],[-2.2905,51.4867],[-2.3115,51.4873],[-2.3243,51.4975],[-2.2524,51.5269],[-2.2665,51.5363],[-2.2603,51.5699],[-2.2726,51.5776],[-2.2451,51.5814],[-2.2419,51.5921],[-2.2077,51.6034],[-2.2067,51.5959],[-2.19,51.5925],[-2.1795,51.6],[-2.1526,51.5903],[-2.0572,51.6724],[-2.0151,51.6504],[-1.9953,51.6514],[-1.9772,51.6379],[-1.9507,51.637],[-1.963,51.6587],[-1.9421,51.6704],[-1.9209,51.6572],[-1.8766,51.6515],[-1.899,51.6797],[-1.8739,51.6826],[-1.8506,51.6563],[-1.8159,51.663],[-1.8233,51.6735],[-1.8119,51.7031],[-1.7886,51.667]]]}},{"type":"Feature","properties":{"c":"E06000055","n":"Bedford"},"geometry":{"type":"Polygon","coordinates":[[[-0.2498,52.1844],[-0.2891,52.1909],[-0.306,52.1656],[-0.3216,52.1688],[-0.3462,52.146],[-0.3611,52.1442],[-0.3448,52.116],[-0.3813,52.0935],[-0.3849,52.0755],[-0.4031,52.0692],[-0.4404,52.0634],[-0.4715,52.088],[-0.4997,52.0756],[-0.5085,52.0545],[-0.541,52.0816],[-0.5892,52.0975],[-0.5832,52.1046],[-0.5918,52.1107],[-0.6072,52.1339],[-0.6355,52.1393],[-0.6408,52.1528],[-0.6307,52.155],[-0.6274,52.1815],[-0.6681,52.195],[-0.6373,52.2273],[-0.6537,52.2683],[-0.6033,52.2788],[-0.5657,52.2535],[-0.542,52.2561],[-0.5312,52.2704],[-0.542,52.2899],[-0.5141,52.3147],[-0.5198,52.3177],[-0.4654,52.323],[-0.4361,52.3145],[-0.4358,52.2967],[-0.4218,52.2849],[-0.375,52.2805],[-0.3722,52.2735],[-0.3823,52.2711],[-0.3744,52.233],[-0.341,52.2306],[-0.3435,52.2419],[-0.3352,52.2429],[-0.2932,52.2405],[-0.2856,52.2373],[-0.2963,52.2105],[-0.2618,52.2099],[-0.2407,52.1902],[-0.2498,52.1844]]]}},{"type":"Feature","properties":{"c":"E06000056","n":"Central Bedfordshire"},"geometry":{"type":"Polygon","coordinates":[[[-0.2498,52.1844],[-0.2607,52.1764],[-0.2167,52.1588],[-0.2348,52.1447],[-0.1715,52.1395],[-0.1544,52.1444],[-0.1445,52.1382],[-0.1576,52.0804],[-0.1725,52.0602],[-0.195,52.0624],[-0.2195,52.0367],[-0.2013,52.0098],[-0.2441,51.999],[-0.248,51.9851],[-0.2707,51.9796],[-0.2824,52.0016],[-0.2961,52.0022],[-0.3122,51.9819],[-0.3673,51.9837],[-0.3493,51.9712],[-0.3502,51.9576],[-0.3741,51.9478],[-0.383,51.9518],[-0.3796,51.978],[-0.3914,51.977],[-0.4056,51.9325],[-0.3856,51.9157],[-0.4191,51.9123],[-0.4217,51.9257],[-0.4361,51.9277],[-0.4857,51.9227],[-0.4823,51.9078],[-0.5059,51.9006],[-0.4553,51.8823],[-0.4228,51.8546],[-0.3959,51.8706],[-0.3698,51.8681],[-0.3548,51.874],[-0.3395,51.8496],[-0.3633,51.8421],[-0.3734,51.8292],[-0.4049,51.8406],[-0.4215,51.8502],[-0.4475,51.8476],[-0.4704,51.8557],[-0.4783,51.8531],[-0.4712,51.8455],[-0.5018,51.8368],[-0.5112,51.8259],[-0.5023,51.8155],[-0.5197,51.8051],[-0.5536,51.8268],[-0.5437,51.8246],[-0.5376,51.8315],[-0.5836,51.8703],[-0.6201,51.8855],[-0.652,51.8869],[-0.673,51.9018],[-0.6933,51.9003],[-0.7022,51.9091],[-0.653,51.9692],[-0.6457,51.9722],[-0.6617,51.9997],[-0.6435,52.0109],[-0.651,52.0185],[-0.6402,52.0241],[-0.643,52.0372],[-0.669,52.0487],[-0.5918,52.1107],[-0.5832,52.1046],[-0.5892,52.0975],[-0.541,52.0816],[-0.5085,52.0545],[-0.4997,52.0756],[-0.4715,52.088],[-0.4404,52.0634],[-0.4031,52.0692],[-0.3849,52.0755],[-0.3813,52.0935],[-0.3448,52.116],[-0.3611,52.1442],[-0.3462,52.146],[-0.3216,52.1688],[-0.306,52.1656],[-0.2891,52.1909],[-0.2498,52.1844]]]}},{"type":"Feature","properties":{"c":"E06000057","n":"Northumberland"},"geometry":{"type":"MultiPolygon","coordinates":[[[[-1.7791,55.6857],[-1.7787,55.6676],[-1.8029,55.6683],[-1.8155,55.6822],[-1.8548,55.6804],[-1.8511,55.6885],[-1.8006,55.6895],[-1.7791,55.6857]]],[[[-1.9879,55.7683],[-1.9872,55.7649],[-2.0016,55.7654],[-2.0042,55.7655],[-2.0016,55.7636],[-1.9381,55.7199],[-1.9303,55.7174],[-1.9117,55.7077],[-1.8878,55.704],[-1.8706,55.6986],[-1.8742,55.6839],[-1.8856,55.6848],[-1.8732,55.6828],[-1.8716,55.6661],[-1.8551,55.6534],[-1.8415,55.643],[-1.8084,55.6344],[-1.7902,55.6505],[-1.7918,55.6534],[-1.795,55.6592],[-1.7882,55.6567],[-1.7891,55.6533],[-1.7908,55.6473],[-1.7545,55.6234],[-1.7558,55.6183],[-1.7858,55.6171],[-1.7704,55.6034],[-1.7454,55.619],[-1.7226,55.6168],[-1.6842,55.599],[-1.6671,55.5911],[-1.662,55.5869],[-1.6503,55.5834],[-1.6396,55.5784],[-1.6522,55.5714],[-1.6456,55.5741],[-1.642,55.5713],[-1.6421,55.5711],[-1.6394,55.5691],[-1.6188,55.5522],[-1.6189,55.5522],[-1.6315,55.5483],[-1.6315,55.5442],[-1.642,55.5376],[-1.6107,55.5218],[-1.611,55.5178],[-1.6162,55.5129],[-1.6115,55.5128],[-1.6125,55.5015],[-1.6135,55.5003],[-1.6126,55.4999],[-1.6129,55.4968],[-1.5912,55.4924],[-1.592,55.4731],[-1.5934,55.4403],[-1.5905,55.4389],[-1.5905,55.4378],[-1.5756,55.4305],[-1.5783,55.4169],[-1.5783,55.4168],[-1.5803,55.4068],[-1.6117,55.385],[-1.6089,55.384],[-1.6022,55.3703],[-1.6022,55.3697],[-1.6014,55.3686],[-1.5917,55.3486],[-1.5866,55.336],[-1.5729,55.3386],[-1.5644,55.3339],[-1.5493,55.322],[-1.5685,55.2934],[-1.5704,55.2905],[-1.569,55.2717],[-1.5642,55.2657],[-1.5641,55.2655],[-1.5636,55.265],[-1.5223,55.2142],[-1.5222,55.2098],[-1.5148,55.2049],[-1.4991,55.1856],[-1.5058,55.1844],[-1.5118,55.1836],[-1.5252,55.1626],[-1.5403,55.1616],[-1.5261,55.16],[-1.4867,55.1165],[-1.5004,55.1279],[-1.5219,55.1436],[-1.52,55.1388],[-1.5333,55.1391],[-1.559,55.1467],[-1.5339,55.1376],[-1.5688,55.1309],[-1.5277,55.1372],[-1.5059,55.1298],[-1.4988,55.1245],[-1.4945,55.1148],[-1.4967,55.1144],[-1.4931,55.1028],[-1.4867,55.0972],[-1.4784,55.0787],[-1.4722,55.0845],[-1.4653,55.0785],[-1.4618,55.0744],[-1.4923,55.0661],[-1.4878,55.0536],[-1.5087,55.048],[-1.5103,55.0551],[-1.5324,55.0541],[-1.5399,55.0616],[-1.5571,55.0541],[-1.5751,55.0556],[-1.5785,55.0631],[-1.6379,55.0648],[-1.6477,55.0794],[-1.7138,55.0655],[-1.695,55.043],[-1.7502,55.024],[-1.7566,55.0033],[-1.7738,55.0041],[-1.7695,54.9809],[-1.7885,54.9843],[-1.8128,54.9763],[-1.8336,54.9533],[-1.8269,54.9303],[-1.8411,54.9297],[-1.8527,54.9174],[-1.8206,54.9058],[-1.8544,54.8912],[-1.8701,54.8509],[-1.9137,54.8397],[-1.9136,54.834],[-1.9326,54.8542],[-1.9493,54.853],[-1.9802,54.8682],[-2.001,54.8697],[-2.0397,54.8482],[-2.0826,54.8382],[-2.1398,54.8419],[-2.1695,54.8036],[-2.1986,54.8067],[-2.2189,54.7824],[-2.2827,54.7983],[-2.3121,54.791],[-2.3274,54.8053],[-2.3484,54.8071],[-2.39,54.8322],[-2.4117,54.8565],[-2.4228,54.8428],[-2.4606,54.8342],[-2.4954,54.8103],[-2.5235,54.806],[-2.5583,54.8167],[-2.5827,54.8459],[-2.5734,54.8535],[-2.6054,54.8844],[-2.5764,54.8967],[-2.5662,54.9192],[-2.5453,54.9292],[-2.5676,54.9409],[-2.5685,54.9584],[-2.5956,54.9635],[-2.6014,54.9713],[-2.5733,54.9876],[-2.5729,55.0164],[-2.483,55.04],[-2.504,55.0624],[-2.4861,55.0824],[-2.5026,55.0908],[-2.5621,55.0835],[-2.5684,55.0963],[-2.5935,55.1051],[-2.5989,55.1246],[-2.6569,55.1361],[-2.6773,55.1555],[-2.6746,55.1759],[-2.6898,55.189],[-2.6668,55.2216],[-2.6314,55.2237],[-2.6302,55.2448],[-2.6115,55.2471],[-2.6468,55.26],[-2.6267,55.2622],[-2.6092,55.2832],[-2.5734,55.2969],[-2.559,55.3179],[-2.5203,55.323],[-2.4754,55.3547],[-2.415,55.3589],[-2.3992,55.3482],[-2.3789,55.3492],[-2.3375,55.3672],[-2.3462,55.3731],[-2.33,55.3812],[-2.3449,55.3993],[-2.3356,55.4082],[-2.3133,55.4068],[-2.2606,55.4329],[-2.2313,55.4284],[-2.1949,55.4446],[-2.1881,55.4621],[-2.1655,55.4684],[-2.2013,55.4753],[-2.2026,55.4895],[-2.2288,55.5095],[-2.2403,55.5556],[-2.2888,55.5803],[-2.2892,55.6038],[-2.3161,55.6205],[-2.3086,55.6289],[-2.3243,55.6262],[-2.336,55.6325],[-2.3058,55.647],[-2.2344,55.641],[-2.2483,55.6521],[-2.2185,55.6643],[-2.2187,55.6759],[-2.1672,55.706],[-2.1767,55.7187],[-2.1506,55.7232],[-2.1443,55.7393],[-2.1176,55.7388],[-2.1076,55.7599],[-2.0856,55.762],[-2.0861,55.793],[-2.0345,55.8112],[-2.0344,55.8111],[-2.0016,55.7809],[-1.9879,55.7683]]]]}},{"type":"Feature","properties":{"c":"E06000058","n":"Bournemouth, Christchurch and Poole"},"geometry":{"type":"Polygon","coordinates":[[[-1.8039,50.796],[-1.7855,50.7648],[-1.7488,50.7795],[-1.739,50.7633],[-1.7442,50.7475],[-1.6818,50.7519],[-1.6919,50.7373],[-1.6925,50.7374],[-1.718,50.7347],[-1.7245,50.734],[-1.7271,50.7324],[-1.729,50.7322],[-1.7308,50.7303],[-1.7423,50.7235],[-1.7573,50.7311],[-1.7618,50.7231],[-1.7613,50.718],[-1.7461,50.7155],[-1.7395,50.7244],[-1.7485,50.7114],[-1.7488,50.7111],[-1.8042,50.7201],[-1.8119,50.7197],[-1.8182,50.7206],[-1.8375,50.7185],[-1.8669,50.7171],[-1.8771,50.7143],[-1.8853,50.7134],[-1.8913,50.7104],[-1.9128,50.7044],[-1.9469,50.6826],[-1.934,50.6991],[-1.9523,50.7041],[-1.9582,50.7156],[-1.9921,50.7127],[-1.9843,50.7193],[-1.995,50.7299],[-1.9898,50.7372],[-2.0014,50.7341],[-2.0115,50.7313],[-2.0014,50.7208],[-1.9885,50.7075],[-2.0014,50.7103],[-2.0404,50.719],[-2.0135,50.7371],[-2.0093,50.7826],[-1.9991,50.7881],[-2.0059,50.7909],[-1.9579,50.7893],[-1.9392,50.7987],[-1.9328,50.78],[-1.9195,50.784],[-1.9147,50.7734],[-1.8938,50.7801],[-1.8734,50.7634],[-1.8646,50.8066],[-1.8452,50.8096],[-1.8337,50.8],[-1.8039,50.796]]]}},{"type":"Feature","properties":{"c":"E06000059","n":"Dorset"},"geometry":{"type":"Polygon","coordinates":[[[-2.3259,51.0797],[-2.2686,51.0687],[-2.242,51.071],[-2.1933,51.0378],[-2.1726,51.0011],[-2.1198,50.9782],[-2.1207,50.9615],[-2.1018,50.945],[-2.0683,50.9512],[-2.0366,50.9722],[-1.9938,50.9758],[-1.9853,50.9847],[-1.9568,50.9898],[-1.9555,50.9783],[-1.9208,50.9614],[-1.8736,50.9172],[-1.8418,50.9317],[-1.8107,50.9272],[-1.8165,50.9039],[-1.8486,50.8899],[-1.8535,50.8635],[-1.83,50.8553],[-1.8071,50.8633],[-1.8025,50.843],[-1.7906,50.8363],[-1.8034,50.8303],[-1.8119,50.8086],[-1.8039,50.796],[-1.8337,50.8],[-1.8452,50.8096],[-1.8646,50.8066],[-1.8734,50.7634],[-1.8938,50.7801],[-1.9147,50.7734],[-1.9195,50.784],[-1.9328,50.78],[-1.9392,50.7987],[-1.9579,50.7893],[-2.0059,50.7909],[-1.9991,50.7881],[-2.0093,50.7826],[-2.0135,50.7371],[-2.0404,50.719],[-2.0407,50.719],[-2.0275,50.7292],[-2.0538,50.729],[-2.0418,50.7259],[-2.0425,50.7175],[-2.0427,50.7145],[-2.0675,50.7151],[-2.0719,50.7079],[-2.0577,50.7056],[-2.0737,50.706],[-2.0711,50.6981],[-2.0795,50.6947],[-2.0793,50.6943],[-2.079,50.6902],[-2.0789,50.6895],[-2.0658,50.687],[-2.0545,50.6999],[-2.0261,50.7074],[-2.0185,50.7007],[-2.0348,50.7021],[-2.0247,50.6876],[-2.053,50.6779],[-2.0252,50.6845],[-2.0266,50.6781],[-2.0471,50.6704],[-2.029,50.6744],[-2.0271,50.6681],[-2.0216,50.6821],[-2.0114,50.6827],[-2.0105,50.6709],[-2.0014,50.675],[-1.9998,50.6757],[-1.9933,50.6673],[-1.9783,50.6769],[-1.9835,50.667],[-1.9681,50.6604],[-1.971,50.6693],[-1.9498,50.6802],[-1.9411,50.6721],[-1.9432,50.666],[-1.9518,50.6501],[-1.9492,50.6479],[-1.9498,50.6461],[-1.9465,50.6456],[-1.9409,50.641],[-1.9265,50.6425],[-1.9238,50.6421],[-1.9535,50.6197],[-1.9566,50.6173],[-1.9566,50.6171],[-1.9567,50.617],[-1.9564,50.6147],[-1.956,50.6086],[-1.9556,50.6085],[-1.9556,50.6083],[-1.9477,50.6078],[-1.9439,50.6075],[-1.9512,50.5946],[-2.0263,50.589],[-2.0548,50.5765],[-2.0614,50.5887],[-2.064,50.5935],[-2.0641,50.5937],[-2.068,50.594],[-2.1112,50.5987],[-2.1335,50.6123],[-2.1338,50.6122],[-2.1345,50.6126],[-2.146,50.6085],[-2.158,50.6155],[-2.1726,50.6152],[-2.1975,50.6227],[-2.198,50.6226],[-2.1985,50.623],[-2.2229,50.6195],[-2.2447,50.6164],[-2.267,50.6194],[-2.2841,50.6217],[-2.3307,50.628],[-2.3389,50.6319],[-2.3673,50.633],[-2.3949,50.6367],[-2.4228,50.636],[-2.4246,50.6351],[-2.4256,50.6351],[-2.4273,50.6337],[-2.4394,50.6275],[-2.4479,50.6188],[-2.4525,50.6141],[-2.4449,50.6094],[-2.4597,50.6078],[-2.4447,50.6093],[-2.4414,50.6097],[-2.451,50.6038],[-2.448,50.6026],[-2.449,50.6015],[-2.4324,50.5962],[-2.4503,50.6011],[-2.4702,50.584],[-2.4699,50.5836],[-2.4704,50.5831],[-2.4971,50.5973],[-2.4957,50.6029],[-2.5175,50.6179],[-2.5339,50.6185],[-2.5351,50.6185],[-2.5604,50.6391],[-2.567,50.6411],[-2.6115,50.6541],[-2.5669,50.6316],[-2.5408,50.6184],[-2.4973,50.5964],[-2.4695,50.5824],[-2.4614,50.5721],[-2.4606,50.5711],[-2.4605,50.5711],[-2.4605,50.571],[-2.4377,50.57],[-2.4222,50.5693],[-2.4284,50.5661],[-2.42,50.5551],[-2.4186,50.5463],[-2.4556,50.514],[-2.4567,50.5131],[-2.4503,50.5612],[-2.5311,50.6121],[-2.5441,50.6184],[-2.5669,50.6296],[-2.6374,50.664],[-2.7934,50.7181],[-2.8514,50.7258],[-2.9055,50.733],[-2.9085,50.7334],[-2.9118,50.7338],[-2.9474,50.7184],[-2.9531,50.7285],[-2.9351,50.7543],[-2.9543,50.7677],[-2.8866,50.7948],[-2.8928,50.8048],[-2.9613,50.8156],[-2.9543,50.8212],[-2.9417,50.8359],[-2.8891,50.85],[-2.8288,50.8487],[-2.8114,50.8634],[-2.7923,50.8528],[-2.7575,50.8669],[-2.7145,50.8639],[-2.7144,50.8712],[-2.6607,50.8871],[-2.6155,50.8819],[-2.6095,50.8915],[-2.6241,50.9077],[-2.604,50.9267],[-2.6161,50.9406],[-2.5982,50.9486],[-2.6034,50.9763],[-2.5958,50.9813],[-2.586,50.9769],[-2.5746,50.9867],[-2.5562,50.9795],[-2.5454,50.9851],[-2.5474,50.9995],[-2.5264,50.9919],[-2.5023,50.9938],[-2.4903,50.9728],[-2.4562,50.9493],[-2.4429,50.9597],[-2.4472,50.9679],[-2.428,50.9714],[-2.4149,50.9606],[-2.3446,50.9788],[-2.3549,50.9909],[-2.3769,50.9908],[-2.3813,51.0049],[-2.33,51.0413],[-2.35,51.0689],[-2.3259,51.0797]]]}},{"type":"Feature","properties":{"c":"E06000060","n":"Buckinghamshire"},"geometry":{"type":"Polygon","coordinates":[[[-0.8713,52.0402],[-0.8198,52.0123],[-0.8037,51.9855],[-0.762,51.9856],[-0.7404,51.9699],[-0.7139,51.9779],[-0.7131,51.9898],[-0.653,51.9692],[-0.7022,51.9091],[-0.6933,51.9003],[-0.673,51.9018],[-0.652,51.8869],[-0.6201,51.8855],[-0.5836,51.8703],[-0.5376,51.8315],[-0.5437,51.8246],[-0.5536,51.8268],[-0.5607,51.8301],[-0.5818,51.8069],[-0.6329,51.8199],[-0.6672,51.8158],[-0.6954,51.8411],[-0.6868,51.8492],[-0.6964,51.8582],[-0.7174,51.8572],[-0.7458,51.8418],[-0.7242,51.8181],[-0.7093,51.8205],[-0.6854,51.8002],[-0.6902,51.7923],[-0.6701,51.7665],[-0.6129,51.7474],[-0.5864,51.7521],[-0.5749,51.737],[-0.5536,51.734],[-0.5504,51.723],[-0.5632,51.7119],[-0.544,51.6968],[-0.5487,51.6827],[-0.5243,51.6821],[-0.5051,51.6731],[-0.521,51.668],[-0.5228,51.6584],[-0.5369,51.6606],[-0.5393,51.638],[-0.5205,51.6019],[-0.5006,51.5997],[-0.4766,51.5592],[-0.4955,51.5385],[-0.4832,51.5071],[-0.49,51.4947],[-0.5318,51.4934],[-0.527,51.5095],[-0.5687,51.5113],[-0.5751,51.5293],[-0.5673,51.533],[-0.5899,51.5227],[-0.6305,51.5389],[-0.6599,51.5284],[-0.6593,51.5049],[-0.6422,51.5006],[-0.6339,51.4924],[-0.6521,51.4855],[-0.7032,51.5111],[-0.6912,51.5568],[-0.6965,51.5652],[-0.7118,51.5648],[-0.7181,51.5776],[-0.7571,51.5648],[-0.7743,51.5669],[-0.793,51.5514],[-0.8427,51.5448],[-0.8797,51.5621],[-0.8969,51.5449],[-0.9017,51.5562],[-0.9384,51.5712],[-0.9415,51.5855],[-0.9169,51.5996],[-0.9431,51.6049],[-0.9386,51.6178],[-0.95,51.6289],[-0.9346,51.6367],[-0.9507,51.6507],[-0.9273,51.6514],[-0.9322,51.6649],[-0.9177,51.6724],[-0.8777,51.6684],[-0.8979,51.6764],[-0.8799,51.6809],[-0.8948,51.6925],[-0.8884,51.7192],[-0.9241,51.7477],[-0.9542,51.7579],[-0.9798,51.7607],[-0.9863,51.7521],[-1.0298,51.7579],[-1.0304,51.7449],[-1.0455,51.7446],[-1.0809,51.7566],[-1.0832,51.7805],[-1.1064,51.7816],[-1.1235,51.7942],[-1.1249,51.8075],[-1.1101,51.8173],[-1.1408,51.8347],[-1.1216,51.8453],[-1.0784,51.8293],[-1.0471,51.8398],[-1.062,51.8441],[-1.0646,51.8687],[-1.0776,51.8767],[-1.069,51.8873],[-1.0935,51.8939],[-1.0794,51.9172],[-1.0867,51.9226],[-1.0546,51.948],[-1.079,51.9434],[-1.0952,51.9574],[-1.0531,52.0024],[-1.1181,52.0154],[-1.1367,52.0222],[-1.122,52.0451],[-1.0621,52.0627],[-1.0277,52.0637],[-1.0422,52.0737],[-1.0263,52.0757],[-0.9678,52.0709],[-0.9519,52.0815],[-0.906,52.0212],[-0.8901,52.0315],[-0.8776,52.0299],[-0.8713,52.0402]]]}},{"type":"Feature","properties":{"c":"E06000061","n":"North Northamptonshire"},"geometry":{"type":"Polygon","coordinates":[[[-0.495,52.6402],[-0.4947,52.6403],[-0.4709,52.6236],[-0.4927,52.5819],[-0.4788,52.5736],[-0.4154,52.5787],[-0.4073,52.5641],[-0.4196,52.559],[-0.4013,52.5387],[-0.4136,52.5257],[-0.3543,52.5065],[-0.3594,52.4898],[-0.3416,52.4669],[-0.3702,52.4399],[-0.3624,52.4335],[-0.4171,52.4116],[-0.4415,52.385],[-0.4959,52.3795],[-0.4885,52.374],[-0.4987,52.3601],[-0.4777,52.3489],[-0.4833,52.3409],[-0.4667,52.3389],[-0.4654,52.323],[-0.5198,52.3177],[-0.5141,52.3147],[-0.542,52.2899],[-0.5312,52.2704],[-0.542,52.2561],[-0.5657,52.2535],[-0.6033,52.2788],[-0.6537,52.2683],[-0.6373,52.2273],[-0.6681,52.195],[-0.7055,52.1916],[-0.7276,52.2382],[-0.7624,52.2488],[-0.7914,52.2422],[-0.8014,52.2527],[-0.818,52.3096],[-0.7858,52.3306],[-0.7912,52.356],[-0.8309,52.376],[-0.8406,52.3929],[-0.8737,52.4027],[-0.8905,52.3986],[-0.8869,52.4234],[-0.8644,52.4342],[-0.9044,52.4422],[-0.9013,52.4598],[-0.8824,52.4713],[-0.898,52.4869],[-0.8821,52.4932],[-0.8834,52.514],[-0.8687,52.527],[-0.8201,52.5155],[-0.7749,52.5183],[-0.7572,52.5109],[-0.7137,52.525],[-0.6609,52.5689],[-0.603,52.5887],[-0.5887,52.5868],[-0.5815,52.5959],[-0.5719,52.5858],[-0.5581,52.5945],[-0.5442,52.5929],[-0.5529,52.6014],[-0.5403,52.626],[-0.5172,52.6424],[-0.495,52.6402]]]}},{"type":"Feature","properties":{"c":"E06000062","n":"West Northamptonshire"},"geometry":{"type":"Polygon","coordinates":[[[-0.9013,52.4598],[-0.9044,52.4422],[-0.8644,52.4342],[-0.8869,52.4234],[-0.8905,52.3986],[-0.8737,52.4027],[-0.8406,52.3929],[-0.8309,52.376],[-0.7912,52.356],[-0.7858,52.3306],[-0.818,52.3096],[-0.8014,52.2527],[-0.7914,52.2422],[-0.7624,52.2488],[-0.7276,52.2382],[-0.7055,52.1916],[-0.7497,52.1669],[-0.778,52.1687],[-0.7921,52.1513],[-0.8076,52.157],[-0.814,52.1425],[-0.832,52.1437],[-0.8282,52.1326],[-0.8808,52.1263],[-0.887,52.1142],[-0.8715,52.1118],[-0.8695,52.1],[-0.8467,52.0915],[-0.8313,52.072],[-0.8396,52.0638],[-0.8627,52.0609],[-0.8524,52.0507],[-0.8713,52.0402],[-0.8776,52.0299],[-0.8901,52.0315],[-0.906,52.0212],[-0.9519,52.0815],[-0.9678,52.0709],[-1.0263,52.0757],[-1.0422,52.0737],[-1.0277,52.0637],[-1.0621,52.0627],[-1.122,52.0451],[-1.1367,52.0222],[-1.1181,52.0154],[-1.1343,51.9973],[-1.1638,51.9934],[-1.1963,51.9774],[-1.2416,51.9863],[-1.2835,51.9796],[-1.2782,52.0143],[-1.3129,52.0515],[-1.2975,52.0781],[-1.3182,52.0799],[-1.3212,52.087],[-1.2481,52.0972],[-1.3319,52.1685],[-1.3131,52.1905],[-1.255,52.1978],[-1.2847,52.2384],[-1.2669,52.2352],[-1.233,52.2533],[-1.2156,52.2664],[-1.2338,52.2903],[-1.2092,52.3152],[-1.2654,52.3284],[-1.2338,52.3464],[-1.175,52.3563],[-1.2016,52.3967],[-1.184,52.3922],[-1.1494,52.397],[-1.1293,52.4161],[-1.0844,52.4363],[-1.05,52.4222],[-1.0343,52.4363],[-1.0445,52.4458],[-1.0007,52.4709],[-0.9519,52.4774],[-0.9422,52.4678],[-0.9013,52.4598]]]}},{"type":"Feature","properties":{"c":"E06000063","n":"Cumberland"},"geometry":{"type":"Polygon","coordinates":[[[-2.5827,54.8459],[-2.6037,54.8533],[-2.6553,54.8547],[-2.6801,54.8353],[-2.7012,54.8336],[-2.6897,54.8194],[-2.7057,54.8164],[-2.7496,54.8291],[-2.7564,54.8229],[-2.7994,54.8187],[-2.8631,54.8372],[-2.8815,54.8234],[-2.9074,54.8219],[-2.9044,54.813],[-2.9211,54.8092],[-2.9312,54.7922],[-2.9844,54.7762],[-2.9938,54.7596],[-3.0261,54.7481],[-2.9836,54.7209],[-2.9923,54.6962],[-3.0638,54.7001],[-3.0819,54.6953],[-3.0872,54.6861],[-3.0546,54.6798],[-3.0867,54.6636],[-3.0943,54.6439],[-3.087,54.6127],[-3.0444,54.6142],[-3.0343,54.6028],[-3.0074,54.5953],[-3.0371,54.5809],[-3.0183,54.575],[-3.0288,54.5669],[-3.0167,54.5616],[-3.0258,54.53],[-3.0153,54.5255],[-3.0135,54.5011],[-3.0762,54.4894],[-3.0978,54.4719],[-3.1095,54.474],[-3.1126,54.4615],[-3.1364,54.4707],[-3.1669,54.4544],[-3.157,54.4303],[-3.136,54.4219],[-3.124,54.4275],[-3.1141,54.4183],[-3.1708,54.3997],[-3.1946,54.3544],[-3.2071,54.353],[-3.2419,54.3235],[-3.2309,54.3147],[-3.2305,54.2698],[-3.2337,54.2602],[-3.2295,54.2569],[-3.2229,54.2515],[-3.2293,54.25],[-3.2437,54.2464],[-3.2293,54.2492],[-3.2282,54.2494],[-3.2257,54.2398],[-3.2289,54.2376],[-3.2659,54.2134],[-3.2541,54.2103],[-3.2515,54.2158],[-3.2452,54.2093],[-3.2393,54.2033],[-3.2542,54.1915],[-3.2877,54.1971],[-3.298,54.1887],[-3.3217,54.1903],[-3.342,54.2083],[-3.3937,54.254],[-3.4212,54.2847],[-3.4236,54.3384],[-3.4101,54.3504],[-3.4173,54.349],[-3.4353,54.3434],[-3.4784,54.3864],[-3.503,54.4109],[-3.5434,54.441],[-3.6371,54.5106],[-3.6384,54.5123],[-3.6133,54.5253],[-3.6093,54.5301],[-3.608,54.5307],[-3.6054,54.5348],[-3.5911,54.5522],[-3.5863,54.5647],[-3.5811,54.5729],[-3.5817,54.5769],[-3.5725,54.6007],[-3.566,54.6121],[-3.5659,54.6122],[-3.5659,54.6123],[-3.5799,54.6523],[-3.5717,54.6509],[-3.5513,54.6481],[-3.5443,54.6472],[-3.5513,54.6482],[-3.5715,54.6511],[-3.552,54.6666],[-3.5192,54.6927],[-3.515,54.7052],[-3.5075,54.7168],[-3.4939,54.7125],[-3.5071,54.7173],[-3.5065,54.7182],[-3.4582,54.7462],[-3.4369,54.7585],[-3.4378,54.8019],[-3.3999,54.8674],[-3.3675,54.8911],[-3.338,54.9003],[-3.2856,54.8783],[-3.2873,54.8915],[-3.275,54.8878],[-3.2625,54.8951],[-3.2638,54.8891],[-3.2495,54.9007],[-3.2524,54.9112],[-3.2717,54.8995],[-3.3085,54.9116],[-3.3143,54.9203],[-3.3042,54.9277],[-3.2851,54.9416],[-3.2653,54.943],[-3.2688,54.9371],[-3.2504,54.9451],[-3.2321,54.9531],[-3.2044,54.9537],[-3.1534,54.9319],[-3.1381,54.9294],[-3.1188,54.9262],[-3.1187,54.9258],[-3.1189,54.9255],[-3.1189,54.9254],[-3.0841,54.9298],[-3.1189,54.9346],[-3.1252,54.944],[-3.1139,54.9407],[-3.1219,54.9445],[-3.1142,54.9472],[-3.1271,54.9509],[-3.0957,54.9462],[-3.1038,54.9486],[-3.1173,54.9559],[-3.1056,54.9507],[-3.1116,54.9576],[-3.0854,54.9652],[-3.0634,54.9835],[-3.0603,54.9845],[-3.0497,54.9835],[-3.0483,54.9834],[-3.0522,54.9905],[-3.0441,54.9986],[-3.0495,55.0094],[-3.0259,55.0365],[-3.0534,55.0473],[-3.0509,55.0528],[-2.9586,55.0493],[-2.9364,55.0596],[-2.9404,55.0691],[-2.8969,55.0779],[-2.8863,55.0948],[-2.8585,55.1083],[-2.8276,55.1248],[-2.8255,55.1383],[-2.7848,55.1418],[-2.7035,55.1732],[-2.6898,55.189],[-2.6746,55.1759],[-2.6773,55.1555],[-2.6569,55.1361],[-2.5989,55.1246],[-2.5935,55.1051],[-2.5684,55.0963],[-2.5621,55.0835],[-2.5026,55.0908],[-2.4861,55.0824],[-2.504,55.0624],[-2.483,55.04],[-2.5729,55.0164],[-2.5733,54.9876],[-2.6014,54.9713],[-2.5956,54.9635],[-2.5685,54.9584],[-2.5676,54.9409],[-2.5453,54.9292],[-2.5662,54.9192],[-2.5764,54.8967],[-2.6054,54.8844],[-2.5734,54.8535],[-2.5827,54.8459]]]}},{"type":"Feature","properties":{"c":"E06000064","n":"Westmorland and Furness"},"geometry":{"type":"MultiPolygon","coordinates":[[[[-3.2429,54.0989],[-3.2525,54.0958],[-3.2432,54.0975],[-3.2472,54.0922],[-3.2243,54.082],[-3.221,54.0805],[-3.2241,54.0756],[-3.2268,54.0716],[-3.224,54.0705],[-3.2103,54.0652],[-3.2049,54.0516],[-3.1786,54.0553],[-3.1741,54.0483],[-3.173,54.0553],[-3.1732,54.0471],[-3.2099,54.0477],[-3.2237,54.0618],[-3.2686,54.1074],[-3.2764,54.1429],[-3.2523,54.1504],[-3.2669,54.1419],[-3.2456,54.1099],[-3.2429,54.0989]]],[[[-2.3484,54.8071],[-2.3274,54.8053],[-2.3121,54.791],[-2.3257,54.7266],[-2.3557,54.6977],[-2.3518,54.6859],[-2.3273,54.6707],[-2.2929,54.6639],[-2.288,54.6505],[-2.3249,54.6317],[-2.3045,54.5962],[-2.2095,54.5517],[-2.1975,54.5327],[-2.1724,54.5324],[-2.159,54.472],[-2.1702,54.4582],[-2.1775,54.4616],[-2.1893,54.449],[-2.2495,54.4519],[-2.2929,54.4393],[-2.3081,54.4198],[-2.3054,54.3971],[-2.2917,54.3906],[-2.2974,54.3769],[-2.317,54.3763],[-2.3446,54.3596],[-2.3677,54.3561],[-2.3098,54.3243],[-2.323,54.3111],[-2.3172,54.2872],[-2.3259,54.2797],[-2.3155,54.2701],[-2.3256,54.2414],[-2.3481,54.2378],[-2.3623,54.2498],[-2.373,54.2401],[-2.3968,54.2394],[-2.4056,54.2249],[-2.4609,54.2267],[-2.4596,54.2396],[-2.5761,54.1956],[-2.625,54.1956],[-2.6399,54.202],[-2.6798,54.1612],[-2.7365,54.169],[-2.7344,54.1841],[-2.7682,54.186],[-2.799,54.1977],[-2.8372,54.1742],[-2.8379,54.1742],[-2.8635,54.1825],[-2.8641,54.192],[-2.8425,54.2056],[-2.8872,54.1991],[-2.902,54.1894],[-2.8961,54.1812],[-2.9107,54.1795],[-2.8994,54.1761],[-2.9205,54.1659],[-2.9223,54.165],[-2.9205,54.165],[-2.9083,54.1648],[-2.9202,54.1547],[-2.9254,54.1503],[-2.9999,54.1548],[-2.9894,54.1795],[-3.0065,54.1722],[-3.005,54.1803],[-3.0103,54.1769],[-3.0387,54.1973],[-3.023,54.1916],[-3.0347,54.1963],[-3.0329,54.2113],[-3.0328,54.2127],[-3.0344,54.2113],[-3.0635,54.1862],[-3.0609,54.162],[-3.1057,54.119],[-3.1491,54.0936],[-3.1725,54.0818],[-3.1507,54.0648],[-3.1714,54.0796],[-3.178,54.0749],[-3.1737,54.0833],[-3.1917,54.1031],[-3.2148,54.0981],[-3.2202,54.0897],[-3.2247,54.0938],[-3.2421,54.1093],[-3.237,54.1547],[-3.2494,54.1547],[-3.2576,54.1665],[-3.2271,54.1748],[-3.2172,54.1775],[-3.2231,54.1878],[-3.2148,54.1856],[-3.2131,54.2072],[-3.2059,54.2097],[-3.202,54.2111],[-3.2024,54.2114],[-3.2024,54.2115],[-3.2027,54.2117],[-3.2032,54.2122],[-3.2033,54.2123],[-3.1797,54.2388],[-3.1977,54.2289],[-3.2103,54.254],[-3.2291,54.26],[-3.2278,54.2777],[-3.23,54.2714],[-3.2305,54.2698],[-3.2309,54.3147],[-3.2419,54.3235],[-3.2071,54.353],[-3.1946,54.3544],[-3.1708,54.3997],[-3.1141,54.4183],[-3.124,54.4275],[-3.136,54.4219],[-3.157,54.4303],[-3.1669,54.4544],[-3.1364,54.4707],[-3.1126,54.4615],[-3.1095,54.474],[-3.0978,54.4719],[-3.0762,54.4894],[-3.0135,54.5011],[-3.0153,54.5255],[-3.0258,54.53],[-3.0167,54.5616],[-3.0288,54.5669],[-3.0183,54.575],[-3.0371,54.5809],[-3.0074,54.5953],[-3.0343,54.6028],[-3.0444,54.6142],[-3.087,54.6127],[-3.0943,54.6439],[-3.0867,54.6636],[-3.0546,54.6798],[-3.0872,54.6861],[-3.0819,54.6953],[-3.0638,54.7001],[-2.9923,54.6962],[-2.9836,54.7209],[-3.0261,54.7481],[-2.9938,54.7596],[-2.9844,54.7762],[-2.9312,54.7922],[-2.9211,54.8092],[-2.9044,54.813],[-2.9074,54.8219],[-2.8815,54.8234],[-2.8631,54.8372],[-2.7994,54.8187],[-2.7564,54.8229],[-2.7496,54.8291],[-2.7057,54.8164],[-2.6897,54.8194],[-2.7012,54.8336],[-2.6801,54.8353],[-2.6553,54.8547],[-2.6037,54.8533],[-2.5827,54.8459],[-2.5583,54.8167],[-2.5235,54.806],[-2.4954,54.8103],[-2.4606,54.8342],[-2.4228,54.8428],[-2.4117,54.8565],[-2.39,54.8322],[-2.3484,54.8071]]]]}},{"type":"Feature","properties":{"c":"E06000065","n":"North Yorkshire"},"geometry":{"type":"Polygon","coordinates":[[[-0.2127,54.1577],[-0.2297,54.1324],[-0.2654,54.1406],[-0.3042,54.1363],[-0.3238,54.1503],[-0.3464,54.1469],[-0.3749,54.1541],[-0.3907,54.1765],[-0.4184,54.174],[-0.4332,54.1641],[-0.4271,54.1374],[-0.4585,54.126],[-0.4544,54.1168],[-0.4659,54.1076],[-0.5246,54.0855],[-0.5631,54.094],[-0.6155,54.0705],[-0.6603,54.0631],[-0.6447,54.0551],[-0.6595,54.0372],[-0.687,54.0308],[-0.6835,54.0088],[-0.7305,54.0127],[-0.7343,54.0303],[-0.7992,54.0191],[-0.8007,54.0241],[-0.8784,54.0172],[-0.8939,53.9995],[-0.9253,53.9915],[-0.9948,53.9831],[-0.9719,53.9967],[-0.9754,54.0047],[-0.9847,54.0025],[-0.9669,54.023],[-1.0021,54.0553],[-1.0144,54.0493],[-1.0597,54.0569],[-1.0587,54.0478],[-1.0894,54.048],[-1.1202,54.029],[-1.1408,54.0299],[-1.1491,54.0029],[-1.137,53.9911],[-1.1517,53.9891],[-1.1888,54.0025],[-1.1821,53.9853],[-1.2166,53.9856],[-1.2237,53.9748],[-1.1995,53.9254],[-1.1053,53.8757],[-1.0912,53.8858],[-1.065,53.8746],[-1.0082,53.8899],[-0.9928,53.8752],[-0.944,53.8881],[-0.9234,53.8807],[-0.9482,53.8616],[-0.9406,53.8235],[-0.9201,53.8161],[-0.9345,53.8018],[-0.9283,53.7656],[-0.9736,53.7499],[-0.9608,53.736],[-0.911,53.7327],[-0.9037,53.7184],[-0.9577,53.7148],[-0.9626,53.7008],[-0.9805,53.705],[-0.9803,53.6969],[-1.0389,53.6939],[-1.0617,53.7068],[-1.0749,53.7039],[-1.0811,53.6845],[-1.1034,53.6695],[-1.0487,53.6561],[-1.0661,53.6489],[-1.1216,53.6467],[-1.1349,53.6327],[-1.1551,53.6432],[-1.1892,53.6359],[-1.2098,53.6432],[-1.2175,53.6242],[-1.2328,53.6211],[-1.2555,53.6454],[-1.2444,53.6925],[-1.1991,53.6949],[-1.1988,53.7007],[-1.2198,53.7144],[-1.2263,53.7099],[-1.2294,53.7149],[-1.2687,53.715],[-1.302,53.7417],[-1.3154,53.7437],[-1.3122,53.7559],[-1.2949,53.7555],[-1.2904,53.7632],[-1.3138,53.7816],[-1.3149,53.8096],[-1.3036,53.8165],[-1.3361,53.8336],[-1.3266,53.8404],[-1.353,53.8568],[-1.3124,53.8657],[-1.3218,53.9029],[-1.3005,53.9075],[-1.2972,53.9216],[-1.3074,53.9212],[-1.2941,53.9269],[-1.3089,53.924],[-1.3071,53.9345],[-1.3447,53.9395],[-1.3404,53.9459],[-1.3972,53.9425],[-1.4067,53.9278],[-1.4326,53.9272],[-1.433,53.9108],[-1.4629,53.9059],[-1.4988,53.9153],[-1.5488,53.9109],[-1.5519,53.903],[-1.5836,53.9093],[-1.5879,53.9013],[-1.5994,53.9097],[-1.6207,53.9034],[-1.6517,53.9056],[-1.6551,53.9125],[-1.6846,53.9106],[-1.7071,53.9191],[-1.718,53.9085],[-1.7272,53.9102],[-1.7456,53.923],[-1.776,53.9215],[-1.8051,53.939],[-1.8477,53.9408],[-1.8362,53.9314],[-1.8606,53.9328],[-1.8795,53.9628],[-1.928,53.9505],[-1.9507,53.9567],[-1.9662,53.9516],[-1.9631,53.9334],[-1.9769,53.9264],[-1.9524,53.9035],[-1.9794,53.9011],[-1.9802,53.8711],[-2.0218,53.8715],[-2.0461,53.8501],[-2.0899,53.8682],[-2.0814,53.8757],[-2.103,53.8909],[-2.1133,53.9156],[-2.1322,53.9265],[-2.1823,53.9354],[-2.1845,53.9522],[-2.196,53.9696],[-2.2257,53.9611],[-2.2321,53.9712],[-2.2211,53.9779],[-2.2304,53.9816],[-2.2945,53.9745],[-2.3192,53.9938],[-2.34,53.9895],[-2.3522,53.9946],[-2.3523,54.0106],[-2.3396,54.0093],[-2.3573,54.0191],[-2.3741,54.0491],[-2.4258,54.0381],[-2.4695,54.0462],[-2.4643,54.0753],[-2.5095,54.0954],[-2.524,54.0946],[-2.5647,54.1269],[-2.5605,54.1531],[-2.534,54.1577],[-2.4609,54.2267],[-2.4056,54.2249],[-2.3968,54.2394],[-2.373,54.2401],[-2.3623,54.2498],[-2.3481,54.2378],[-2.3256,54.2414],[-2.3155,54.2701],[-2.3259,54.2797],[-2.3172,54.2872],[-2.323,54.3111],[-2.3098,54.3243],[-2.3677,54.3561],[-2.3446,54.3596],[-2.317,54.3763],[-2.2974,54.3769],[-2.2917,54.3906],[-2.3054,54.3971],[-2.3081,54.4198],[-2.2929,54.4393],[-2.2495,54.4519],[-2.1893,54.449],[-2.1775,54.4616],[-2.1702,54.4582],[-2.1166,54.4623],[-2.0432,54.4836],[-2.0447,54.4752],[-1.9968,54.4669],[-1.9701,54.4515],[-1.9425,54.4534],[-1.8591,54.4819],[-1.8578,54.5035],[-1.8394,54.5084],[-1.793,54.4845],[-1.7761,54.5067],[-1.7797,54.5319],[-1.7331,54.5277],[-1.7213,54.5423],[-1.6969,54.536],[-1.6579,54.5346],[-1.6547,54.5247],[-1.6338,54.5254],[-1.6334,54.5141],[-1.6115,54.52],[-1.6025,54.5105],[-1.5811,54.5128],[-1.5919,54.5043],[-1.5792,54.5052],[-1.583,54.4971],[-1.5552,54.485],[-1.5457,54.4712],[-1.5197,54.4711],[-1.5288,54.4848],[-1.5141,54.4838],[-1.5113,54.475],[-1.4918,54.4862],[-1.4988,54.4753],[-1.4755,54.4739],[-1.4623,54.4512],[-1.4584,54.4925],[-1.4748,54.5004],[-1.4585,54.5039],[-1.4349,54.4875],[-1.4321,54.4795],[-1.4128,54.4772],[-1.4071,54.4935],[-1.3951,54.4857],[-1.381,54.494],[-1.3726,54.4723],[-1.3644,54.466],[-1.3449,54.4724],[-1.3436,54.4642],[-1.3004,54.4758],[-1.2811,54.4906],[-1.2574,54.4873],[-1.2567,54.5011],[-1.2349,54.5103],[-1.1462,54.5028],[-1.1184,54.4982],[-1.0947,54.5067],[-1.0369,54.494],[-1.0034,54.503],[-0.9526,54.488],[-0.8808,54.497],[-0.8485,54.488],[-0.8486,54.53],[-0.8271,54.5485],[-0.8004,54.551],[-0.7918,54.5583],[-0.7846,54.5579],[-0.7668,54.5502],[-0.7648,54.5482],[-0.7435,54.5282],[-0.7227,54.5328],[-0.7154,54.5342],[-0.7027,54.5286],[-0.6928,54.5207],[-0.6835,54.5202],[-0.6821,54.5196],[-0.6704,54.5008],[-0.6238,54.4955],[-0.6104,54.4935],[-0.5737,54.4814],[-0.5544,54.4696],[-0.5208,54.4463],[-0.5327,54.4334],[-0.5242,54.4173],[-0.5104,54.4133],[-0.486,54.4043],[-0.4701,54.3934],[-0.4397,54.3513],[-0.4327,54.3402],[-0.4171,54.3314],[-0.4074,54.2935],[-0.391,54.2897],[-0.3851,54.2878],[-0.3967,54.2745],[-0.3687,54.2485],[-0.3654,54.2474],[-0.3651,54.2472],[-0.3576,54.245],[-0.2655,54.2165],[-0.2774,54.2121],[-0.2807,54.2116],[-0.2805,54.211],[-0.2838,54.2097],[-0.282,54.2035],[-0.2769,54.1861],[-0.2452,54.1665],[-0.2127,54.1577]]]}},{"type":"Feature","properties":{"c":"E06000066","n":"Somerset"},"geometry":{"type":"Polygon","coordinates":[[[-3.0001,51.3221],[-2.9901,51.3165],[-2.9899,51.3163],[-2.9866,51.3128],[-2.987,51.3115],[-2.9932,51.301],[-2.9881,51.3065],[-2.9898,51.299],[-2.9726,51.2957],[-2.962,51.3048],[-2.9369,51.3031],[-2.8971,51.2906],[-2.8849,51.3067],[-2.8772,51.3001],[-2.8102,51.3014],[-2.8147,51.327],[-2.6949,51.3181],[-2.6386,51.2948],[-2.6274,51.2828],[-2.5578,51.3027],[-2.4972,51.2908],[-2.5064,51.279],[-2.478,51.2731],[-2.4738,51.278],[-2.4517,51.2743],[-2.4009,51.3048],[-2.3872,51.2946],[-2.2891,51.3253],[-2.2731,51.3229],[-2.272,51.3143],[-2.2851,51.3095],[-2.2807,51.2935],[-2.2653,51.2962],[-2.2535,51.2898],[-2.2453,51.2539],[-2.2985,51.1753],[-2.3459,51.1334],[-2.3445,51.1247],[-2.3645,51.1189],[-2.3609,51.099],[-2.3259,51.0797],[-2.35,51.0689],[-2.33,51.0413],[-2.3813,51.0049],[-2.3769,50.9908],[-2.3549,50.9909],[-2.3446,50.9788],[-2.4149,50.9606],[-2.428,50.9714],[-2.4472,50.9679],[-2.4429,50.9597],[-2.4562,50.9493],[-2.4903,50.9728],[-2.5023,50.9938],[-2.5264,50.9919],[-2.5474,50.9995],[-2.5454,50.9851],[-2.5562,50.9795],[-2.5746,50.9867],[-2.586,50.9769],[-2.5958,50.9813],[-2.6034,50.9763],[-2.5982,50.9486],[-2.6161,50.9406],[-2.604,50.9267],[-2.6241,50.9077],[-2.6095,50.8915],[-2.6155,50.8819],[-2.6607,50.8871],[-2.7144,50.8712],[-2.7145,50.8639],[-2.7575,50.8669],[-2.7923,50.8528],[-2.8114,50.8634],[-2.8288,50.8487],[-2.8891,50.85],[-2.9417,50.8359],[-2.9543,50.8212],[-2.9698,50.8342],[-2.9736,50.8558],[-3.0368,50.8511],[-3.0326,50.8616],[-3.055,50.8745],[-3.0526,50.9086],[-3.1263,50.9017],[-3.1442,50.8914],[-3.188,50.9103],[-3.1665,50.9477],[-3.2548,50.9418],[-3.2938,50.9551],[-3.3337,50.9828],[-3.3787,50.9775],[-3.3805,51.0185],[-3.4142,51.0197],[-3.4213,51.0308],[-3.4602,51.0252],[-3.4834,51.0338],[-3.5043,51.0302],[-3.5205,51.0259],[-3.5189,51.0148],[-3.535,51.0033],[-3.6032,51.0072],[-3.6147,51.0155],[-3.5945,51.0552],[-3.6467,51.0581],[-3.6925,51.0806],[-3.7199,51.0808],[-3.8043,51.1157],[-3.8345,51.1384],[-3.8392,51.1769],[-3.7863,51.1719],[-3.725,51.1796],[-3.7332,51.2227],[-3.7206,51.2331],[-3.7202,51.233],[-3.633,51.2237],[-3.6227,51.2176],[-3.6212,51.2166],[-3.5787,51.2321],[-3.5422,51.2323],[-3.4957,51.2236],[-3.4704,51.2082],[-3.4476,51.2089],[-3.4327,51.2005],[-3.4008,51.1824],[-3.2774,51.1796],[-3.1539,51.2088],[-3.1466,51.2094],[-3.1255,51.2114],[-3.0763,51.2013],[-3.0548,51.2059],[-3.0193,51.2185],[-3.0325,51.1946],[-3.0227,51.1963],[-3.0023,51.226],[-2.9989,51.2232],[-2.9843,51.2204],[-2.9991,51.225],[-3.0005,51.2416],[-3.0215,51.2655],[-3.0121,51.321],[-3.0355,51.3285],[-3.0001,51.3221]]]}},{"type":"Feature","properties":{"c":"E07000008","n":"Cambridge"},"geometry":{"type":"Polygon","coordinates":[[[0.1661,52.2343],[0.1549,52.2265],[0.1759,52.2173],[0.1673,52.2041],[0.1827,52.1981],[0.1813,52.1695],[0.1626,52.1725],[0.1549,52.1646],[0.1418,52.171],[0.1034,52.1579],[0.1047,52.1907],[0.0686,52.2161],[0.1299,52.2357],[0.1475,52.2298],[0.1553,52.2373],[0.1661,52.2343]]]}},{"type":"Feature","properties":{"c":"E07000009","n":"East Cambridgeshire"},"geometry":{"type":"Polygon","coordinates":[[[0.4293,52.4365],[0.3748,52.4097],[0.4076,52.3616],[0.4426,52.3488],[0.4242,52.3292],[0.4314,52.3158],[0.4576,52.3163],[0.5047,52.2847],[0.4989,52.273],[0.4242,52.2559],[0.3827,52.2933],[0.3589,52.2975],[0.3552,52.2793],[0.3399,52.2677],[0.361,52.2493],[0.3427,52.2423],[0.3712,52.2266],[0.4213,52.2397],[0.4145,52.2479],[0.427,52.2536],[0.4818,52.2324],[0.4949,52.2393],[0.5145,52.2268],[0.4913,52.1651],[0.4707,52.1633],[0.4522,52.1732],[0.4359,52.1595],[0.4173,52.1593],[0.3949,52.158],[0.3219,52.1788],[0.2253,52.2317],[0.2295,52.2367],[0.2105,52.2495],[0.2206,52.2635],[0.2116,52.2699],[0.2417,52.2911],[0.2488,52.3229],[0.2047,52.3168],[0.1971,52.3243],[0.1682,52.3176],[0.1621,52.3243],[0.1399,52.3207],[0.0819,52.335],[0.0439,52.3529],[0.0513,52.3582],[0.0344,52.3857],[0.0562,52.3978],[0.0436,52.4181],[0.0553,52.4144],[0.0874,52.4297],[0.1067,52.4253],[0.1265,52.4379],[0.1238,52.421],[0.2363,52.5073],[0.246,52.4999],[0.2564,52.5077],[0.3094,52.5136],[0.3671,52.5012],[0.3807,52.4795],[0.4285,52.4547],[0.4293,52.4365]]]}},{"type":"Feature","properties":{"c":"E07000010","n":"Fenland"},"geometry":{"type":"Polygon","coordinates":[[[0.1716,52.738],[0.1536,52.6822],[0.1847,52.6779],[0.1838,52.6557],[0.1699,52.6504],[0.2191,52.622],[0.1916,52.599],[0.2184,52.5726],[0.2056,52.5654],[0.2172,52.5606],[0.2047,52.5547],[0.2052,52.5478],[0.2146,52.5491],[0.2038,52.5454],[0.2079,52.5301],[0.2306,52.5279],[0.2061,52.5196],[0.2363,52.5073],[0.1238,52.421],[0.1265,52.4379],[0.1067,52.4253],[0.0874,52.4297],[0.0553,52.4144],[0.0436,52.4181],[0.0562,52.3978],[0.0344,52.3857],[0.019,52.4141],[0.034,52.4287],[0.009,52.4546],[-0.0389,52.4733],[-0.0481,52.5109],[-0.0697,52.5168],[-0.0709,52.5059],[-0.0904,52.4963],[-0.0976,52.5017],[-0.1144,52.4891],[-0.1878,52.5419],[-0.1979,52.5508],[-0.187,52.5685],[-0.0128,52.5942],[-0.0313,52.6615],[0.0215,52.6649],[0.0486,52.6814],[0.0441,52.7144],[0.0636,52.7274],[0.089,52.7236],[0.133,52.7393],[0.1716,52.738]]]}},{"type":"Feature","properties":{"c":"E07000011","n":"Huntingdonshire"},"geometry":{"type":"Polygon","coordinates":[[[-0.1878,52.5419],[-0.1144,52.4891],[-0.0976,52.5017],[-0.0904,52.4963],[-0.0709,52.5059],[-0.0697,52.5168],[-0.0481,52.5109],[-0.0389,52.4733],[0.009,52.4546],[0.034,52.4287],[0.019,52.4141],[0.0344,52.3857],[0.0513,52.3582],[0.0439,52.3529],[0.0096,52.3417],[-0.0145,52.3127],[-0.0464,52.3147],[-0.0577,52.2918],[-0.0854,52.2725],[-0.1023,52.2777],[-0.1211,52.2573],[-0.1427,52.2832],[-0.1755,52.2802],[-0.1841,52.2608],[-0.1775,52.2503],[-0.1737,52.2558],[-0.1571,52.2543],[-0.1322,52.2433],[-0.149,52.2259],[-0.1869,52.2289],[-0.1956,52.2045],[-0.1759,52.1973],[-0.1528,52.212],[-0.1081,52.2069],[-0.1004,52.1828],[-0.138,52.1845],[-0.1562,52.1672],[-0.1895,52.1692],[-0.2167,52.1588],[-0.2607,52.1764],[-0.2498,52.1844],[-0.2407,52.1902],[-0.2618,52.2099],[-0.2963,52.2105],[-0.2856,52.2373],[-0.2932,52.2405],[-0.3352,52.2429],[-0.3435,52.2419],[-0.341,52.2306],[-0.3744,52.233],[-0.3823,52.2711],[-0.3722,52.2735],[-0.375,52.2805],[-0.4218,52.2849],[-0.4358,52.2967],[-0.4361,52.3145],[-0.4654,52.323],[-0.4667,52.3389],[-0.4833,52.3409],[-0.4777,52.3489],[-0.4987,52.3601],[-0.4885,52.374],[-0.4959,52.3795],[-0.4415,52.385],[-0.4171,52.4116],[-0.3624,52.4335],[-0.3702,52.4399],[-0.3416,52.4669],[-0.3594,52.4898],[-0.3543,52.5065],[-0.4136,52.5257],[-0.4013,52.5387],[-0.4196,52.559],[-0.4073,52.5641],[-0.4154,52.5787],[-0.3968,52.583],[-0.3855,52.5672],[-0.3485,52.5644],[-0.3255,52.5529],[-0.3327,52.5465],[-0.2933,52.5069],[-0.2693,52.5208],[-0.2448,52.523],[-0.2348,52.5437],[-0.2177,52.5379],[-0.2004,52.5452],[-0.1878,52.5419]]]}},{"type":"Feature","properties":{"c":"E07000012","n":"South Cambridgeshire"},"geometry":{"type":"Polygon","coordinates":[[[0.4173,52.1593],[0.4175,52.1332],[0.3896,52.1175],[0.3818,52.1027],[0.395,52.096],[0.4046,52.0655],[0.3796,52.0496],[0.3897,52.0365],[0.3459,52.0497],[0.3247,52.0728],[0.2864,52.0902],[0.2762,52.0927],[0.2516,52.0768],[0.2352,52.089],[0.2035,52.0927],[0.1832,52.0732],[0.1899,52.0602],[0.1676,52.055],[0.1664,52.0482],[0.1511,52.0529],[0.1281,52.0473],[0.1191,52.06],[0.1057,52.0603],[0.0923,52.0217],[0.0682,52.0058],[0.0403,52.0533],[0.0035,52.0499],[-0.0196,52.0636],[-0.1266,52.0209],[-0.1337,52.0462],[-0.1551,52.0531],[-0.1475,52.0695],[-0.1576,52.0804],[-0.1445,52.1382],[-0.1544,52.1444],[-0.1715,52.1395],[-0.2348,52.1447],[-0.2167,52.1588],[-0.1895,52.1692],[-0.1562,52.1672],[-0.138,52.1845],[-0.1004,52.1828],[-0.1081,52.2069],[-0.1528,52.212],[-0.1759,52.1973],[-0.1956,52.2045],[-0.1869,52.2289],[-0.149,52.2259],[-0.1322,52.2433],[-0.1571,52.2543],[-0.1737,52.2558],[-0.1775,52.2503],[-0.1841,52.2608],[-0.1755,52.2802],[-0.1427,52.2832],[-0.1211,52.2573],[-0.1023,52.2777],[-0.0854,52.2725],[-0.0577,52.2918],[-0.0464,52.3147],[-0.0145,52.3127],[0.0096,52.3417],[0.0439,52.3529],[0.0819,52.335],[0.1399,52.3207],[0.1621,52.3243],[0.1682,52.3176],[0.1971,52.3243],[0.2047,52.3168],[0.2488,52.3229],[0.2417,52.2911],[0.2116,52.2699],[0.2206,52.2635],[0.2105,52.2495],[0.2295,52.2367],[0.2253,52.2317],[0.3219,52.1788],[0.3949,52.158],[0.4173,52.1593]]]}},{"type":"Feature","properties":{"c":"E07000032","n":"Amber Valley"},"geometry":{"type":"Polygon","coordinates":[[[-1.3737,53.1079],[-1.3607,53.0904],[-1.3316,53.081],[-1.3444,53.0655],[-1.3359,53.053],[-1.3319,53.0311],[-1.3074,53.0036],[-1.3328,52.9782],[-1.3711,52.9731],[-1.3854,52.9823],[-1.4092,52.977],[-1.4788,52.9825],[-1.4747,52.9659],[-1.4954,52.9659],[-1.508,52.9375],[-1.5441,52.9242],[-1.5701,52.9358],[-1.6041,52.9369],[-1.6071,52.9472],[-1.5994,52.9626],[-1.571,52.9666],[-1.5714,52.974],[-1.6021,52.9854],[-1.5993,52.9984],[-1.5768,53.0021],[-1.5788,53.0147],[-1.5667,53.0137],[-1.5761,53.0177],[-1.5663,53.0225],[-1.5849,53.0204],[-1.5986,53.0305],[-1.581,53.0423],[-1.5914,53.0547],[-1.5533,53.069],[-1.5336,53.0869],[-1.5193,53.0862],[-1.5121,53.0934],[-1.5311,53.1005],[-1.5235,53.1204],[-1.4954,53.134],[-1.4483,53.1037],[-1.3737,53.1079]]]}},{"type":"Feature","properties":{"c":"E07000033","n":"Bolsover"},"geometry":{"type":"Polygon","coordinates":[[[-1.2094,53.2177],[-1.197,53.1848],[-1.2404,53.1787],[-1.2599,53.1645],[-1.2907,53.1714],[-1.3235,53.1623],[-1.3218,53.1307],[-1.3006,53.102],[-1.3093,53.0968],[-1.3029,53.0882],[-1.3316,53.081],[-1.3607,53.0904],[-1.3737,53.1079],[-1.3778,53.1361],[-1.3528,53.1588],[-1.3782,53.1737],[-1.3567,53.1855],[-1.3185,53.1859],[-1.3106,53.2161],[-1.3192,53.2395],[-1.3313,53.2572],[-1.3013,53.2639],[-1.3167,53.2817],[-1.3241,53.2951],[-1.3107,53.2979],[-1.3219,53.3091],[-1.282,53.3095],[-1.2439,53.3016],[-1.2307,53.3086],[-1.2032,53.3042],[-1.1997,53.3114],[-1.1766,53.3051],[-1.1801,53.2871],[-1.1665,53.2777],[-1.1815,53.27],[-1.1747,53.2652],[-1.2025,53.2612],[-1.213,53.2477],[-1.202,53.2355],[-1.2094,53.2177]]]}},{"type":"Feature","properties":{"c":"E07000034","n":"Chesterfield"},"geometry":{"type":"Polygon","coordinates":[[[-1.3167,53.2817],[-1.3013,53.2639],[-1.3313,53.2572],[-1.3192,53.2395],[-1.3471,53.2395],[-1.3508,53.2463],[-1.3803,53.2438],[-1.4008,53.2343],[-1.401,53.214],[-1.4208,53.2125],[-1.44,53.2136],[-1.4412,53.2206],[-1.4795,53.2222],[-1.4842,53.229],[-1.4714,53.2362],[-1.4816,53.2465],[-1.4711,53.2594],[-1.4807,53.2634],[-1.4641,53.268],[-1.4571,53.2837],[-1.439,53.2802],[-1.4154,53.2876],[-1.3993,53.282],[-1.3771,53.299],[-1.3669,53.2892],[-1.3336,53.2898],[-1.3167,53.2817]]]}},{"type":"Feature","properties":{"c":"E07000035","n":"Derbyshire Dales"},"geometry":{"type":"Polygon","coordinates":[[[-1.5991,53.3113],[-1.5975,53.2958],[-1.5786,53.2865],[-1.5894,53.2788],[-1.585,53.2627],[-1.5658,53.2614],[-1.5572,53.2496],[-1.5721,53.241],[-1.569,53.2231],[-1.5156,53.2027],[-1.5483,53.1999],[-1.55,53.1855],[-1.4954,53.134],[-1.5235,53.1204],[-1.5311,53.1005],[-1.5121,53.0934],[-1.5193,53.0862],[-1.5336,53.0869],[-1.5533,53.069],[-1.5914,53.0547],[-1.581,53.0423],[-1.5986,53.0305],[-1.5849,53.0204],[-1.5663,53.0225],[-1.5761,53.0177],[-1.5667,53.0137],[-1.5788,53.0147],[-1.5768,53.0021],[-1.5993,52.9984],[-1.6021,52.9854],[-1.5714,52.974],[-1.571,52.9666],[-1.5994,52.9626],[-1.6071,52.9472],[-1.6503,52.9445],[-1.6589,52.9026],[-1.6782,52.9216],[-1.7082,52.922],[-1.7145,52.9096],[-1.749,52.9125],[-1.7366,52.8952],[-1.746,52.8687],[-1.7772,52.8838],[-1.8282,52.8844],[-1.8566,52.9233],[-1.8286,52.9479],[-1.8268,52.9771],[-1.7624,52.9999],[-1.7589,53.0373],[-1.779,53.0449],[-1.7757,53.0594],[-1.7942,53.0884],[-1.7837,53.103],[-1.8219,53.1367],[-1.8126,53.1544],[-1.8608,53.1885],[-1.8987,53.2],[-1.9185,53.218],[-1.9108,53.2217],[-1.8976,53.2104],[-1.8954,53.2186],[-1.8866,53.2175],[-1.8827,53.2034],[-1.8728,53.2156],[-1.8423,53.1947],[-1.8316,53.1976],[-1.8313,53.2106],[-1.8743,53.2268],[-1.8443,53.2504],[-1.7903,53.2564],[-1.8175,53.2826],[-1.8226,53.3028],[-1.761,53.3382],[-1.7302,53.3387],[-1.7277,53.3191],[-1.7004,53.3236],[-1.6969,53.3348],[-1.6712,53.3494],[-1.6733,53.3694],[-1.6538,53.3919],[-1.6635,53.3666],[-1.5905,53.3459],[-1.6123,53.3432],[-1.6327,53.3208],[-1.6276,53.3162],[-1.6092,53.3227],[-1.5991,53.3113]]]}},{"type":"Feature","properties":{"c":"E07000036","n":"Erewash"},"geometry":{"type":"Polygon","coordinates":[[[-1.2397,52.8923],[-1.2401,52.8801],[-1.2679,52.8734],[-1.3193,52.8729],[-1.3499,52.8806],[-1.3397,52.8898],[-1.3884,52.9015],[-1.3831,52.9259],[-1.424,52.9357],[-1.4093,52.9503],[-1.4686,52.9507],[-1.4747,52.9659],[-1.4788,52.9825],[-1.4092,52.977],[-1.3854,52.9823],[-1.3711,52.9731],[-1.3328,52.9782],[-1.3074,53.0036],[-1.2877,52.9697],[-1.2925,52.9556],[-1.281,52.9492],[-1.2818,52.9103],[-1.2461,52.9029],[-1.2397,52.8923]]]}},{"type":"Feature","properties":{"c":"E07000037","n":"High Peak"},"geometry":{"type":"Polygon","coordinates":[[[-1.8222,53.5211],[-1.7963,53.5032],[-1.8015,53.481],[-1.8014,53.481],[-1.7453,53.4622],[-1.7398,53.421],[-1.7085,53.4173],[-1.705,53.4051],[-1.6538,53.3919],[-1.6733,53.3694],[-1.6712,53.3494],[-1.6969,53.3348],[-1.7004,53.3236],[-1.7277,53.3191],[-1.7302,53.3387],[-1.761,53.3382],[-1.8226,53.3028],[-1.8175,53.2826],[-1.7903,53.2564],[-1.8443,53.2504],[-1.8743,53.2268],[-1.8313,53.2106],[-1.8316,53.1976],[-1.8423,53.1947],[-1.8728,53.2156],[-1.8827,53.2034],[-1.8866,53.2175],[-1.8954,53.2186],[-1.8976,53.2104],[-1.9108,53.2217],[-1.9185,53.218],[-1.8987,53.2],[-1.9567,53.2137],[-1.9624,53.2262],[-1.9874,53.2136],[-1.9902,53.223],[-1.9749,53.231],[-2.0094,53.2606],[-2.0068,53.3546],[-2.0311,53.3703],[-2.0338,53.3755],[-2.0046,53.3863],[-1.9923,53.4152],[-2.0137,53.4159],[-2.0263,53.4299],[-2.0142,53.4398],[-2.0042,53.4359],[-2.0082,53.4415],[-1.9858,53.4552],[-1.9878,53.4811],[-1.9634,53.5098],[-1.9513,53.5042],[-1.922,53.51],[-1.9268,53.5209],[-1.9096,53.5384],[-1.8941,53.5336],[-1.8735,53.5404],[-1.8418,53.5199],[-1.8222,53.5211]]]}},{"type":"Feature","properties":{"c":"E07000038","n":"North East Derbyshire"},"geometry":{"type":"Polygon","coordinates":[[[-1.3247,53.3288],[-1.299,53.3325],[-1.2886,53.3262],[-1.2957,53.315],[-1.282,53.3095],[-1.3219,53.3091],[-1.3107,53.2979],[-1.3241,53.2951],[-1.3167,53.2817],[-1.3336,53.2898],[-1.3669,53.2892],[-1.3771,53.299],[-1.3993,53.282],[-1.4154,53.2876],[-1.439,53.2802],[-1.4571,53.2837],[-1.4641,53.268],[-1.4807,53.2634],[-1.4711,53.2594],[-1.4816,53.2465],[-1.4714,53.2362],[-1.4842,53.229],[-1.4795,53.2222],[-1.4412,53.2206],[-1.44,53.2136],[-1.4208,53.2125],[-1.401,53.214],[-1.4008,53.2343],[-1.3803,53.2438],[-1.3508,53.2463],[-1.3471,53.2395],[-1.3192,53.2395],[-1.3106,53.2161],[-1.3185,53.1859],[-1.3567,53.1855],[-1.3782,53.1737],[-1.3528,53.1588],[-1.3778,53.1361],[-1.3737,53.1079],[-1.4483,53.1037],[-1.4954,53.134],[-1.55,53.1855],[-1.5483,53.1999],[-1.5156,53.2027],[-1.569,53.2231],[-1.5721,53.241],[-1.5572,53.2496],[-1.5658,53.2614],[-1.585,53.2627],[-1.5894,53.2788],[-1.5786,53.2865],[-1.5975,53.2958],[-1.5991,53.3113],[-1.5849,53.3216],[-1.5805,53.3117],[-1.5617,53.316],[-1.5617,53.3064],[-1.5368,53.3047],[-1.5021,53.3176],[-1.4679,53.3171],[-1.4552,53.3219],[-1.4599,53.3307],[-1.442,53.3375],[-1.4209,53.3346],[-1.411,53.342],[-1.3866,53.3349],[-1.3867,53.3176],[-1.3378,53.3158],[-1.3247,53.3288]]]}},{"type":"Feature","properties":{"c":"E07000039","n":"South Derbyshire"},"geometry":{"type":"Polygon","coordinates":[[[-1.5441,52.9242],[-1.5568,52.9146],[-1.5417,52.8895],[-1.5031,52.8848],[-1.4937,52.8698],[-1.4641,52.8726],[-1.4462,52.8613],[-1.4236,52.8651],[-1.4189,52.8845],[-1.4028,52.9005],[-1.3884,52.9015],[-1.3397,52.8898],[-1.3499,52.8806],[-1.3193,52.8729],[-1.3257,52.8659],[-1.3455,52.8673],[-1.3511,52.8533],[-1.3606,52.8554],[-1.3944,52.8368],[-1.3879,52.833],[-1.4177,52.8016],[-1.4437,52.8026],[-1.4425,52.7929],[-1.4628,52.7869],[-1.4559,52.7771],[-1.4685,52.7669],[-1.494,52.759],[-1.5039,52.7675],[-1.5528,52.7633],[-1.5625,52.7506],[-1.5446,52.7317],[-1.5501,52.7204],[-1.5975,52.7004],[-1.6551,52.6988],[-1.6566,52.7217],[-1.7042,52.7321],[-1.6665,52.7847],[-1.6111,52.7814],[-1.6143,52.7883],[-1.5889,52.7999],[-1.5917,52.8093],[-1.6105,52.8164],[-1.5854,52.8316],[-1.6268,52.8545],[-1.6895,52.8645],[-1.7006,52.8606],[-1.7045,52.8667],[-1.7253,52.8597],[-1.746,52.8687],[-1.7366,52.8952],[-1.749,52.9125],[-1.7145,52.9096],[-1.7082,52.922],[-1.6782,52.9216],[-1.6589,52.9026],[-1.6503,52.9445],[-1.6071,52.9472],[-1.6041,52.9369],[-1.5701,52.9358],[-1.5441,52.9242]]]}},{"type":"Feature","properties":{"c":"E07000040","n":"East Devon"},"geometry":{"type":"Polygon","coordinates":[[[-3.0526,50.9086],[-3.055,50.8745],[-3.0326,50.8616],[-3.0368,50.8511],[-2.9736,50.8558],[-2.9698,50.8342],[-2.9543,50.8212],[-2.9613,50.8156],[-2.8928,50.8048],[-2.8866,50.7948],[-2.9543,50.7677],[-2.9351,50.7543],[-2.9531,50.7285],[-2.9474,50.7184],[-2.9477,50.7182],[-3.0269,50.6989],[-3.0297,50.699],[-3.0534,50.7041],[-3.0549,50.7025],[-3.0824,50.7016],[-3.0953,50.6861],[-3.0961,50.6852],[-3.1338,50.685],[-3.1921,50.6845],[-3.2578,50.6732],[-3.2896,50.6422],[-3.301,50.6321],[-3.3088,50.6476],[-3.3067,50.6296],[-3.3407,50.6219],[-3.348,50.6206],[-3.3485,50.6201],[-3.3524,50.6192],[-3.358,50.6118],[-3.3619,50.6066],[-3.3897,50.6114],[-3.4148,50.6157],[-3.424,50.6173],[-3.4215,50.6229],[-3.4155,50.6293],[-3.4515,50.6819],[-3.4511,50.6822],[-3.4525,50.6834],[-3.4609,50.6956],[-3.4596,50.6892],[-3.4714,50.6988],[-3.4652,50.745],[-3.5127,50.7615],[-3.552,50.7451],[-3.5697,50.745],[-3.5855,50.7439],[-3.5705,50.7602],[-3.5568,50.758],[-3.5474,50.773],[-3.5634,50.775],[-3.572,50.7885],[-3.5247,50.787],[-3.5267,50.7975],[-3.505,50.8144],[-3.5074,50.8273],[-3.4968,50.817],[-3.5025,50.799],[-3.4807,50.7994],[-3.4833,50.792],[-3.4608,50.8033],[-3.4433,50.8003],[-3.4298,50.812],[-3.4105,50.8046],[-3.36,50.8119],[-3.3676,50.8295],[-3.3559,50.8339],[-3.357,50.8269],[-3.3436,50.8258],[-3.3482,50.8467],[-3.3283,50.857],[-3.2814,50.8557],[-3.2827,50.8663],[-3.233,50.895],[-3.2176,50.8929],[-3.2072,50.8771],[-3.1762,50.8771],[-3.1442,50.8914],[-3.1263,50.9017],[-3.0526,50.9086]]]}},{"type":"Feature","properties":{"c":"E07000041","n":"Exeter"},"geometry":{"type":"Polygon","coordinates":[[[-3.5127,50.7615],[-3.4652,50.745],[-3.4714,50.6988],[-3.4596,50.6892],[-3.4571,50.6766],[-3.4579,50.6758],[-3.4683,50.6832],[-3.4698,50.6823],[-3.4697,50.6812],[-3.4695,50.6783],[-3.4945,50.6928],[-3.5391,50.6929],[-3.5628,50.7069],[-3.5697,50.745],[-3.552,50.7451],[-3.5127,50.7615]]]}},{"type":"Feature","properties":{"c":"E07000042","n":"Mid Devon"},"geometry":{"type":"Polygon","coordinates":[[[-3.1442,50.8914],[-3.1762,50.8771],[-3.2072,50.8771],[-3.2176,50.8929],[-3.233,50.895],[-3.2827,50.8663],[-3.2814,50.8557],[-3.3283,50.857],[-3.3482,50.8467],[-3.3436,50.8258],[-3.357,50.8269],[-3.3559,50.8339],[-3.3676,50.8295],[-3.36,50.8119],[-3.4105,50.8046],[-3.4298,50.812],[-3.4433,50.8003],[-3.4608,50.8033],[-3.4833,50.792],[-3.4807,50.7994],[-3.5025,50.799],[-3.4968,50.817],[-3.5074,50.8273],[-3.505,50.8144],[-3.5267,50.7975],[-3.5247,50.787],[-3.572,50.7885],[-3.5634,50.775],[-3.5474,50.773],[-3.5568,50.758],[-3.5705,50.7602],[-3.5855,50.7439],[-3.6088,50.7542],[-3.62,50.7509],[-3.6718,50.764],[-3.6801,50.7499],[-3.7083,50.7487],[-3.7233,50.7282],[-3.7375,50.7235],[-3.7242,50.7157],[-3.7356,50.7032],[-3.7663,50.7276],[-3.8186,50.717],[-3.8363,50.7322],[-3.8058,50.759],[-3.822,50.781],[-3.8453,50.7813],[-3.8359,50.793],[-3.8391,50.8184],[-3.8778,50.8189],[-3.8996,50.8346],[-3.8843,50.8482],[-3.9035,50.8479],[-3.9259,50.8696],[-3.8986,50.8775],[-3.9202,50.8977],[-3.9042,50.9051],[-3.8291,50.907],[-3.8168,50.9146],[-3.817,50.9018],[-3.7833,50.9025],[-3.7536,50.8768],[-3.7448,50.8903],[-3.7347,50.8907],[-3.7281,50.9108],[-3.6275,50.9196],[-3.6126,50.9266],[-3.5961,50.944],[-3.5978,50.9672],[-3.6196,50.9682],[-3.6288,51.0058],[-3.6051,50.9902],[-3.6032,51.0072],[-3.535,51.0033],[-3.5189,51.0148],[-3.5205,51.0259],[-3.5043,51.0302],[-3.4834,51.0338],[-3.4602,51.0252],[-3.4213,51.0308],[-3.4142,51.0197],[-3.3805,51.0185],[-3.3787,50.9775],[-3.3337,50.9828],[-3.2938,50.9551],[-3.2548,50.9418],[-3.1665,50.9477],[-3.188,50.9103],[-3.1442,50.8914]]]}},{"type":"Feature","properties":{"c":"E07000043","n":"North Devon"},"geometry":{"type":"Polygon","coordinates":[[[-3.7698,51.2377],[-3.7208,51.2331],[-3.7206,51.2331],[-3.7332,51.2227],[-3.725,51.1796],[-3.7863,51.1719],[-3.8392,51.1769],[-3.8345,51.1384],[-3.8043,51.1157],[-3.7199,51.0808],[-3.6925,51.0806],[-3.6467,51.0581],[-3.5945,51.0552],[-3.6147,51.0155],[-3.6032,51.0072],[-3.6051,50.9902],[-3.6288,51.0058],[-3.6196,50.9682],[-3.5978,50.9672],[-3.5961,50.944],[-3.6126,50.9266],[-3.6275,50.9196],[-3.7281,50.9108],[-3.7347,50.8907],[-3.7448,50.8903],[-3.7536,50.8768],[-3.7833,50.9025],[-3.817,50.9018],[-3.8168,50.9146],[-3.8291,50.907],[-3.9042,50.9051],[-3.9044,50.9274],[-3.9542,50.9177],[-3.9967,50.926],[-3.9939,50.9484],[-3.961,50.9558],[-3.9583,50.9815],[-3.9837,50.9821],[-4.0115,50.9673],[-4.0361,50.9812],[-4.0343,51.0076],[-4.064,51.0103],[-4.0861,51.0027],[-4.121,51.0109],[-4.1161,51.0193],[-4.1603,51.0144],[-4.1784,51.0243],[-4.2027,51.0206],[-4.1888,51.0412],[-4.1797,51.0487],[-4.1798,51.0675],[-4.1516,51.0735],[-4.153,51.0802],[-4.1637,51.0836],[-4.1631,51.1007],[-4.1666,51.0805],[-4.1854,51.0762],[-4.1891,51.0663],[-4.2168,51.0764],[-4.2225,51.1177],[-4.2365,51.12],[-4.2402,51.121],[-4.2359,51.1309],[-4.2504,51.1376],[-4.2584,51.1412],[-4.2613,51.1429],[-4.2238,51.1442],[-4.2162,51.1516],[-4.2115,51.1784],[-4.2293,51.1885],[-4.2106,51.1905],[-4.2016,51.2003],[-4.1857,51.1984],[-4.1776,51.1973],[-4.1141,51.2115],[-4.0981,51.2109],[-4.0919,51.2164],[-4.0878,51.2173],[-4.0387,51.2067],[-4.0294,51.2155],[-4.0279,51.2164],[-4.006,51.2173],[-3.9583,51.2191],[-3.9257,51.2319],[-3.9235,51.2314],[-3.892,51.2238],[-3.8543,51.2344],[-3.8537,51.2346],[-3.8135,51.2311],[-3.8114,51.2323],[-3.8103,51.2322],[-3.7868,51.2462],[-3.7698,51.2377]]]}},{"type":"Feature","properties":{"c":"E07000044","n":"South Hams"},"geometry":{"type":"Polygon","coordinates":[[[-3.8447,50.5344],[-3.8272,50.5164],[-3.7992,50.5362],[-3.7995,50.5217],[-3.7848,50.5177],[-3.7918,50.5014],[-3.7759,50.4956],[-3.7982,50.4894],[-3.7767,50.4639],[-3.7589,50.4668],[-3.7692,50.4858],[-3.7676,50.5036],[-3.7563,50.5104],[-3.7374,50.5063],[-3.7117,50.4824],[-3.6698,50.4621],[-3.6555,50.4721],[-3.6588,50.4646],[-3.6452,50.4611],[-3.6138,50.4693],[-3.6031,50.4845],[-3.5842,50.4777],[-3.5869,50.4522],[-3.6251,50.4413],[-3.628,50.4259],[-3.599,50.4093],[-3.5799,50.4102],[-3.5747,50.3941],[-3.5442,50.3734],[-3.5077,50.3791],[-3.5179,50.3464],[-3.5189,50.3458],[-3.54,50.337],[-3.5511,50.3383],[-3.5736,50.3479],[-3.5643,50.3527],[-3.5763,50.3633],[-3.5756,50.3639],[-3.5686,50.3688],[-3.5947,50.3822],[-3.5947,50.3821],[-3.595,50.3822],[-3.5947,50.382],[-3.5944,50.3807],[-3.5806,50.3722],[-3.5805,50.3721],[-3.5844,50.3603],[-3.5768,50.3512],[-3.5767,50.3462],[-3.571,50.3442],[-3.5635,50.3354],[-3.5724,50.3261],[-3.5922,50.3219],[-3.6112,50.3181],[-3.6114,50.3179],[-3.6131,50.3175],[-3.6427,50.2901],[-3.6565,50.2482],[-3.6596,50.239],[-3.6591,50.2385],[-3.6592,50.2381],[-3.6434,50.2242],[-3.6407,50.2218],[-3.681,50.2224],[-3.6835,50.2211],[-3.6992,50.2129],[-3.7208,50.2024],[-3.7375,50.2148],[-3.7733,50.2242],[-3.7713,50.2264],[-3.7613,50.2362],[-3.7263,50.2367],[-3.7391,50.2411],[-3.7227,50.2472],[-3.7203,50.2481],[-3.724,50.2472],[-3.7495,50.2409],[-3.7541,50.2408],[-3.755,50.2438],[-3.749,50.256],[-3.7567,50.2548],[-3.7673,50.2631],[-3.7741,50.257],[-3.7649,50.254],[-3.7615,50.2466],[-3.7588,50.2406],[-3.7677,50.2425],[-3.7679,50.2423],[-3.7753,50.2438],[-3.7703,50.2397],[-3.7782,50.2312],[-3.7819,50.2296],[-3.7867,50.2108],[-3.8024,50.2129],[-3.8198,50.2165],[-3.8447,50.2279],[-3.8679,50.2397],[-3.8672,50.2415],[-3.8591,50.2425],[-3.859,50.2451],[-3.8581,50.2607],[-3.8591,50.2613],[-3.8591,50.2614],[-3.8729,50.2706],[-3.8817,50.2765],[-3.8769,50.2803],[-3.8696,50.2791],[-3.8654,50.2846],[-3.871,50.2813],[-3.8951,50.2818],[-3.8992,50.2844],[-3.8979,50.2864],[-3.9103,50.2941],[-3.9149,50.2943],[-3.9177,50.2961],[-3.9437,50.2959],[-3.9468,50.3068],[-3.9485,50.3098],[-3.9526,50.3082],[-3.9528,50.3084],[-3.9749,50.3053],[-3.9919,50.3075],[-4.0158,50.2994],[-4.0431,50.2955],[-4.0717,50.305],[-4.0631,50.3081],[-4.0333,50.3134],[-4.0532,50.3177],[-4.056,50.3114],[-4.0581,50.3116],[-4.119,50.3194],[-4.1196,50.3358],[-4.123,50.3364],[-4.1232,50.3464],[-4.1231,50.3467],[-4.1231,50.3468],[-4.0906,50.3409],[-4.0529,50.3565],[-4.0502,50.3775],[-4.0271,50.379],[-4.0212,50.3918],[-4.0396,50.4014],[-4.0715,50.4019],[-4.0827,50.4247],[-4.1095,50.4321],[-4.1135,50.4442],[-4.1357,50.4329],[-4.1559,50.4364],[-4.1657,50.4268],[-4.1732,50.4239],[-4.1853,50.4264],[-4.1898,50.4285],[-4.1812,50.4351],[-4.1742,50.4375],[-4.1691,50.4444],[-4.1627,50.4494],[-4.1565,50.4464],[-4.1519,50.4637],[-4.1086,50.463],[-4.1073,50.4504],[-4.0778,50.4699],[-4.0602,50.454],[-4.0238,50.4621],[-4.0231,50.4687],[-4.0079,50.4697],[-3.956,50.5002],[-3.9458,50.4983],[-3.9488,50.4887],[-3.899,50.4726],[-3.8802,50.4857],[-3.8926,50.5139],[-3.8892,50.5363],[-3.8756,50.5424],[-3.8714,50.5341],[-3.8447,50.5344]]]}},{"type":"Feature","properties":{"c":"E07000045","n":"Teignbridge"},"geometry":{"type":"Polygon","coordinates":[[[-3.5855,50.7439],[-3.5697,50.745],[-3.5628,50.7069],[-3.5391,50.6929],[-3.4945,50.6928],[-3.4695,50.6783],[-3.4682,50.664],[-3.4513,50.6471],[-3.4469,50.6201],[-3.4468,50.6172],[-3.4464,50.617],[-3.4453,50.6107],[-3.4445,50.6058],[-3.4452,50.6056],[-3.4445,50.6058],[-3.4439,50.6016],[-3.4278,50.6109],[-3.4271,50.6114],[-3.425,50.612],[-3.4263,50.611],[-3.467,50.5781],[-3.4684,50.563],[-3.4998,50.5405],[-3.5011,50.5459],[-3.5098,50.5429],[-3.4974,50.5383],[-3.5065,50.5208],[-3.5091,50.5166],[-3.5208,50.5177],[-3.5299,50.5046],[-3.5648,50.487],[-3.5698,50.4907],[-3.5842,50.4777],[-3.6031,50.4845],[-3.6138,50.4693],[-3.6452,50.4611],[-3.6588,50.4646],[-3.6555,50.4721],[-3.6698,50.4621],[-3.7117,50.4824],[-3.7374,50.5063],[-3.7563,50.5104],[-3.7676,50.5036],[-3.7692,50.4858],[-3.7589,50.4668],[-3.7767,50.4639],[-3.7982,50.4894],[-3.7759,50.4956],[-3.7918,50.5014],[-3.7848,50.5177],[-3.7995,50.5217],[-3.7992,50.5362],[-3.8272,50.5164],[-3.8447,50.5344],[-3.8714,50.5341],[-3.8756,50.5424],[-3.8697,50.5713],[-3.8825,50.5967],[-3.8435,50.6471],[-3.8046,50.6559],[-3.812,50.659],[-3.7972,50.6749],[-3.8114,50.6912],[-3.7351,50.6959],[-3.7356,50.7032],[-3.7242,50.7157],[-3.7375,50.7235],[-3.7233,50.7282],[-3.7083,50.7487],[-3.6801,50.7499],[-3.6718,50.764],[-3.62,50.7509],[-3.6088,50.7542],[-3.5855,50.7439]]]}},{"type":"Feature","properties":{"c":"E07000046","n":"Torridge"},"geometry":{"type":"Polygon","coordinates":[[[-4.2165,51.0636],[-4.2102,51.0524],[-4.1908,51.0548],[-4.1907,51.0547],[-4.1979,51.0337],[-4.1888,51.0412],[-4.2027,51.0206],[-4.1784,51.0243],[-4.1603,51.0144],[-4.1161,51.0193],[-4.121,51.0109],[-4.0861,51.0027],[-4.064,51.0103],[-4.0343,51.0076],[-4.0361,50.9812],[-4.0115,50.9673],[-3.9837,50.9821],[-3.9583,50.9815],[-3.961,50.9558],[-3.9939,50.9484],[-3.9967,50.926],[-3.9542,50.9177],[-3.9044,50.9274],[-3.9042,50.9051],[-3.9202,50.8977],[-3.8986,50.8775],[-3.9259,50.8696],[-3.9035,50.8479],[-3.8843,50.8482],[-3.8996,50.8346],[-3.9405,50.8256],[-3.9589,50.8554],[-3.9954,50.8518],[-3.9951,50.8692],[-4.0362,50.8594],[-4.04,50.8685],[-4.052,50.8627],[-4.0687,50.8746],[-4.0899,50.8674],[-4.0854,50.8578],[-4.1031,50.8503],[-4.1028,50.8354],[-4.1287,50.8441],[-4.1407,50.8321],[-4.164,50.8309],[-4.1583,50.8154],[-4.1772,50.8072],[-4.1688,50.7977],[-4.1908,50.7897],[-4.1665,50.787],[-4.2058,50.7749],[-4.186,50.7577],[-4.2268,50.7422],[-4.235,50.7134],[-4.232,50.6954],[-4.2147,50.6888],[-4.2126,50.678],[-4.2222,50.6712],[-4.3131,50.6624],[-4.3352,50.6465],[-4.3489,50.6895],[-4.3693,50.7023],[-4.3616,50.7188],[-4.385,50.7478],[-4.381,50.7706],[-4.3936,50.7782],[-4.4144,50.7744],[-4.4087,50.7624],[-4.4239,50.7645],[-4.4513,50.7857],[-4.4935,50.7929],[-4.4468,50.8082],[-4.4422,50.8469],[-4.4337,50.8655],[-4.421,50.8661],[-4.4627,50.9135],[-4.4561,50.9289],[-4.546,50.9288],[-4.541,50.9518],[-4.5257,51.0223],[-4.4254,51.0137],[-4.4244,51.0131],[-4.3909,50.9947],[-4.343,50.989],[-4.303,50.9978],[-4.2823,51.014],[-4.2492,51.0399],[-4.2426,51.0414],[-4.241,51.0464],[-4.2179,51.0645],[-4.2165,51.0636]]]}},{"type":"Feature","properties":{"c":"E07000047","n":"West Devon"},"geometry":{"type":"Polygon","coordinates":[[[-4.0687,50.8746],[-4.052,50.8627],[-4.04,50.8685],[-4.0362,50.8594],[-3.9951,50.8692],[-3.9954,50.8518],[-3.9589,50.8554],[-3.9405,50.8256],[-3.8996,50.8346],[-3.8778,50.8189],[-3.8391,50.8184],[-3.8359,50.793],[-3.8453,50.7813],[-3.822,50.781],[-3.8058,50.759],[-3.8363,50.7322],[-3.8186,50.717],[-3.7663,50.7276],[-3.7356,50.7032],[-3.7351,50.6959],[-3.8114,50.6912],[-3.7972,50.6749],[-3.812,50.659],[-3.8046,50.6559],[-3.8435,50.6471],[-3.8825,50.5967],[-3.8697,50.5713],[-3.8756,50.5424],[-3.8892,50.5363],[-3.8926,50.5139],[-3.8802,50.4857],[-3.899,50.4726],[-3.9488,50.4887],[-3.9458,50.4983],[-3.956,50.5002],[-4.0079,50.4697],[-4.0231,50.4687],[-4.0238,50.4621],[-4.0602,50.454],[-4.0778,50.4699],[-4.1073,50.4504],[-4.1086,50.463],[-4.1519,50.4637],[-4.1518,50.4638],[-4.152,50.4637],[-4.1549,50.4638],[-4.1606,50.456],[-4.1851,50.4342],[-4.1913,50.4354],[-4.1997,50.4369],[-4.2007,50.4364],[-4.2151,50.4666],[-4.2296,50.4558],[-4.2386,50.464],[-4.2181,50.4759],[-4.2209,50.4981],[-4.1994,50.4924],[-4.1807,50.5037],[-4.1858,50.5084],[-4.2028,50.5032],[-4.2073,50.5336],[-4.2323,50.531],[-4.2479,50.5439],[-4.2715,50.5366],[-4.2593,50.5458],[-4.2795,50.5692],[-4.2711,50.5822],[-4.286,50.5847],[-4.2861,50.5749],[-4.2913,50.5839],[-4.3069,50.5786],[-4.3116,50.5861],[-4.3003,50.6339],[-4.3256,50.6377],[-4.3352,50.6465],[-4.3131,50.6624],[-4.2222,50.6712],[-4.2126,50.678],[-4.2147,50.6888],[-4.232,50.6954],[-4.235,50.7134],[-4.2268,50.7422],[-4.186,50.7577],[-4.2058,50.7749],[-4.1665,50.787],[-4.1908,50.7897],[-4.1688,50.7977],[-4.1772,50.8072],[-4.1583,50.8154],[-4.164,50.8309],[-4.1407,50.8321],[-4.1287,50.8441],[-4.1028,50.8354],[-4.1031,50.8503],[-4.0854,50.8578],[-4.0899,50.8674],[-4.0687,50.8746]]]}},{"type":"Feature","properties":{"c":"E07000061","n":"Eastbourne"},"geometry":{"type":"Polygon","coordinates":[[[0.3392,50.7991],[0.31,50.7767],[0.2664,50.7432],[0.2604,50.7386],[0.21,50.7385],[0.2098,50.7385],[0.2164,50.7747],[0.2339,50.7954],[0.2277,50.8009],[0.2459,50.8055],[0.2588,50.7994],[0.2674,50.8106],[0.2769,50.8048],[0.2894,50.8131],[0.3392,50.7991]]]}},{"type":"Feature","properties":{"c":"E07000062","n":"Hastings"},"geometry":{"type":"Polygon","coordinates":[[[0.6579,50.8698],[0.6458,50.8667],[0.5249,50.8452],[0.5028,50.8425],[0.5086,50.8509],[0.5212,50.8517],[0.5199,50.8772],[0.537,50.8948],[0.6037,50.8786],[0.6209,50.8842],[0.6579,50.8698]]]}},{"type":"Feature","properties":{"c":"E07000063","n":"Lewes"},"geometry":{"type":"Polygon","coordinates":[[[0.15,50.7587],[0.1489,50.7591],[0.122,50.7583],[0.1069,50.7639],[0.0684,50.7818],[0.0595,50.7817],[0.0583,50.7821],[0.0584,50.7817],[0.0558,50.7816],[0.0578,50.7761],[0.0337,50.7818],[-0.015,50.7935],[-0.0385,50.7991],[-0.016,50.8149],[-0.0204,50.8218],[-0.046,50.8218],[-0.0369,50.8412],[-0.0735,50.8412],[-0.0849,50.8731],[-0.0975,50.8779],[-0.1218,50.8734],[-0.1353,50.8781],[-0.135,50.8867],[-0.1198,50.9423],[-0.1042,50.9465],[-0.1151,50.9761],[-0.0736,50.9917],[-0.0616,50.9784],[-0.0246,50.98],[-0.0164,51.0025],[0.0038,50.9936],[0.0112,50.9776],[0.0274,50.9809],[0.039,50.9666],[0.0537,50.9677],[0.0482,50.9465],[0.0573,50.9261],[0.1219,50.9153],[0.0919,50.8849],[0.0985,50.87],[0.1146,50.8707],[0.1273,50.8568],[0.0979,50.8203],[0.1192,50.7942],[0.1437,50.7928],[0.15,50.7587]]]}},{"type":"Feature","properties":{"c":"E07000064","n":"Rother"},"geometry":{"type":"Polygon","coordinates":[[[0.6054,51.0121],[0.6614,51.0178],[0.677,51.0033],[0.7068,50.9936],[0.7406,51.0007],[0.779,50.9895],[0.7771,50.9754],[0.7843,50.9772],[0.8129,50.942],[0.8414,50.9576],[0.856,50.9531],[0.8679,50.9333],[0.8547,50.9239],[0.8445,50.9249],[0.772,50.9313],[0.7749,50.9273],[0.7591,50.9225],[0.7587,50.9224],[0.7585,50.9223],[0.7297,50.9134],[0.6586,50.8699],[0.6579,50.8698],[0.6209,50.8842],[0.6037,50.8786],[0.537,50.8948],[0.5199,50.8772],[0.5212,50.8517],[0.5086,50.8509],[0.5028,50.8425],[0.5007,50.8423],[0.3778,50.8204],[0.3754,50.8406],[0.4412,50.8678],[0.4491,50.879],[0.4355,50.8939],[0.4161,50.8969],[0.3791,50.8835],[0.3679,50.888],[0.3743,50.8984],[0.3578,50.9173],[0.3668,50.933],[0.3427,50.9394],[0.3359,50.953],[0.3436,50.9591],[0.324,50.9629],[0.3216,50.9967],[0.3287,51.0129],[0.354,51.0175],[0.3466,51.0241],[0.3614,51.0653],[0.3958,51.0739],[0.3965,51.0831],[0.4183,51.0626],[0.4633,51.0548],[0.4723,51.0304],[0.5376,51.0216],[0.5417,51.0111],[0.5708,51.0035],[0.6054,51.0121]]]}},{"type":"Feature","properties":{"c":"E07000065","n":"Wealden"},"geometry":{"type":"Polygon","coordinates":[[[0.1607,51.1373],[0.1512,51.1238],[0.1715,51.1154],[0.2263,51.1245],[0.2446,51.1148],[0.2756,51.1123],[0.2749,51.1207],[0.3252,51.123],[0.3351,51.1055],[0.359,51.1045],[0.3508,51.0841],[0.3738,51.0885],[0.3965,51.0831],[0.3958,51.0739],[0.3614,51.0653],[0.3466,51.0241],[0.354,51.0175],[0.3287,51.0129],[0.3216,50.9967],[0.324,50.9629],[0.3436,50.9591],[0.3359,50.953],[0.3427,50.9394],[0.3668,50.933],[0.3578,50.9173],[0.3743,50.8984],[0.3679,50.888],[0.3791,50.8835],[0.4161,50.8969],[0.4355,50.8939],[0.4491,50.879],[0.4412,50.8678],[0.3754,50.8406],[0.3778,50.8204],[0.3775,50.8204],[0.3393,50.7991],[0.3392,50.7991],[0.2894,50.8131],[0.2769,50.8048],[0.2674,50.8106],[0.2588,50.7994],[0.2459,50.8055],[0.2277,50.8009],[0.2339,50.7954],[0.2164,50.7747],[0.2098,50.7385],[0.1555,50.7568],[0.15,50.7587],[0.1437,50.7928],[0.1192,50.7942],[0.0979,50.8203],[0.1273,50.8568],[0.1146,50.8707],[0.0985,50.87],[0.0919,50.8849],[0.1219,50.9153],[0.0573,50.9261],[0.0482,50.9465],[0.0537,50.9677],[0.039,50.9666],[0.0274,50.9809],[0.0112,50.9776],[0.0038,50.9936],[-0.0164,51.0025],[-0.0219,51.0265],[-0.0016,51.0358],[-0.003,51.0476],[0.0137,51.057],[-0.0085,51.0565],[-0.0133,51.074],[-0.0269,51.0751],[-0.0362,51.0934],[0.0105,51.1022],[0.0095,51.1104],[0.0186,51.1036],[0.0445,51.1106],[0.0281,51.1177],[0.0274,51.1398],[0.05,51.1427],[0.1331,51.1473],[0.1607,51.1373]]]}},{"type":"Feature","properties":{"c":"E07000066","n":"Basildon"},"geometry":{"type":"Polygon","coordinates":[[[0.5625,51.6179],[0.549,51.5966],[0.5659,51.5882],[0.5428,51.5716],[0.543,51.5347],[0.518,51.53],[0.5062,51.5383],[0.5091,51.5342],[0.482,51.5486],[0.4667,51.5467],[0.4617,51.5537],[0.4276,51.5451],[0.4186,51.5567],[0.3935,51.5577],[0.3918,51.5672],[0.3826,51.5658],[0.3751,51.6152],[0.4022,51.651],[0.4429,51.6467],[0.4468,51.6267],[0.459,51.6238],[0.5048,51.6217],[0.5146,51.627],[0.5208,51.6188],[0.5625,51.6179]]]}},{"type":"Feature","properties":{"c":"E07000067","n":"Braintree"},"geometry":{"type":"Polygon","coordinates":[[[0.7815,51.9665],[0.764,51.9543],[0.7495,51.9547],[0.7263,51.9059],[0.6996,51.9034],[0.7228,51.8788],[0.7163,51.8713],[0.7366,51.8717],[0.7529,51.8631],[0.7503,51.8536],[0.7331,51.8485],[0.7417,51.8397],[0.7119,51.8346],[0.7213,51.8302],[0.7089,51.8189],[0.6973,51.8291],[0.6787,51.8106],[0.6598,51.8057],[0.6512,51.7849],[0.6333,51.7761],[0.6475,51.7615],[0.6186,51.7626],[0.5987,51.7504],[0.5934,51.7554],[0.5721,51.7519],[0.5238,51.8034],[0.5341,51.8109],[0.5193,51.8504],[0.5135,51.8644],[0.4672,51.8787],[0.433,51.9248],[0.4213,51.9263],[0.4301,51.9538],[0.4125,51.9711],[0.4236,51.9732],[0.4269,51.9868],[0.4139,52.0117],[0.4378,52.0141],[0.4314,52.0389],[0.394,52.0318],[0.3897,52.0365],[0.3796,52.0496],[0.4046,52.0655],[0.4383,52.0723],[0.4536,52.0681],[0.4666,52.0784],[0.5017,52.0539],[0.5111,52.0599],[0.5423,52.0577],[0.5514,52.0688],[0.582,52.0759],[0.6569,52.0854],[0.6842,52.087],[0.7121,52.0722],[0.7032,52.0653],[0.7163,52.0487],[0.6994,52.0484],[0.6965,52.0393],[0.7144,52.0273],[0.7406,52.0312],[0.7385,52.0107],[0.7611,51.9975],[0.7597,51.9854],[0.7746,51.9826],[0.7723,51.9704],[0.7815,51.9665]]]}},{"type":"Feature","properties":{"c":"E07000068","n":"Brentwood"},"geometry":{"type":"Polygon","coordinates":[[[0.4022,51.651],[0.3751,51.6152],[0.3826,51.5658],[0.313,51.5658],[0.2903,51.5643],[0.2699,51.5996],[0.254,51.6016],[0.2646,51.6083],[0.2522,51.6178],[0.2241,51.6317],[0.2003,51.6249],[0.1757,51.6558],[0.193,51.6531],[0.1909,51.6598],[0.2082,51.661],[0.215,51.6749],[0.2391,51.6742],[0.2325,51.6838],[0.2654,51.6996],[0.3021,51.681],[0.3231,51.7142],[0.334,51.717],[0.3466,51.6939],[0.3606,51.6904],[0.3775,51.6987],[0.4015,51.6824],[0.4126,51.6709],[0.4001,51.6623],[0.4022,51.651]]]}},{"type":"Feature","properties":{"c":"E07000069","n":"Castle Point"},"geometry":{"type":"Polygon","coordinates":[[[0.6321,51.5705],[0.6269,51.5383],[0.6265,51.5382],[0.6258,51.5381],[0.6083,51.5349],[0.5941,51.5375],[0.5721,51.5414],[0.5939,51.535],[0.6221,51.5269],[0.6184,51.5203],[0.6369,51.5219],[0.5926,51.5121],[0.5734,51.5079],[0.5537,51.5099],[0.5486,51.5127],[0.548,51.5157],[0.5432,51.5158],[0.518,51.53],[0.543,51.5347],[0.5428,51.5716],[0.5659,51.5882],[0.6321,51.5705]]]}},{"type":"Feature","properties":{"c":"E07000070","n":"Chelmsford"},"geometry":{"type":"Polygon","coordinates":[[[0.5193,51.8504],[0.5341,51.8109],[0.5238,51.8034],[0.5721,51.7519],[0.5934,51.7554],[0.5895,51.7302],[0.6112,51.7228],[0.6019,51.7102],[0.6126,51.6988],[0.6088,51.6819],[0.6198,51.6753],[0.6287,51.6395],[0.6489,51.6367],[0.5883,51.6309],[0.587,51.6234],[0.5625,51.6179],[0.5208,51.6188],[0.5146,51.627],[0.5048,51.6217],[0.459,51.6238],[0.4468,51.6267],[0.4429,51.6467],[0.4022,51.651],[0.4001,51.6623],[0.4126,51.6709],[0.4015,51.6824],[0.3775,51.6987],[0.3606,51.6904],[0.3466,51.6939],[0.334,51.717],[0.3475,51.7304],[0.3467,51.7676],[0.3322,51.7796],[0.3406,51.7945],[0.3626,51.7949],[0.3616,51.8012],[0.3842,51.7971],[0.4,51.8128],[0.4046,51.8074],[0.4143,51.8142],[0.4035,51.8403],[0.4132,51.8567],[0.424,51.8542],[0.4311,51.8318],[0.4457,51.8289],[0.5193,51.8504]]]}},{"type":"Feature","properties":{"c":"E07000071","n":"Colchester"},"geometry":{"type":"MultiPolygon","coordinates":[[[[0.9456,51.7747],[0.9024,51.7737],[0.9018,51.7861],[0.9246,51.7956],[0.9428,51.8067],[0.9658,51.8087],[0.9991,51.8019],[1.0,51.7931],[0.9456,51.7747]]],[[[0.9626,51.9772],[0.971,51.9624],[0.9987,51.964],[1.0247,51.9549],[1.0058,51.9356],[0.9576,51.9373],[0.9312,51.9197],[0.9571,51.9036],[0.9488,51.8968],[0.9626,51.8907],[0.9529,51.8803],[0.9783,51.8722],[0.9781,51.854],[0.965,51.8513],[0.9776,51.8473],[0.9775,51.8409],[0.9775,51.8356],[0.9664,51.8294],[0.9822,51.8174],[0.9658,51.8226],[0.9619,51.8331],[0.9556,51.8294],[0.9434,51.8222],[0.9912,51.8073],[0.9599,51.8102],[0.9162,51.8114],[0.9207,51.805],[0.937,51.8058],[0.9216,51.8039],[0.9041,51.8042],[0.8988,51.7927],[0.8924,51.7792],[0.8665,51.7928],[0.8723,51.7832],[0.8487,51.7873],[0.8417,51.7823],[0.8299,51.789],[0.8429,51.781],[0.837,51.7795],[0.8039,51.7897],[0.8159,51.7892],[0.8119,51.7991],[0.7791,51.8116],[0.7542,51.801],[0.7182,51.7974],[0.7133,51.8085],[0.7217,51.81],[0.7089,51.8189],[0.7213,51.8302],[0.7119,51.8346],[0.7417,51.8397],[0.7331,51.8485],[0.7503,51.8536],[0.7529,51.8631],[0.7366,51.8717],[0.7163,51.8713],[0.7228,51.8788],[0.6996,51.9034],[0.7263,51.9059],[0.7495,51.9547],[0.764,51.9543],[0.7815,51.9665],[0.8109,51.9607],[0.8247,51.9685],[0.8502,51.9608],[0.8897,51.9734],[0.9252,51.9762],[0.9429,51.9707],[0.9626,51.9772]]]]}},{"type":"Feature","properties":{"c":"E07000072","n":"Epping Forest"},"geometry":{"type":"Polygon","coordinates":[[[0.3467,51.7676],[0.3475,51.7304],[0.334,51.717],[0.3231,51.7142],[0.3021,51.681],[0.2654,51.6996],[0.2325,51.6838],[0.2391,51.6742],[0.215,51.6749],[0.2082,51.661],[0.1909,51.6598],[0.193,51.6531],[0.1757,51.6558],[0.2003,51.6249],[0.1382,51.6235],[0.0729,51.6047],[0.0218,51.6288],[0.0227,51.6411],[-0.0123,51.6462],[-0.0119,51.6809],[-0.0197,51.7032],[-0.0135,51.7422],[0.0012,51.7451],[0.014,51.7644],[0.0268,51.7742],[0.0577,51.7797],[0.0638,51.7515],[0.0926,51.7362],[0.1024,51.7463],[0.1474,51.7576],[0.168,51.7828],[0.1461,51.7962],[0.1583,51.8135],[0.1726,51.8163],[0.1663,51.8222],[0.1884,51.8196],[0.1967,51.7958],[0.2315,51.7952],[0.2377,51.7798],[0.2956,51.7903],[0.2994,51.7719],[0.3467,51.7676]]]}},{"type":"Feature","properties":{"c":"E07000073","n":"Harlow"},"geometry":{"type":"Polygon","coordinates":[[[0.0577,51.7797],[0.1461,51.7962],[0.168,51.7828],[0.1474,51.7576],[0.1024,51.7463],[0.0926,51.7362],[0.0638,51.7515],[0.0577,51.7797]]]}},{"type":"Feature","properties":{"c":"E07000074","n":"Maldon"},"geometry":{"type":"Polygon","coordinates":[[[0.7133,51.8085],[0.7182,51.7974],[0.7542,51.801],[0.7791,51.8116],[0.8119,51.7991],[0.8159,51.7892],[0.8039,51.7897],[0.837,51.7795],[0.8429,51.781],[0.8433,51.7808],[0.8768,51.7794],[0.8773,51.7793],[0.8774,51.7792],[0.8908,51.7673],[0.8545,51.7718],[0.8368,51.7739],[0.8318,51.7695],[0.8531,51.7646],[0.8505,51.757],[0.8616,51.7631],[0.8827,51.7577],[0.8562,51.7438],[0.8475,51.7475],[0.853,51.742],[0.8416,51.7388],[0.7923,51.7452],[0.7886,51.7367],[0.7767,51.744],[0.7359,51.7295],[0.7137,51.7376],[0.7055,51.7238],[0.6992,51.7262],[0.7112,51.7135],[0.747,51.7115],[0.746,51.7049],[0.7692,51.7084],[0.7378,51.6872],[0.7569,51.6907],[0.767,51.7027],[0.7716,51.7041],[0.7976,51.7079],[0.7935,51.7181],[0.8197,51.7211],[0.8522,51.7133],[0.8839,51.7357],[0.8946,51.7432],[0.8956,51.7433],[0.9269,51.7463],[0.931,51.746],[0.949,51.7295],[0.9385,51.6918],[0.9471,51.6872],[0.9381,51.6884],[0.947,51.6855],[0.9321,51.6859],[0.9487,51.6833],[0.9315,51.6792],[0.9465,51.6774],[0.9328,51.6751],[0.9464,51.6756],[0.9339,51.6734],[0.9443,51.6739],[0.9327,51.6666],[0.9422,51.664],[0.9417,51.6619],[0.9345,51.6328],[0.9043,51.6225],[0.8879,51.6221],[0.8595,51.6213],[0.7939,51.6257],[0.7805,51.6306],[0.7647,51.6385],[0.7403,51.6325],[0.6489,51.6367],[0.6287,51.6395],[0.6198,51.6753],[0.6088,51.6819],[0.6126,51.6988],[0.6019,51.7102],[0.6112,51.7228],[0.5895,51.7302],[0.5934,51.7554],[0.5987,51.7504],[0.6186,51.7626],[0.6475,51.7615],[0.6333,51.7761],[0.6512,51.7849],[0.6598,51.8057],[0.6787,51.8106],[0.6973,51.8291],[0.7089,51.8189],[0.7217,51.81],[0.7133,51.8085]]]}},{"type":"Feature","properties":{"c":"E07000075","n":"Rochford"},"geometry":{"type":"MultiPolygon","coordinates":[[[[0.8845,51.5685],[0.8664,51.5589],[0.8401,51.5616],[0.8258,51.5645],[0.8386,51.5815],[0.8401,51.582],[0.838,51.5936],[0.8668,51.5952],[0.8744,51.6142],[0.8874,51.6152],[0.9575,51.6205],[0.9299,51.5924],[0.8845,51.5685]]],[[[0.7647,51.6385],[0.7805,51.6306],[0.7637,51.6368],[0.7844,51.6243],[0.8078,51.6224],[0.8654,51.6154],[0.8639,51.6088],[0.8578,51.6076],[0.854,51.5958],[0.8204,51.5989],[0.812,51.6031],[0.8191,51.5976],[0.7964,51.5864],[0.7643,51.5832],[0.8059,51.5861],[0.7934,51.5764],[0.8081,51.5787],[0.8178,51.5619],[0.8507,51.5563],[0.821,51.5409],[0.8208,51.5409],[0.8192,51.5422],[0.789,51.5424],[0.7867,51.5529],[0.6753,51.5729],[0.639,51.5768],[0.6321,51.5705],[0.5659,51.5882],[0.549,51.5966],[0.5625,51.6179],[0.587,51.6234],[0.5883,51.6309],[0.6489,51.6367],[0.7403,51.6325],[0.7647,51.6385]]]]}},{"type":"Feature","properties":{"c":"E07000076","n":"Tendring"},"geometry":{"type":"Polygon","coordinates":[[[1.0477,51.9595],[1.0687,51.9504],[1.0659,51.949],[1.0539,51.953],[1.0619,51.946],[1.1195,51.9401],[1.1701,51.948],[1.1805,51.9418],[1.1993,51.9408],[1.2273,51.9395],[1.2462,51.9485],[1.2771,51.9392],[1.2909,51.9487],[1.2961,51.9371],[1.2966,51.9356],[1.2851,51.9369],[1.2497,51.9162],[1.2529,51.9146],[1.258,51.912],[1.252,51.9022],[1.2463,51.8957],[1.251,51.9022],[1.2341,51.9033],[1.226,51.9038],[1.212,51.8966],[1.2283,51.8905],[1.2124,51.8904],[1.199,51.8848],[1.2098,51.8785],[1.2091,51.8784],[1.1947,51.8751],[1.1782,51.8714],[1.1942,51.869],[1.2116,51.8664],[1.2264,51.8721],[1.2324,51.8551],[1.2358,51.8614],[1.2492,51.8623],[1.25,51.8561],[1.2526,51.8638],[1.2666,51.8636],[1.2691,51.8518],[1.2699,51.8636],[1.2685,51.8636],[1.2678,51.8771],[1.2861,51.8757],[1.2699,51.8773],[1.264,51.8861],[1.2651,51.8857],[1.289,51.8748],[1.2901,51.8714],[1.2879,51.862],[1.2677,51.8446],[1.2531,51.8336],[1.2319,51.8176],[1.129,51.7754],[1.0547,51.7695],[1.0434,51.7697],[1.0178,51.8012],[1.0438,51.8025],[1.0604,51.8117],[1.0642,51.8172],[1.0678,51.8211],[1.0462,51.8229],[1.0632,51.8175],[1.0544,51.8108],[1.0128,51.8049],[0.9841,51.8351],[1.021,51.8348],[0.9852,51.839],[0.9836,51.8407],[0.9801,51.8447],[0.9797,51.8467],[0.9778,51.8472],[0.9776,51.8475],[0.9776,51.8473],[0.965,51.8513],[0.9781,51.854],[0.9783,51.8722],[0.9529,51.8803],[0.9626,51.8907],[0.9488,51.8968],[0.9571,51.9036],[0.9312,51.9197],[0.9576,51.9373],[1.0058,51.9356],[1.0247,51.9549],[1.0477,51.9595]]]}},{"type":"Feature","properties":{"c":"E07000077","n":"Uttlesford"},"geometry":{"type":"Polygon","coordinates":[[[0.3897,52.0365],[0.394,52.0318],[0.4314,52.0389],[0.4378,52.0141],[0.4139,52.0117],[0.4269,51.9868],[0.4236,51.9732],[0.4125,51.9711],[0.4301,51.9538],[0.4213,51.9263],[0.433,51.9248],[0.4672,51.8787],[0.5135,51.8644],[0.5193,51.8504],[0.4457,51.8289],[0.4311,51.8318],[0.424,51.8542],[0.4132,51.8567],[0.4035,51.8403],[0.4143,51.8142],[0.4046,51.8074],[0.4,51.8128],[0.3842,51.7971],[0.3616,51.8012],[0.3626,51.7949],[0.3406,51.7945],[0.3322,51.7796],[0.3467,51.7676],[0.2994,51.7719],[0.2956,51.7903],[0.2377,51.7798],[0.2315,51.7952],[0.1967,51.7958],[0.1884,51.8196],[0.1663,51.8222],[0.1705,51.8616],[0.1956,51.8681],[0.1749,51.8828],[0.1839,51.8935],[0.1248,51.8846],[0.1248,51.9236],[0.107,51.9718],[0.0965,51.9843],[0.0691,51.984],[0.0682,52.0058],[0.0923,52.0217],[0.1057,52.0603],[0.1191,52.06],[0.1281,52.0473],[0.1511,52.0529],[0.1664,52.0482],[0.1676,52.055],[0.1899,52.0602],[0.1832,52.0732],[0.2035,52.0927],[0.2352,52.089],[0.2516,52.0768],[0.2762,52.0927],[0.2864,52.0902],[0.3247,52.0728],[0.3459,52.0497],[0.3897,52.0365]]]}},{"type":"Feature","properties":{"c":"E07000078","n":"Cheltenham"},"geometry":{"type":"Polygon","coordinates":[[[-2.0102,51.9029],[-2.0253,51.8643],[-2.0473,51.8583],[-2.0708,51.865],[-2.0975,51.8789],[-2.1278,51.8797],[-2.1262,51.8875],[-2.1424,51.8845],[-2.1247,51.9193],[-2.1096,51.9159],[-2.1033,51.9234],[-2.1066,51.9389],[-2.0399,51.9224],[-2.0379,51.9053],[-2.0102,51.9029]]]}},{"type":"Feature","properties":{"c":"E07000079","n":"Cotswold"},"geometry":{"type":"Polygon","coordinates":[[[-1.6658,51.9875],[-1.6625,51.964],[-1.6325,51.9557],[-1.6152,51.9377],[-1.6455,51.9223],[-1.6331,51.8992],[-1.6587,51.8966],[-1.6671,51.877],[-1.6869,51.8655],[-1.6764,51.8503],[-1.6865,51.8345],[-1.6819,51.804],[-1.7195,51.7832],[-1.7007,51.7706],[-1.687,51.7399],[-1.6959,51.7235],[-1.688,51.712],[-1.6483,51.6841],[-1.6685,51.6804],[-1.6831,51.6901],[-1.6966,51.6921],[-1.711,51.6718],[-1.7275,51.6672],[-1.7538,51.6622],[-1.7886,51.667],[-1.8119,51.7031],[-1.8233,51.6735],[-1.8159,51.663],[-1.8506,51.6563],[-1.8739,51.6826],[-1.899,51.6797],[-1.8766,51.6515],[-1.9209,51.6572],[-1.9421,51.6704],[-1.963,51.6587],[-1.9507,51.637],[-1.9772,51.6379],[-1.9953,51.6514],[-2.0151,51.6504],[-2.0572,51.6724],[-2.1526,51.5903],[-2.1795,51.6],[-2.19,51.5925],[-2.2067,51.5959],[-2.2077,51.6034],[-2.2419,51.5921],[-2.2451,51.5814],[-2.2726,51.5776],[-2.2827,51.5785],[-2.2916,51.5937],[-2.2772,51.6196],[-2.2938,51.6325],[-2.3143,51.6251],[-2.3236,51.633],[-2.2835,51.6657],[-2.2872,51.6806],[-2.247,51.6763],[-2.2327,51.6609],[-2.1922,51.6598],[-2.1875,51.6703],[-2.2118,51.6822],[-2.2006,51.6928],[-2.1499,51.6894],[-2.124,51.705],[-2.1345,51.7232],[-2.0847,51.7283],[-2.0836,51.7359],[-2.0686,51.7385],[-2.0896,51.747],[-2.1059,51.744],[-2.1027,51.7673],[-2.073,51.7697],[-2.0838,51.7889],[-2.1156,51.7995],[-2.1343,51.8199],[-2.1149,51.8228],[-2.0984,51.8566],[-2.0821,51.8549],[-2.0708,51.865],[-2.0473,51.8583],[-2.0253,51.8643],[-2.0102,51.9029],[-1.9942,51.915],[-1.9612,51.9025],[-1.9294,51.9047],[-1.9122,51.8876],[-1.896,51.8943],[-1.8536,51.8934],[-1.8807,51.8968],[-1.8684,51.9081],[-1.8879,51.9119],[-1.8872,51.9262],[-1.9232,51.9349],[-1.9317,51.9573],[-1.9109,51.9694],[-1.8971,51.9603],[-1.8746,51.9651],[-1.8684,51.9806],[-1.8834,51.9837],[-1.8654,51.9952],[-1.8193,51.9874],[-1.8017,51.9969],[-1.8391,52.0068],[-1.825,52.0309],[-1.8346,52.0437],[-1.8634,52.0534],[-1.8744,52.07],[-1.8466,52.0794],[-1.8318,52.0728],[-1.8189,52.0854],[-1.8127,52.0787],[-1.8023,52.0969],[-1.7677,52.1126],[-1.7459,52.0928],[-1.7286,52.1001],[-1.7307,52.0733],[-1.7131,52.0666],[-1.7017,52.0728],[-1.7051,52.0596],[-1.6886,52.0518],[-1.694,52.0395],[-1.6638,52.0313],[-1.6245,52.039],[-1.6175,52.0334],[-1.6658,51.9974],[-1.6658,51.9875]]]}},{"type":"Feature","properties":{"c":"E07000080","n":"Forest of Dean"},"geometry":{"type":"Polygon","coordinates":[[[-2.3514,52.0214],[-2.3525,52.0135],[-2.3247,52.0036],[-2.3265,51.9758],[-2.3126,51.9765],[-2.3004,51.9668],[-2.2706,51.9689],[-2.2675,51.9532],[-2.2833,51.9518],[-2.2953,51.9332],[-2.2836,51.9233],[-2.2972,51.9029],[-2.29,51.8943],[-2.3198,51.8885],[-2.3347,51.8757],[-2.316,51.8609],[-2.3469,51.8545],[-2.3518,51.8462],[-2.3497,51.8297],[-2.3625,51.8227],[-2.3585,51.8076],[-2.3463,51.8027],[-2.3516,51.796],[-2.3785,51.7946],[-2.4112,51.8056],[-2.4221,51.8186],[-2.4518,51.7964],[-2.4443,51.784],[-2.4166,51.7851],[-2.3925,51.7773],[-2.3863,51.7581],[-2.4086,51.7498],[-2.4371,51.7573],[-2.4726,51.7409],[-2.5027,51.6933],[-2.5408,51.6824],[-2.5424,51.6815],[-2.5462,51.6837],[-2.5665,51.6951],[-2.58,51.6882],[-2.61,51.6727],[-2.6489,51.6313],[-2.6516,51.6096],[-2.6569,51.622],[-2.6566,51.6228],[-2.6602,51.6296],[-2.6633,51.6356],[-2.6685,51.6456],[-2.6803,51.6475],[-2.6659,51.6643],[-2.6864,51.6632],[-2.6569,51.6745],[-2.6723,51.681],[-2.6692,51.6932],[-2.6838,51.7006],[-2.6684,51.7058],[-2.6875,51.7304],[-2.6722,51.7364],[-2.6627,51.7539],[-2.6805,51.7689],[-2.6698,51.7943],[-2.6785,51.8028],[-2.6595,51.8107],[-2.6609,51.8228],[-2.6504,51.8261],[-2.6367,51.8431],[-2.6255,51.839],[-2.6012,51.8562],[-2.5828,51.8496],[-2.5808,51.8616],[-2.5316,51.8608],[-2.5086,51.8852],[-2.4878,51.8804],[-2.4393,51.8974],[-2.4482,51.9187],[-2.466,51.928],[-2.4656,51.9517],[-2.5009,51.9606],[-2.4922,51.9641],[-2.4949,51.9811],[-2.471,51.9947],[-2.492,52.0077],[-2.4789,52.0225],[-2.464,52.0232],[-2.4634,52.014],[-2.4366,52.0148],[-2.4373,51.9972],[-2.4132,51.9941],[-2.399,51.9961],[-2.3929,52.013],[-2.3514,52.0214]]]}},{"type":"Feature","properties":{"c":"E07000081","n":"Gloucester"},"geometry":{"type":"Polygon","coordinates":[[[-2.1877,51.845],[-2.2234,51.8212],[-2.2275,51.8283],[-2.2493,51.8252],[-2.2629,51.8076],[-2.2991,51.8246],[-2.2982,51.8326],[-2.2793,51.8446],[-2.2878,51.8599],[-2.2743,51.863],[-2.2679,51.8752],[-2.2381,51.8833],[-2.1991,51.8806],[-2.1964,51.8655],[-2.1773,51.8559],[-2.1877,51.845]]]}},{"type":"Feature","properties":{"c":"E07000082","n":"Stroud"},"geometry":{"type":"Polygon","coordinates":[[[-2.2982,51.8326],[-2.2991,51.8246],[-2.2629,51.8076],[-2.2493,51.8252],[-2.2275,51.8283],[-2.2234,51.8212],[-2.1877,51.845],[-2.1601,51.8246],[-2.1343,51.8199],[-2.1156,51.7995],[-2.0838,51.7889],[-2.073,51.7697],[-2.1027,51.7673],[-2.1059,51.744],[-2.0896,51.747],[-2.0686,51.7385],[-2.0836,51.7359],[-2.0847,51.7283],[-2.1345,51.7232],[-2.124,51.705],[-2.1499,51.6894],[-2.2006,51.6928],[-2.2118,51.6822],[-2.1875,51.6703],[-2.1922,51.6598],[-2.2327,51.6609],[-2.247,51.6763],[-2.2872,51.6806],[-2.2835,51.6657],[-2.3236,51.633],[-2.3143,51.6251],[-2.2938,51.6325],[-2.2772,51.6196],[-2.2916,51.5937],[-2.3311,51.5916],[-2.3656,51.6037],[-2.3704,51.5976],[-2.3947,51.5974],[-2.3889,51.6275],[-2.4005,51.6351],[-2.386,51.6399],[-2.443,51.6525],[-2.4907,51.6448],[-2.4896,51.664],[-2.5408,51.6824],[-2.5027,51.6933],[-2.4726,51.7409],[-2.4371,51.7573],[-2.4086,51.7498],[-2.3863,51.7581],[-2.3925,51.7773],[-2.4166,51.7851],[-2.4443,51.784],[-2.4518,51.7964],[-2.4221,51.8186],[-2.4112,51.8056],[-2.3785,51.7946],[-2.3516,51.796],[-2.3463,51.8027],[-2.3585,51.8076],[-2.3625,51.8227],[-2.3497,51.8297],[-2.3518,51.8462],[-2.3075,51.8469],[-2.2982,51.8326]]]}},{"type":"Feature","properties":{"c":"E07000083","n":"Tewkesbury"},"geometry":{"type":"Polygon","coordinates":[[[-1.8391,52.0068],[-1.8017,51.9969],[-1.8193,51.9874],[-1.8654,51.9952],[-1.8834,51.9837],[-1.8684,51.9806],[-1.8746,51.9651],[-1.8971,51.9603],[-1.9109,51.9694],[-1.9317,51.9573],[-1.9232,51.9349],[-1.8872,51.9262],[-1.8879,51.9119],[-1.8684,51.9081],[-1.8807,51.8968],[-1.8536,51.8934],[-1.896,51.8943],[-1.9122,51.8876],[-1.9294,51.9047],[-1.9612,51.9025],[-1.9942,51.915],[-2.0102,51.9029],[-2.0379,51.9053],[-2.0399,51.9224],[-2.1066,51.9389],[-2.1033,51.9234],[-2.1096,51.9159],[-2.1247,51.9193],[-2.1424,51.8845],[-2.1262,51.8875],[-2.1278,51.8797],[-2.0975,51.8789],[-2.0708,51.865],[-2.0821,51.8549],[-2.0984,51.8566],[-2.1149,51.8228],[-2.1343,51.8199],[-2.1601,51.8246],[-2.1877,51.845],[-2.1773,51.8559],[-2.1964,51.8655],[-2.1991,51.8806],[-2.2381,51.8833],[-2.2679,51.8752],[-2.2743,51.863],[-2.2878,51.8599],[-2.2793,51.8446],[-2.2982,51.8326],[-2.3075,51.8469],[-2.3518,51.8462],[-2.3469,51.8545],[-2.316,51.8609],[-2.3347,51.8757],[-2.3198,51.8885],[-2.29,51.8943],[-2.2972,51.9029],[-2.2836,51.9233],[-2.2953,51.9332],[-2.2833,51.9518],[-2.2675,51.9532],[-2.2706,51.9689],[-2.2514,51.9666],[-2.2206,51.9955],[-2.1851,51.9906],[-2.1807,51.9996],[-2.1646,51.9961],[-2.1877,52.0191],[-2.1769,52.0226],[-2.1807,52.0417],[-2.1714,52.0476],[-2.1184,52.0421],[-2.1172,52.0336],[-2.1394,52.0279],[-2.1497,52.0113],[-2.1407,51.9995],[-2.1122,52.0153],[-2.0849,52.0105],[-2.0608,52.0147],[-2.0495,52.0038],[-2.0384,52.0046],[-1.9841,52.0359],[-1.9514,52.0377],[-1.9317,52.0299],[-1.9134,52.0445],[-1.8391,52.0068]]]}},{"type":"Feature","properties":{"c":"E07000084","n":"Basingstoke and Deane"},"geometry":{"type":"Polygon","coordinates":[[[-0.9861,51.3628],[-0.9867,51.3599],[-0.9946,51.3423],[-0.981,51.3372],[-0.9838,51.3085],[-1.0023,51.294],[-0.9817,51.2866],[-0.978,51.2751],[-0.9937,51.2444],[-0.9748,51.2385],[-0.9831,51.2353],[-0.9755,51.2259],[-0.9859,51.1904],[-1.0711,51.1878],[-1.0742,51.1645],[-1.1049,51.1631],[-1.1318,51.1436],[-1.1743,51.1335],[-1.1844,51.1443],[-1.2133,51.1519],[-1.2144,51.1588],[-1.1856,51.164],[-1.1917,51.1847],[-1.2066,51.1807],[-1.2282,51.1906],[-1.3088,51.1947],[-1.3409,51.1846],[-1.3412,51.2054],[-1.3582,51.212],[-1.3689,51.2024],[-1.3837,51.2149],[-1.4281,51.225],[-1.4287,51.2344],[-1.4599,51.2556],[-1.4168,51.2831],[-1.4287,51.3004],[-1.4184,51.3265],[-1.4297,51.3365],[-1.4441,51.3549],[-1.4285,51.3567],[-1.4111,51.3729],[-1.3498,51.3671],[-1.2511,51.372],[-1.1769,51.3573],[-1.1386,51.3572],[-1.1158,51.3605],[-1.1155,51.3742],[-1.0866,51.3839],[-1.0501,51.3581],[-0.9861,51.3628]]]}},{"type":"Feature","properties":{"c":"E07000085","n":"East Hampshire"},"geometry":{"type":"Polygon","coordinates":[[[-0.7593,51.1033],[-0.7535,51.0865],[-0.7808,51.0794],[-0.7978,51.0635],[-0.8428,51.0669],[-0.8528,51.0448],[-0.897,51.022],[-0.8933,51.0027],[-0.9079,50.9942],[-0.9318,50.9456],[-0.9421,50.9429],[-0.924,50.9242],[-0.9402,50.9181],[-0.9576,50.8906],[-0.9387,50.8737],[-0.9636,50.8673],[-0.9604,50.8722],[-1.0187,50.909],[-1.0341,50.9042],[-1.0485,50.9025],[-1.0356,50.9515],[-1.0462,50.9546],[-1.0452,50.9686],[-1.0634,50.9777],[-1.0695,50.9937],[-1.0623,51.0203],[-1.0745,51.0326],[-1.0537,51.0472],[-1.0817,51.0464],[-1.1085,51.0862],[-1.0721,51.1071],[-1.0939,51.1078],[-1.095,51.1403],[-1.1121,51.1366],[-1.1318,51.1436],[-1.1049,51.1631],[-1.0742,51.1645],[-1.0711,51.1878],[-0.9859,51.1904],[-0.9738,51.186],[-0.9512,51.2004],[-0.9043,51.2099],[-0.8489,51.2107],[-0.8254,51.1814],[-0.8342,51.1476],[-0.8052,51.1554],[-0.7944,51.1498],[-0.7694,51.1173],[-0.7455,51.1122],[-0.7493,51.1032],[-0.7593,51.1033]]]}},{"type":"Feature","properties":{"c":"E07000086","n":"Eastleigh"},"geometry":{"type":"Polygon","coordinates":[[[-1.2653,50.898],[-1.2881,50.8957],[-1.3029,50.8836],[-1.304,50.8789],[-1.3169,50.8761],[-1.3108,50.8508],[-1.3111,50.8494],[-1.3629,50.8787],[-1.322,50.901],[-1.3334,50.9199],[-1.3579,50.9307],[-1.3547,50.941],[-1.3799,50.9475],[-1.374,50.954],[-1.3965,50.9685],[-1.393,51.0044],[-1.3535,50.9982],[-1.3428,50.9909],[-1.3466,50.9813],[-1.3277,50.9801],[-1.3224,50.9877],[-1.2906,50.9829],[-1.2934,50.9741],[-1.2582,50.9783],[-1.2926,50.9486],[-1.2647,50.9263],[-1.2653,50.898]]]}},{"type":"Feature","properties":{"c":"E07000087","n":"Fareham"},"geometry":{"type":"Polygon","coordinates":[[[-1.2653,50.898],[-1.2552,50.8731],[-1.2303,50.8608],[-1.216,50.8751],[-1.198,50.8759],[-1.1959,50.885],[-1.1672,50.8894],[-1.15,50.8794],[-1.1432,50.8584],[-1.1158,50.8583],[-1.1139,50.8435],[-1.1169,50.8429],[-1.1184,50.8373],[-1.1545,50.8451],[-1.1712,50.8409],[-1.1719,50.8566],[-1.1781,50.8381],[-1.1791,50.8377],[-1.1795,50.8373],[-1.1769,50.8374],[-1.1891,50.8227],[-1.1796,50.8132],[-1.2138,50.809],[-1.2142,50.8093],[-1.3073,50.8413],[-1.3029,50.877],[-1.3006,50.8796],[-1.3026,50.8792],[-1.304,50.8789],[-1.3029,50.8836],[-1.2881,50.8957],[-1.2653,50.898]]]}},{"type":"Feature","properties":{"c":"E07000088","n":"Gosport"},"geometry":{"type":"Polygon","coordinates":[[[-1.1569,50.8375],[-1.1572,50.8234],[-1.1495,50.8251],[-1.1458,50.826],[-1.1238,50.8062],[-1.1371,50.8023],[-1.1237,50.8041],[-1.1198,50.7962],[-1.1178,50.7922],[-1.1407,50.7835],[-1.1119,50.7895],[-1.136,50.7766],[-1.1422,50.7735],[-1.1504,50.7763],[-1.1899,50.7898],[-1.1986,50.7968],[-1.2138,50.809],[-1.1796,50.8132],[-1.1891,50.8227],[-1.1769,50.8374],[-1.1613,50.8381],[-1.1569,50.8375]]]}},{"type":"Feature","properties":{"c":"E07000089","n":"Hart"},"geometry":{"type":"Polygon","coordinates":[[[-0.8374,51.3529],[-0.7755,51.332],[-0.7629,51.3187],[-0.7787,51.3175],[-0.7973,51.3039],[-0.8028,51.2925],[-0.7903,51.2822],[-0.8075,51.2753],[-0.8047,51.2451],[-0.8489,51.2107],[-0.9043,51.2099],[-0.9512,51.2004],[-0.9738,51.186],[-0.9859,51.1904],[-0.9755,51.2259],[-0.9831,51.2353],[-0.9748,51.2385],[-0.9937,51.2444],[-0.978,51.2751],[-0.9817,51.2866],[-1.0023,51.294],[-0.9838,51.3085],[-0.981,51.3372],[-0.9946,51.3423],[-0.9867,51.3599],[-0.9237,51.366],[-0.8781,51.3526],[-0.8374,51.3529]]]}},{"type":"Feature","properties":{"c":"E07000090","n":"Havant"},"geometry":{"type":"MultiPolygon","coordinates":[[[[-0.951,50.8238],[-0.9572,50.8076],[-0.9733,50.809],[-0.9527,50.8011],[-0.9593,50.7949],[-0.9674,50.7872],[-0.9512,50.787],[-0.9589,50.7812],[-0.9376,50.7873],[-0.9389,50.7776],[-0.9587,50.7795],[-1.0239,50.7882],[-1.025,50.7955],[-1.0251,50.796],[-0.9945,50.7984],[-0.9833,50.8207],[-0.9901,50.827],[-0.9676,50.8348],[-0.951,50.8238]]],[[[-0.9604,50.8722],[-0.9636,50.8673],[-0.9387,50.8737],[-0.9265,50.8641],[-0.9345,50.8459],[-0.9745,50.8422],[-0.9812,50.8349],[-0.9988,50.8416],[-1.0008,50.8514],[-1.0026,50.8431],[-1.0206,50.839],[-1.0221,50.8358],[-1.022,50.8353],[-1.0235,50.8334],[-1.0236,50.8332],[-1.024,50.8316],[-1.0226,50.8521],[-1.0541,50.8565],[-1.0546,50.8674],[-1.0474,50.8657],[-1.035,50.8806],[-1.0491,50.8915],[-1.0341,50.9042],[-1.0187,50.909],[-0.9604,50.8722]]]]}},{"type":"Feature","properties":{"c":"E07000091","n":"New Forest"},"geometry":{"type":"Polygon","coordinates":[[[-1.8358,51.0095],[-1.8154,50.9859],[-1.8003,50.9914],[-1.7544,50.9779],[-1.7196,50.9768],[-1.6617,50.9453],[-1.635,50.9592],[-1.6198,50.9586],[-1.5901,50.9513],[-1.5841,50.9621],[-1.5445,50.9693],[-1.5311,50.9512],[-1.51,50.9501],[-1.5031,50.9362],[-1.4841,50.9305],[-1.482,50.9283],[-1.4741,50.9117],[-1.479,50.9165],[-1.4888,50.9104],[-1.4908,50.9159],[-1.489,50.9103],[-1.4878,50.9076],[-1.4783,50.9119],[-1.4591,50.9007],[-1.4326,50.8975],[-1.4266,50.8968],[-1.3782,50.8546],[-1.3575,50.8495],[-1.3606,50.8429],[-1.3403,50.8427],[-1.3394,50.8266],[-1.3246,50.8262],[-1.326,50.8165],[-1.3259,50.8165],[-1.3115,50.8134],[-1.3078,50.8203],[-1.3086,50.8148],[-1.317,50.8076],[-1.3266,50.8035],[-1.3425,50.7857],[-1.3737,50.7849],[-1.375,50.785],[-1.3754,50.7848],[-1.3983,50.7842],[-1.4082,50.7857],[-1.413,50.784],[-1.3926,50.7774],[-1.4001,50.7741],[-1.3995,50.7742],[-1.4095,50.7698],[-1.4105,50.7694],[-1.4342,50.7654],[-1.5024,50.754],[-1.5196,50.7541],[-1.5353,50.7639],[-1.5259,50.7446],[-1.5419,50.7398],[-1.531,50.737],[-1.5585,50.7208],[-1.5805,50.7183],[-1.56,50.7087],[-1.6293,50.7288],[-1.6404,50.7321],[-1.6919,50.7373],[-1.6818,50.7519],[-1.7442,50.7475],[-1.739,50.7633],[-1.7488,50.7795],[-1.7855,50.7648],[-1.8039,50.796],[-1.8119,50.8086],[-1.8034,50.8303],[-1.7906,50.8363],[-1.8025,50.843],[-1.8071,50.8633],[-1.83,50.8553],[-1.8535,50.8635],[-1.8486,50.8899],[-1.8165,50.9039],[-1.8107,50.9272],[-1.8418,50.9317],[-1.8736,50.9172],[-1.9208,50.9614],[-1.9555,50.9783],[-1.9568,50.9898],[-1.9499,50.9823],[-1.9279,50.9977],[-1.8867,50.9995],[-1.8745,51.0063],[-1.8739,50.9845],[-1.8534,51.0047],[-1.8358,51.0095]]]}},{"type":"Feature","properties":{"c":"E07000092","n":"Rushmoor"},"geometry":{"type":"Polygon","coordinates":[[[-0.7311,51.2803],[-0.7293,51.2561],[-0.7455,51.2305],[-0.776,51.242],[-0.8017,51.239],[-0.8047,51.2451],[-0.8075,51.2753],[-0.7903,51.2822],[-0.8028,51.2925],[-0.7973,51.3039],[-0.7787,51.3175],[-0.7629,51.3187],[-0.7442,51.3093],[-0.7311,51.2803]]]}},{"type":"Feature","properties":{"c":"E07000093","n":"Test Valley"},"geometry":{"type":"Polygon","coordinates":[[[-1.4983,51.3294],[-1.4297,51.3365],[-1.4184,51.3265],[-1.4287,51.3004],[-1.4168,51.2831],[-1.4599,51.2556],[-1.4287,51.2344],[-1.4281,51.225],[-1.3837,51.2149],[-1.3689,51.2024],[-1.3582,51.212],[-1.3412,51.2054],[-1.3409,51.1846],[-1.3088,51.1947],[-1.3369,51.1591],[-1.3477,51.1595],[-1.3778,51.1363],[-1.3702,51.1291],[-1.4072,51.1205],[-1.4075,51.1111],[-1.4314,51.1168],[-1.4361,51.1124],[-1.4363,51.0979],[-1.4145,51.0957],[-1.4116,51.0697],[-1.4425,51.0565],[-1.4565,51.041],[-1.4419,51.0252],[-1.393,51.0044],[-1.3965,50.9685],[-1.374,50.954],[-1.3799,50.9475],[-1.4061,50.9561],[-1.4237,50.9472],[-1.4495,50.9499],[-1.4771,50.9287],[-1.4773,50.9285],[-1.4796,50.9346],[-1.4782,50.9288],[-1.4817,50.9303],[-1.4851,50.9328],[-1.4858,50.9329],[-1.4857,50.9322],[-1.4841,50.9305],[-1.5031,50.9362],[-1.51,50.9501],[-1.5311,50.9512],[-1.5445,50.9693],[-1.5841,50.9621],[-1.5901,50.9513],[-1.6198,50.9586],[-1.6029,50.9785],[-1.6197,50.983],[-1.6289,50.999],[-1.5974,51.0097],[-1.5994,51.0237],[-1.6324,51.0328],[-1.6349,51.0404],[-1.6278,51.0782],[-1.6373,51.0922],[-1.6263,51.1173],[-1.663,51.1272],[-1.654,51.1563],[-1.6723,51.1785],[-1.6688,51.1908],[-1.6941,51.204],[-1.6897,51.2148],[-1.6336,51.2176],[-1.6076,51.2528],[-1.5776,51.2556],[-1.5458,51.2453],[-1.536,51.2485],[-1.5298,51.2608],[-1.5406,51.2608],[-1.5426,51.2812],[-1.5228,51.2871],[-1.5194,51.296],[-1.5336,51.3162],[-1.5275,51.3384],[-1.4983,51.3294]]]}},{"type":"Feature","properties":{"c":"E07000094","n":"Winchester"},"geometry":{"type":"Polygon","coordinates":[[[-1.1318,51.1436],[-1.1121,51.1366],[-1.095,51.1403],[-1.0939,51.1078],[-1.0721,51.1071],[-1.1085,51.0862],[-1.0817,51.0464],[-1.0537,51.0472],[-1.0745,51.0326],[-1.0623,51.0203],[-1.0695,50.9937],[-1.0634,50.9777],[-1.0452,50.9686],[-1.0462,50.9546],[-1.0356,50.9515],[-1.0485,50.9025],[-1.0341,50.9042],[-1.0491,50.8915],[-1.035,50.8806],[-1.0474,50.8657],[-1.0546,50.8674],[-1.0541,50.8565],[-1.1158,50.8583],[-1.1432,50.8584],[-1.15,50.8794],[-1.1672,50.8894],[-1.1959,50.885],[-1.198,50.8759],[-1.216,50.8751],[-1.2303,50.8608],[-1.2552,50.8731],[-1.2653,50.898],[-1.2647,50.9263],[-1.2926,50.9486],[-1.2582,50.9783],[-1.2934,50.9741],[-1.2906,50.9829],[-1.3224,50.9877],[-1.3277,50.9801],[-1.3466,50.9813],[-1.3428,50.9909],[-1.3535,50.9982],[-1.393,51.0044],[-1.4419,51.0252],[-1.4565,51.041],[-1.4425,51.0565],[-1.4116,51.0697],[-1.4145,51.0957],[-1.4363,51.0979],[-1.4361,51.1124],[-1.4314,51.1168],[-1.4075,51.1111],[-1.4072,51.1205],[-1.3702,51.1291],[-1.3778,51.1363],[-1.3477,51.1595],[-1.3369,51.1591],[-1.3088,51.1947],[-1.2282,51.1906],[-1.2066,51.1807],[-1.1917,51.1847],[-1.1856,51.164],[-1.2144,51.1588],[-1.2133,51.1519],[-1.1844,51.1443],[-1.1743,51.1335],[-1.1318,51.1436]]]}},{"type":"Feature","properties":{"c":"E07000095","n":"Broxbourne"},"geometry":{"type":"Polygon","coordinates":[[[0.014,51.7644],[0.0012,51.7451],[-0.0135,51.7422],[-0.0197,51.7032],[-0.0119,51.6809],[-0.1058,51.6919],[-0.1141,51.7208],[-0.0987,51.7359],[-0.0583,51.7347],[-0.0479,51.7688],[-0.0217,51.7735],[-0.0181,51.7805],[0.0056,51.7801],[0.014,51.7644]]]}},{"type":"Feature","properties":{"c":"E07000096","n":"Dacorum"},"geometry":{"type":"Polygon","coordinates":[[[-0.4049,51.8406],[-0.4163,51.8358],[-0.4141,51.8191],[-0.4288,51.8068],[-0.412,51.8003],[-0.4134,51.7912],[-0.4406,51.7869],[-0.4228,51.766],[-0.4221,51.7408],[-0.4501,51.7255],[-0.4403,51.701],[-0.4641,51.6954],[-0.5155,51.7066],[-0.5243,51.6821],[-0.5487,51.6827],[-0.544,51.6968],[-0.5632,51.7119],[-0.5504,51.723],[-0.5536,51.734],[-0.5749,51.737],[-0.5864,51.7521],[-0.6129,51.7474],[-0.6701,51.7665],[-0.6902,51.7923],[-0.6854,51.8002],[-0.7093,51.8205],[-0.7242,51.8181],[-0.7458,51.8418],[-0.7174,51.8572],[-0.6964,51.8582],[-0.6868,51.8492],[-0.6954,51.8411],[-0.6672,51.8158],[-0.6329,51.8199],[-0.5818,51.8069],[-0.5607,51.8301],[-0.5536,51.8268],[-0.5197,51.8051],[-0.5023,51.8155],[-0.5112,51.8259],[-0.5018,51.8368],[-0.4712,51.8455],[-0.4783,51.8531],[-0.4704,51.8557],[-0.4475,51.8476],[-0.4215,51.8502],[-0.4049,51.8406]]]}},{"type":"Feature","properties":{"c":"E07000098","n":"Hertsmere"},"geometry":{"type":"Polygon","coordinates":[[[-0.2551,51.7295],[-0.239,51.7061],[-0.2199,51.7137],[-0.1833,51.7065],[-0.1631,51.6999],[-0.1635,51.6881],[-0.182,51.6687],[-0.1911,51.6639],[-0.2034,51.6701],[-0.2121,51.6614],[-0.2506,51.6561],[-0.2574,51.6418],[-0.3044,51.6363],[-0.3167,51.6405],[-0.3626,51.6235],[-0.3774,51.6377],[-0.3716,51.6434],[-0.3868,51.6632],[-0.3688,51.6783],[-0.3754,51.6925],[-0.372,51.6876],[-0.3553,51.6906],[-0.3541,51.6989],[-0.3269,51.7035],[-0.3223,51.6935],[-0.3,51.6965],[-0.302,51.7081],[-0.277,51.7213],[-0.2864,51.7211],[-0.2843,51.733],[-0.2648,51.738],[-0.2551,51.7295]]]}},{"type":"Feature","properties":{"c":"E07000099","n":"North Hertfordshire"},"geometry":{"type":"Polygon","coordinates":[[[0.0682,52.0058],[0.0691,51.984],[0.035,51.9896],[0.0025,51.9831],[-0.003,51.9934],[-0.0237,51.9972],[-0.0306,51.9838],[-0.0482,51.9794],[-0.0402,51.9677],[-0.0655,51.9568],[-0.0747,51.9712],[-0.107,51.954],[-0.1102,51.9419],[-0.1202,51.9422],[-0.1193,51.9283],[-0.1456,51.934],[-0.1622,51.9203],[-0.1846,51.9324],[-0.2266,51.9301],[-0.2344,51.9053],[-0.2042,51.8801],[-0.1919,51.8829],[-0.1736,51.8753],[-0.1645,51.8618],[-0.1728,51.8566],[-0.1968,51.8594],[-0.2067,51.8543],[-0.1989,51.8441],[-0.2146,51.8396],[-0.206,51.8464],[-0.2129,51.8514],[-0.2258,51.8445],[-0.2249,51.8332],[-0.2416,51.8353],[-0.2478,51.8462],[-0.2735,51.8354],[-0.3194,51.8367],[-0.3395,51.8496],[-0.3548,51.874],[-0.3498,51.8787],[-0.3775,51.8984],[-0.3856,51.9157],[-0.4056,51.9325],[-0.3914,51.977],[-0.3796,51.978],[-0.383,51.9518],[-0.3741,51.9478],[-0.3502,51.9576],[-0.3493,51.9712],[-0.3673,51.9837],[-0.3122,51.9819],[-0.2961,52.0022],[-0.2824,52.0016],[-0.2707,51.9796],[-0.248,51.9851],[-0.2441,51.999],[-0.2013,52.0098],[-0.2195,52.0367],[-0.195,52.0624],[-0.1725,52.0602],[-0.1576,52.0804],[-0.1475,52.0695],[-0.1551,52.0531],[-0.1337,52.0462],[-0.1266,52.0209],[-0.0196,52.0636],[0.0035,52.0499],[0.0403,52.0533],[0.0682,52.0058]]]}},{"type":"Feature","properties":{"c":"E07000102","n":"Three Rivers"},"geometry":{"type":"Polygon","coordinates":[[[-0.3756,51.6929],[-0.4024,51.7019],[-0.4314,51.6824],[-0.4283,51.6706],[-0.4395,51.6728],[-0.4244,51.655],[-0.4311,51.6421],[-0.3774,51.6377],[-0.3626,51.6235],[-0.404,51.6132],[-0.4406,51.6201],[-0.4571,51.6123],[-0.4968,51.6317],[-0.5006,51.5997],[-0.5205,51.6019],[-0.5393,51.638],[-0.5369,51.6606],[-0.5228,51.6584],[-0.521,51.668],[-0.5051,51.6731],[-0.5243,51.6821],[-0.5155,51.7066],[-0.4641,51.6954],[-0.4403,51.701],[-0.4501,51.7255],[-0.4221,51.7408],[-0.4025,51.7212],[-0.405,51.7125],[-0.3808,51.707],[-0.3756,51.6929]]]}},{"type":"Feature","properties":{"c":"E07000103","n":"Watford"},"geometry":{"type":"Polygon","coordinates":[[[-0.3756,51.6929],[-0.3754,51.6925],[-0.3688,51.6783],[-0.3868,51.6632],[-0.3716,51.6434],[-0.3774,51.6377],[-0.4311,51.6421],[-0.4244,51.655],[-0.4395,51.6728],[-0.4283,51.6706],[-0.4314,51.6824],[-0.4024,51.7019],[-0.3756,51.6929]]]}},{"type":"Feature","properties":{"c":"E07000105","n":"Ashford"},"geometry":{"type":"Polygon","coordinates":[[[0.9733,51.2686],[0.9982,51.2514],[0.9862,51.2359],[1.0054,51.2085],[0.9894,51.1902],[1.004,51.1801],[0.9984,51.1647],[1.0169,51.1612],[1.0086,51.145],[1.0292,51.1325],[1.0121,51.1172],[0.9955,51.1224],[0.9797,51.1122],[0.9852,51.0976],[0.9673,51.0769],[0.9689,51.0629],[0.9447,51.0548],[0.9342,51.0612],[0.9228,51.0521],[0.9033,51.0505],[0.8945,51.037],[0.8704,51.0523],[0.8697,51.0441],[0.8534,51.0431],[0.8548,51.0318],[0.8391,51.0313],[0.8309,51.0494],[0.779,50.9895],[0.7406,51.0007],[0.7068,50.9936],[0.677,51.0033],[0.6614,51.0178],[0.6054,51.0121],[0.5933,51.0414],[0.6117,51.0635],[0.6467,51.0833],[0.6292,51.0914],[0.5965,51.0902],[0.5903,51.1113],[0.609,51.1179],[0.6037,51.1317],[0.6395,51.1413],[0.6646,51.1713],[0.685,51.1787],[0.6838,51.1911],[0.7098,51.1996],[0.7169,51.2112],[0.7455,51.2093],[0.7825,51.2394],[0.7926,51.2381],[0.7951,51.2285],[0.8222,51.2243],[0.8418,51.2371],[0.8599,51.2308],[0.8635,51.2389],[0.9195,51.2511],[0.9237,51.2594],[0.9491,51.256],[0.955,51.2702],[0.9733,51.2686]]]}},{"type":"Feature","properties":{"c":"E07000106","n":"Canterbury"},"geometry":{"type":"Polygon","coordinates":[[[1.2501,51.3293],[1.2323,51.3323],[1.2342,51.3261],[1.2205,51.3237],[1.2294,51.3161],[1.2051,51.3008],[1.1999,51.2916],[1.2122,51.2826],[1.1948,51.2693],[1.1926,51.2572],[1.2115,51.2524],[1.1855,51.2178],[1.1971,51.2196],[1.2222,51.2074],[1.1946,51.1841],[1.1808,51.1905],[1.1634,51.1842],[1.1536,51.1909],[1.1476,51.1772],[1.116,51.1878],[1.1181,51.1963],[1.109,51.187],[1.0912,51.189],[1.0583,51.205],[1.0496,51.185],[1.004,51.1801],[0.9894,51.1902],[1.0054,51.2085],[0.9862,51.2359],[0.9982,51.2514],[0.9733,51.2686],[1.006,51.2838],[1.0067,51.3095],[1.0171,51.3129],[0.972,51.3382],[0.9581,51.3379],[0.9504,51.3456],[1.0052,51.3492],[1.0332,51.3656],[1.1597,51.3747],[1.2242,51.3793],[1.2248,51.3793],[1.2293,51.3651],[1.2129,51.366],[1.2138,51.3568],[1.2501,51.3293]]]}},{"type":"Feature","properties":{"c":"E07000107","n":"Dartford"},"geometry":{"type":"Polygon","coordinates":[[[0.3152,51.4649],[0.3107,51.453],[0.3263,51.4428],[0.3446,51.3934],[0.3367,51.3865],[0.2749,51.4075],[0.2457,51.4077],[0.2383,51.3963],[0.2075,51.3968],[0.2135,51.4048],[0.1998,51.418],[0.1529,51.4087],[0.1559,51.4309],[0.1643,51.4286],[0.1728,51.4433],[0.2034,51.4543],[0.2212,51.4788],[0.2745,51.4537],[0.3018,51.4612],[0.3152,51.4649]]]}},{"type":"Feature","properties":{"c":"E07000108","n":"Dover"},"geometry":{"type":"Polygon","coordinates":[[[1.2501,51.3293],[1.3453,51.308],[1.3585,51.312],[1.3579,51.3115],[1.3714,51.3139],[1.3787,51.2957],[1.3786,51.2924],[1.4049,51.2301],[1.4054,51.1747],[1.3954,51.1565],[1.3768,51.1408],[1.3429,51.131],[1.3429,51.1303],[1.3427,51.1302],[1.3432,51.1235],[1.3433,51.1218],[1.3385,51.1274],[1.3376,51.1272],[1.3165,51.123],[1.3231,51.1141],[1.3101,51.1168],[1.3177,51.1145],[1.3137,51.1148],[1.3278,51.1114],[1.3173,51.1122],[1.3023,51.1134],[1.3002,51.1127],[1.2677,51.1017],[1.2211,51.0981],[1.22,51.0975],[1.2044,51.0972],[1.1949,51.103],[1.1974,51.1181],[1.1716,51.1242],[1.2111,51.1515],[1.2077,51.1568],[1.1907,51.154],[1.1707,51.1631],[1.161,51.1583],[1.1437,51.1658],[1.1476,51.1772],[1.1536,51.1909],[1.1634,51.1842],[1.1808,51.1905],[1.1946,51.1841],[1.2222,51.2074],[1.1971,51.2196],[1.1855,51.2178],[1.2115,51.2524],[1.1926,51.2572],[1.1948,51.2693],[1.2122,51.2826],[1.1999,51.2916],[1.2051,51.3008],[1.2294,51.3161],[1.2205,51.3237],[1.2342,51.3261],[1.2323,51.3323],[1.2501,51.3293]]]}},{"type":"Feature","properties":{"c":"E07000109","n":"Gravesham"},"geometry":{"type":"Polygon","coordinates":[[[0.4576,51.4583],[0.488,51.4433],[0.4892,51.4153],[0.4751,51.4129],[0.4677,51.3983],[0.4519,51.3983],[0.4533,51.3914],[0.4311,51.388],[0.4013,51.353],[0.3791,51.338],[0.3798,51.3297],[0.3416,51.3292],[0.3367,51.3865],[0.3446,51.3934],[0.3263,51.4428],[0.3107,51.453],[0.3152,51.4649],[0.3154,51.4649],[0.3253,51.4502],[0.382,51.4435],[0.4403,51.4474],[0.4593,51.4555],[0.4576,51.4583]]]}},{"type":"Feature","properties":{"c":"E07000110","n":"Maidstone"},"geometry":{"type":"Polygon","coordinates":[[[0.6014,51.3333],[0.6044,51.3257],[0.6134,51.3349],[0.6395,51.3368],[0.6643,51.3289],[0.6738,51.2933],[0.7138,51.2994],[0.7436,51.2786],[0.7601,51.2793],[0.7496,51.2586],[0.762,51.2564],[0.7769,51.2666],[0.7905,51.2618],[0.7926,51.2381],[0.7825,51.2394],[0.7455,51.2093],[0.7169,51.2112],[0.7098,51.1996],[0.6838,51.1911],[0.685,51.1787],[0.6646,51.1713],[0.6395,51.1413],[0.6325,51.1453],[0.6403,51.1525],[0.6172,51.1483],[0.6019,51.159],[0.5935,51.1533],[0.5757,51.1561],[0.5793,51.1446],[0.5591,51.1339],[0.5621,51.1432],[0.5331,51.1342],[0.4969,51.1448],[0.4696,51.143],[0.4677,51.1562],[0.4408,51.1765],[0.4164,51.1805],[0.3842,51.1983],[0.4003,51.1986],[0.4088,51.2217],[0.3787,51.235],[0.4096,51.253],[0.4313,51.2491],[0.4325,51.2701],[0.4777,51.2723],[0.499,51.2968],[0.4925,51.3046],[0.5116,51.3064],[0.5256,51.3347],[0.544,51.3279],[0.5635,51.3387],[0.6014,51.3333]]]}},{"type":"Feature","properties":{"c":"E07000111","n":"Sevenoaks"},"geometry":{"type":"Polygon","coordinates":[[[0.3367,51.3865],[0.3416,51.3292],[0.3069,51.3431],[0.3047,51.3508],[0.2858,51.345],[0.2846,51.325],[0.2651,51.3136],[0.2585,51.2973],[0.2638,51.2558],[0.2473,51.2553],[0.247,51.2377],[0.231,51.2322],[0.2231,51.245],[0.2005,51.2338],[0.2123,51.2246],[0.2019,51.2206],[0.2079,51.2106],[0.2508,51.2006],[0.227,51.1841],[0.191,51.1714],[0.2121,51.1516],[0.1804,51.1318],[0.1607,51.1373],[0.1331,51.1473],[0.05,51.1427],[0.0526,51.1806],[0.0336,51.2143],[0.0582,51.2478],[0.0424,51.2927],[0.0857,51.2931],[0.085,51.316],[0.1179,51.3296],[0.1185,51.3441],[0.137,51.3442],[0.1521,51.3697],[0.1477,51.3928],[0.1624,51.3925],[0.1489,51.4084],[0.1529,51.4087],[0.1998,51.418],[0.2135,51.4048],[0.2075,51.3968],[0.2383,51.3963],[0.2457,51.4077],[0.2749,51.4075],[0.3367,51.3865]]]}},{"type":"Feature","properties":{"c":"E07000112","n":"Folkestone and Hythe"},"geometry":{"type":"Polygon","coordinates":[[[1.1476,51.1772],[1.1437,51.1658],[1.161,51.1583],[1.1707,51.1631],[1.1907,51.154],[1.2077,51.1568],[1.2111,51.1515],[1.1716,51.1242],[1.1974,51.1181],[1.1949,51.103],[1.2044,51.0972],[1.22,51.0975],[1.1855,51.0794],[1.1948,51.0759],[1.1388,51.0689],[1.0604,51.0591],[0.9967,51.0246],[0.9644,50.9688],[0.971,50.9416],[0.9779,50.9129],[0.9432,50.9155],[0.8551,50.9239],[0.8547,50.9239],[0.8679,50.9333],[0.856,50.9531],[0.8414,50.9576],[0.8129,50.942],[0.7843,50.9772],[0.7771,50.9754],[0.779,50.9895],[0.8309,51.0494],[0.8391,51.0313],[0.8548,51.0318],[0.8534,51.0431],[0.8697,51.0441],[0.8704,51.0523],[0.8945,51.037],[0.9033,51.0505],[0.9228,51.0521],[0.9342,51.0612],[0.9447,51.0548],[0.9689,51.0629],[0.9673,51.0769],[0.9852,51.0976],[0.9797,51.1122],[0.9955,51.1224],[1.0121,51.1172],[1.0292,51.1325],[1.0086,51.145],[1.0169,51.1612],[0.9984,51.1647],[1.004,51.1801],[1.0496,51.185],[1.0583,51.205],[1.0912,51.189],[1.109,51.187],[1.1181,51.1963],[1.116,51.1878],[1.1476,51.1772]]]}},{"type":"Feature","properties":{"c":"E07000113","n":"Swale"},"geometry":{"type":"MultiPolygon","coordinates":[[[[0.7637,51.382],[0.7644,51.3629],[0.7345,51.3457],[0.7669,51.3623],[0.8136,51.3585],[0.8162,51.3462],[0.8172,51.3564],[0.8662,51.3559],[0.871,51.354],[0.8972,51.3442],[0.8801,51.3287],[0.8946,51.3363],[0.9153,51.3294],[0.8968,51.3414],[0.9504,51.3456],[0.9581,51.3379],[0.972,51.3382],[1.0171,51.3129],[1.0067,51.3095],[1.006,51.2838],[0.9733,51.2686],[0.955,51.2702],[0.9491,51.256],[0.9237,51.2594],[0.9195,51.2511],[0.8635,51.2389],[0.8599,51.2308],[0.8418,51.2371],[0.8222,51.2243],[0.7951,51.2285],[0.7926,51.2381],[0.7905,51.2618],[0.7769,51.2666],[0.762,51.2564],[0.7496,51.2586],[0.7601,51.2793],[0.7436,51.2786],[0.7138,51.2994],[0.6738,51.2933],[0.6643,51.3289],[0.6395,51.3368],[0.6134,51.3349],[0.6044,51.3257],[0.6014,51.3333],[0.6349,51.3664],[0.6233,51.3692],[0.6261,51.3788],[0.6324,51.3889],[0.6345,51.3891],[0.6269,51.3747],[0.648,51.3976],[0.6701,51.3733],[0.687,51.3917],[0.7029,51.3924],[0.6952,51.3798],[0.7144,51.3842],[0.6965,51.42],[0.7278,51.4204],[0.7162,51.4131],[0.7263,51.3991],[0.7637,51.382]]],[[[0.9014,51.4168],[0.9502,51.3721],[0.8968,51.3545],[0.8716,51.3647],[0.8577,51.3704],[0.8567,51.3649],[0.8405,51.3716],[0.8513,51.3648],[0.8394,51.3636],[0.8063,51.3723],[0.7662,51.37],[0.7643,51.3883],[0.7327,51.4003],[0.7217,51.4144],[0.7325,51.4089],[0.7469,51.4153],[0.7354,51.4244],[0.7494,51.4461],[0.784,51.4408],[0.7908,51.4396],[0.8239,51.4256],[0.8751,51.4198],[0.9014,51.4168]]]]}},{"type":"Feature","properties":{"c":"E07000114","n":"Thanet"},"geometry":{"type":"Polygon","coordinates":[[[1.3585,51.312],[1.3453,51.308],[1.2501,51.3293],[1.2138,51.3568],[1.2129,51.366],[1.2293,51.3651],[1.2248,51.3793],[1.3151,51.3803],[1.379,51.3912],[1.3939,51.3932],[1.425,51.3938],[1.4412,51.3874],[1.442,51.3868],[1.4459,51.3584],[1.4247,51.326],[1.4232,51.3314],[1.4146,51.3275],[1.4236,51.3243],[1.3778,51.3293],[1.3585,51.312]]]}},{"type":"Feature","properties":{"c":"E07000115","n":"Tonbridge and Malling"},"geometry":{"type":"Polygon","coordinates":[[[0.5256,51.3347],[0.5116,51.3064],[0.4925,51.3046],[0.499,51.2968],[0.4777,51.2723],[0.4325,51.2701],[0.4313,51.2491],[0.4096,51.253],[0.3787,51.235],[0.4088,51.2217],[0.4003,51.1986],[0.3842,51.1983],[0.3692,51.2016],[0.3675,51.1949],[0.3417,51.1927],[0.3088,51.2],[0.2773,51.1747],[0.227,51.1841],[0.2508,51.2006],[0.2079,51.2106],[0.2019,51.2206],[0.2123,51.2246],[0.2005,51.2338],[0.2231,51.245],[0.231,51.2322],[0.247,51.2377],[0.2473,51.2553],[0.2638,51.2558],[0.2585,51.2973],[0.2651,51.3136],[0.2846,51.325],[0.2858,51.345],[0.3047,51.3508],[0.3069,51.3431],[0.3416,51.3292],[0.3798,51.3297],[0.3791,51.338],[0.4013,51.353],[0.3999,51.3445],[0.4186,51.3479],[0.4535,51.3406],[0.4562,51.3688],[0.503,51.3547],[0.5058,51.3429],[0.5256,51.3347]]]}},{"type":"Feature","properties":{"c":"E07000116","n":"Tunbridge Wells"},"geometry":{"type":"Polygon","coordinates":[[[0.3842,51.1983],[0.4164,51.1805],[0.4408,51.1765],[0.4677,51.1562],[0.4696,51.143],[0.4969,51.1448],[0.5331,51.1342],[0.5621,51.1432],[0.5591,51.1339],[0.5793,51.1446],[0.5757,51.1561],[0.5935,51.1533],[0.6019,51.159],[0.6172,51.1483],[0.6403,51.1525],[0.6325,51.1453],[0.6395,51.1413],[0.6037,51.1317],[0.609,51.1179],[0.5903,51.1113],[0.5965,51.0902],[0.6292,51.0914],[0.6467,51.0833],[0.6117,51.0635],[0.5933,51.0414],[0.6054,51.0121],[0.5708,51.0035],[0.5417,51.0111],[0.5376,51.0216],[0.4723,51.0304],[0.4633,51.0548],[0.4183,51.0626],[0.3965,51.0831],[0.3738,51.0885],[0.3508,51.0841],[0.359,51.1045],[0.3351,51.1055],[0.3252,51.123],[0.2749,51.1207],[0.2756,51.1123],[0.2446,51.1148],[0.2263,51.1245],[0.1715,51.1154],[0.1512,51.1238],[0.1607,51.1373],[0.1804,51.1318],[0.2121,51.1516],[0.191,51.1714],[0.227,51.1841],[0.2773,51.1747],[0.3088,51.2],[0.3417,51.1927],[0.3675,51.1949],[0.3692,51.2016],[0.3842,51.1983]]]}},{"type":"Feature","properties":{"c":"E07000117","n":"Burnley"},"geometry":{"type":"Polygon","coordinates":[[[-2.1123,53.8057],[-2.1284,53.799],[-2.1248,53.7881],[-2.1364,53.7801],[-2.1312,53.7515],[-2.1733,53.723],[-2.2326,53.7376],[-2.2517,53.755],[-2.2686,53.7423],[-2.2953,53.752],[-2.3141,53.747],[-2.3423,53.7948],[-2.3132,53.8125],[-2.302,53.8211],[-2.2947,53.8084],[-2.2698,53.815],[-2.2611,53.8078],[-2.224,53.8179],[-2.2075,53.8114],[-2.1961,53.8253],[-2.1286,53.8198],[-2.1123,53.8057]]]}},{"type":"Feature","properties":{"c":"E07000118","n":"Chorley"},"geometry":{"type":"Polygon","coordinates":[[[-2.5616,53.7469],[-2.5398,53.7022],[-2.5157,53.6924],[-2.5324,53.6649],[-2.5113,53.627],[-2.5692,53.5956],[-2.5959,53.6108],[-2.6259,53.5937],[-2.6346,53.6083],[-2.6895,53.6043],[-2.6994,53.6142],[-2.6946,53.6266],[-2.7097,53.6178],[-2.7362,53.6237],[-2.7588,53.6147],[-2.7811,53.6235],[-2.7959,53.616],[-2.8234,53.668],[-2.8199,53.6871],[-2.7466,53.6927],[-2.73,53.6862],[-2.7336,53.6743],[-2.7125,53.6713],[-2.7081,53.6815],[-2.6588,53.6807],[-2.658,53.6907],[-2.6776,53.6937],[-2.6716,53.7107],[-2.6584,53.7177],[-2.652,53.712],[-2.6298,53.7172],[-2.612,53.7386],[-2.5772,53.7511],[-2.5616,53.7469]]]}},{"type":"Feature","properties":{"c":"E07000119","n":"Fylde"},"geometry":{"type":"Polygon","coordinates":[[[-2.9767,53.8646],[-2.9438,53.8507],[-2.9043,53.8648],[-2.8756,53.8579],[-2.8901,53.846],[-2.8576,53.8426],[-2.8694,53.8309],[-2.8409,53.8313],[-2.826,53.82],[-2.7805,53.7878],[-2.7986,53.7708],[-2.794,53.7518],[-2.8555,53.7384],[-2.8587,53.7506],[-2.8569,53.7382],[-2.8991,53.7331],[-2.911,53.7326],[-2.9338,53.7317],[-2.953,53.7329],[-2.945,53.7362],[-2.9764,53.734],[-3.0387,53.7472],[-3.0571,53.7765],[-3.0328,53.7809],[-3.0288,53.7731],[-2.9965,53.7745],[-3.0039,53.7913],[-2.9834,53.7938],[-2.995,53.8185],[-3.0107,53.8262],[-2.9618,53.8283],[-2.9656,53.8473],[-2.9819,53.8582],[-2.9767,53.8646]]]}},{"type":"Feature","properties":{"c":"E07000120","n":"Hyndburn"},"geometry":{"type":"Polygon","coordinates":[[[-2.3423,53.7948],[-2.3141,53.747],[-2.3261,53.7473],[-2.3259,53.7344],[-2.3442,53.7225],[-2.411,53.7052],[-2.4337,53.7192],[-2.4401,53.7494],[-2.4516,53.7565],[-2.4463,53.7666],[-2.4658,53.7808],[-2.3967,53.8166],[-2.3987,53.8034],[-2.37,53.8014],[-2.3657,53.7931],[-2.3568,53.7985],[-2.3423,53.7948]]]}},{"type":"Feature","properties":{"c":"E07000121","n":"Lancaster"},"geometry":{"type":"Polygon","coordinates":[[[-2.4609,54.2267],[-2.534,54.1577],[-2.5605,54.1531],[-2.5647,54.1269],[-2.524,54.0946],[-2.5095,54.0954],[-2.4643,54.0753],[-2.4695,54.0462],[-2.4923,54.0401],[-2.5014,54.0208],[-2.5273,54.0262],[-2.5471,54.0141],[-2.5722,54.0146],[-2.5807,54.0001],[-2.5575,53.9749],[-2.6169,53.9522],[-2.643,53.9576],[-2.6482,53.9489],[-2.6879,53.9497],[-2.702,53.9436],[-2.7157,53.9802],[-2.7352,53.9745],[-2.7415,53.9569],[-2.7554,53.9523],[-2.7579,53.9631],[-2.7964,53.9755],[-2.8137,53.9458],[-2.8037,53.9358],[-2.8644,53.9181],[-2.8852,53.9368],[-2.881,53.9433],[-2.8803,53.9435],[-2.8806,53.9439],[-2.8796,53.9455],[-2.8817,53.9466],[-2.8641,53.9533],[-2.8868,53.9584],[-2.861,53.955],[-2.8694,53.9597],[-2.8572,53.9576],[-2.8619,53.9646],[-2.8363,53.9546],[-2.854,53.9652],[-2.8359,53.9637],[-2.8719,53.9703],[-2.8792,53.9791],[-2.856,53.9996],[-2.823,53.9949],[-2.8328,53.9985],[-2.8352,54.0111],[-2.8533,54.0056],[-2.8449,54.0149],[-2.8605,54.0039],[-2.871,54.0144],[-2.8647,54.005],[-2.8779,54.0063],[-2.881,53.9895],[-2.8873,54.0018],[-2.8861,53.9911],[-2.9001,53.992],[-2.904,54.0222],[-2.9174,54.0281],[-2.9244,54.0313],[-2.9217,54.0325],[-2.9215,54.0326],[-2.9124,54.0338],[-2.9187,54.0338],[-2.9176,54.0343],[-2.9063,54.0394],[-2.8824,54.0724],[-2.8704,54.0762],[-2.8466,54.0776],[-2.8195,54.0888],[-2.8143,54.0949],[-2.8215,54.089],[-2.8266,54.1004],[-2.7803,54.1356],[-2.7984,54.1274],[-2.8021,54.1433],[-2.8098,54.1323],[-2.8246,54.1403],[-2.8278,54.1476],[-2.8106,54.155],[-2.8283,54.1533],[-2.8379,54.1742],[-2.8372,54.1742],[-2.799,54.1977],[-2.7682,54.186],[-2.7344,54.1841],[-2.7365,54.169],[-2.6798,54.1612],[-2.6399,54.202],[-2.625,54.1956],[-2.5761,54.1956],[-2.4596,54.2396],[-2.4609,54.2267]]]}},{"type":"Feature","properties":{"c":"E07000122","n":"Pendle"},"geometry":{"type":"Polygon","coordinates":[[[-2.0461,53.8501],[-2.0469,53.8295],[-2.0612,53.8256],[-2.1123,53.8057],[-2.1286,53.8198],[-2.1961,53.8253],[-2.2075,53.8114],[-2.224,53.8179],[-2.2611,53.8078],[-2.2698,53.815],[-2.2947,53.8084],[-2.302,53.8211],[-2.3132,53.8125],[-2.3171,53.8278],[-2.3026,53.8364],[-2.3336,53.8406],[-2.3179,53.8469],[-2.3193,53.8613],[-2.2243,53.8908],[-2.2458,53.9333],[-2.1845,53.9522],[-2.1823,53.9354],[-2.1322,53.9265],[-2.1133,53.9156],[-2.103,53.8909],[-2.0814,53.8757],[-2.0899,53.8682],[-2.0461,53.8501]]]}},{"type":"Feature","properties":{"c":"E07000123","n":"Preston"},"geometry":{"type":"Polygon","coordinates":[[[-2.5995,53.7815],[-2.6341,53.7824],[-2.6221,53.7709],[-2.6566,53.7606],[-2.6653,53.7486],[-2.6791,53.753],[-2.7113,53.7481],[-2.7318,53.7576],[-2.7939,53.7513],[-2.794,53.7518],[-2.7938,53.7518],[-2.794,53.7518],[-2.7986,53.7708],[-2.7805,53.7878],[-2.826,53.82],[-2.7984,53.8244],[-2.8002,53.8331],[-2.7709,53.8404],[-2.7595,53.8264],[-2.7362,53.8234],[-2.7465,53.8511],[-2.7098,53.8536],[-2.6854,53.8911],[-2.6452,53.8938],[-2.6253,53.8803],[-2.6293,53.86],[-2.6079,53.8388],[-2.6247,53.8156],[-2.5956,53.7965],[-2.5995,53.7815]]]}},{"type":"Feature","properties":{"c":"E07000124","n":"Ribble Valley"},"geometry":{"type":"Polygon","coordinates":[[[-2.1845,53.9522],[-2.2458,53.9333],[-2.2243,53.8908],[-2.3193,53.8613],[-2.3179,53.8469],[-2.3336,53.8406],[-2.3026,53.8364],[-2.3171,53.8278],[-2.3132,53.8125],[-2.3423,53.7948],[-2.3568,53.7985],[-2.3657,53.7931],[-2.37,53.8014],[-2.3987,53.8034],[-2.3967,53.8166],[-2.4658,53.7808],[-2.5513,53.7564],[-2.5643,53.762],[-2.5456,53.7691],[-2.5475,53.7759],[-2.5995,53.7815],[-2.5956,53.7965],[-2.6247,53.8156],[-2.6079,53.8388],[-2.6293,53.86],[-2.6253,53.8803],[-2.6452,53.8938],[-2.6252,53.8946],[-2.6135,53.9083],[-2.6264,53.9386],[-2.6482,53.9489],[-2.643,53.9576],[-2.6169,53.9522],[-2.5575,53.9749],[-2.5807,54.0001],[-2.5722,54.0146],[-2.5471,54.0141],[-2.5273,54.0262],[-2.5014,54.0208],[-2.4923,54.0401],[-2.4695,54.0462],[-2.4258,54.0381],[-2.3741,54.0491],[-2.3573,54.0191],[-2.3396,54.0093],[-2.3523,54.0106],[-2.3522,53.9946],[-2.34,53.9895],[-2.3192,53.9938],[-2.2945,53.9745],[-2.2304,53.9816],[-2.2211,53.9779],[-2.2321,53.9712],[-2.2257,53.9611],[-2.196,53.9696],[-2.1845,53.9522]]]}},{"type":"Feature","properties":{"c":"E07000125","n":"Rossendale"},"geometry":{"type":"Polygon","coordinates":[[[-2.1733,53.723],[-2.1463,53.6822],[-2.1614,53.6414],[-2.1854,53.6382],[-2.1824,53.6483],[-2.2052,53.6544],[-2.2177,53.669],[-2.2459,53.6634],[-2.2699,53.6461],[-2.2568,53.6204],[-2.2718,53.6145],[-2.2952,53.6402],[-2.299,53.6667],[-2.3167,53.6549],[-2.3712,53.6671],[-2.3744,53.6873],[-2.3983,53.6916],[-2.411,53.7052],[-2.3442,53.7225],[-2.3259,53.7344],[-2.3261,53.7473],[-2.3141,53.747],[-2.2953,53.752],[-2.2686,53.7423],[-2.2517,53.755],[-2.2326,53.7376],[-2.1733,53.723]]]}},{"type":"Feature","properties":{"c":"E07000126","n":"South Ribble"},"geometry":{"type":"Polygon","coordinates":[[[-2.5513,53.7564],[-2.5616,53.7469],[-2.5772,53.7511],[-2.612,53.7386],[-2.6298,53.7172],[-2.652,53.712],[-2.6584,53.7177],[-2.6716,53.7107],[-2.6776,53.6937],[-2.658,53.6907],[-2.6588,53.6807],[-2.7081,53.6815],[-2.7125,53.6713],[-2.7336,53.6743],[-2.73,53.6862],[-2.7466,53.6927],[-2.8199,53.6871],[-2.8331,53.6955],[-2.824,53.7029],[-2.8291,53.7156],[-2.8277,53.7147],[-2.827,53.7143],[-2.8283,53.7155],[-2.8298,53.7174],[-2.8307,53.7196],[-2.832,53.7201],[-2.8355,53.7243],[-2.8212,53.7303],[-2.8361,53.7248],[-2.8428,53.7316],[-2.836,53.737],[-2.845,53.7337],[-2.8447,53.7301],[-2.8554,53.7351],[-2.8103,53.7474],[-2.8038,53.7491],[-2.7939,53.7513],[-2.7318,53.7576],[-2.7113,53.7481],[-2.6791,53.753],[-2.6653,53.7486],[-2.6566,53.7606],[-2.6221,53.7709],[-2.6341,53.7824],[-2.5995,53.7815],[-2.5475,53.7759],[-2.5456,53.7691],[-2.5643,53.762],[-2.5513,53.7564]]]}},{"type":"Feature","properties":{"c":"E07000127","n":"West Lancashire"},"geometry":{"type":"Polygon","coordinates":[[[-2.8291,53.7156],[-2.824,53.7029],[-2.8331,53.6955],[-2.8199,53.6871],[-2.8234,53.668],[-2.7959,53.616],[-2.7811,53.6235],[-2.7588,53.6147],[-2.7362,53.6237],[-2.7097,53.6178],[-2.6946,53.6266],[-2.6994,53.6142],[-2.6895,53.6043],[-2.6934,53.5894],[-2.7192,53.5761],[-2.7048,53.5592],[-2.7178,53.5273],[-2.7304,53.5206],[-2.7689,53.5136],[-2.7825,53.5314],[-2.8166,53.5123],[-2.825,53.4852],[-2.8444,53.4841],[-2.8498,53.4931],[-2.8652,53.4921],[-2.888,53.5038],[-2.8817,53.5205],[-2.923,53.5252],[-2.9479,53.5443],[-2.9773,53.5462],[-2.963,53.5238],[-2.9758,53.5153],[-3.0467,53.543],[-3.0404,53.5653],[-3.0226,53.5696],[-3.0207,53.5837],[-3.036,53.5872],[-3.0288,53.6023],[-2.9979,53.6267],[-2.9818,53.6222],[-2.9673,53.6313],[-2.9401,53.6586],[-2.9468,53.688],[-2.9505,53.6917],[-2.9542,53.6954],[-2.9541,53.6954],[-2.9552,53.6965],[-2.9554,53.6967],[-2.9562,53.6975],[-2.9371,53.6951],[-2.9511,53.6998],[-2.9367,53.7019],[-2.955,53.704],[-2.9438,53.7081],[-2.9318,53.7],[-2.9262,53.7047],[-2.9482,53.7115],[-2.9383,53.7249],[-2.9143,53.7109],[-2.9293,53.7242],[-2.9151,53.7261],[-2.9109,53.7267],[-2.8664,53.7327],[-2.8453,53.725],[-2.8314,53.7169],[-2.8291,53.7156]]]}},{"type":"Feature","properties":{"c":"E07000128","n":"Wyre"},"geometry":{"type":"Polygon","coordinates":[[[-2.7157,53.9802],[-2.702,53.9436],[-2.6879,53.9497],[-2.6482,53.9489],[-2.6264,53.9386],[-2.6135,53.9083],[-2.6252,53.8946],[-2.6452,53.8938],[-2.6854,53.8911],[-2.7098,53.8536],[-2.7465,53.8511],[-2.7362,53.8234],[-2.7595,53.8264],[-2.7709,53.8404],[-2.8002,53.8331],[-2.7984,53.8244],[-2.826,53.82],[-2.8409,53.8313],[-2.8694,53.8309],[-2.8576,53.8426],[-2.8901,53.846],[-2.8756,53.8579],[-2.9043,53.8648],[-2.9438,53.8507],[-2.9767,53.8646],[-2.9819,53.8582],[-2.9656,53.8473],[-2.9618,53.8283],[-3.0107,53.8262],[-3.0197,53.8686],[-3.0478,53.8746],[-3.0477,53.8757],[-3.0498,53.92],[-3.0085,53.9289],[-3.0095,53.9007],[-2.9996,53.9286],[-2.925,53.95],[-2.9157,53.9475],[-2.9107,53.9462],[-2.9156,53.9458],[-2.9301,53.9447],[-2.9155,53.9409],[-2.9062,53.9385],[-2.881,53.9433],[-2.8852,53.9368],[-2.8644,53.9181],[-2.8037,53.9358],[-2.8137,53.9458],[-2.7964,53.9755],[-2.7579,53.9631],[-2.7554,53.9523],[-2.7415,53.9569],[-2.7352,53.9745],[-2.7157,53.9802]]]}},{"type":"Feature","properties":{"c":"E07000129","n":"Blaby"},"geometry":{"type":"Polygon","coordinates":[[[-1.1853,52.6606],[-1.1907,52.6404],[-1.2073,52.6426],[-1.216,52.6345],[-1.1655,52.6131],[-1.1742,52.5929],[-1.1579,52.5908],[-1.1609,52.5825],[-1.1495,52.581],[-1.1436,52.588],[-1.1302,52.5622],[-1.1236,52.5689],[-1.0958,52.5656],[-1.0829,52.5566],[-1.0594,52.5589],[-1.0759,52.5388],[-1.1213,52.5452],[-1.1843,52.5275],[-1.2021,52.5274],[-1.2318,52.5554],[-1.3059,52.4934],[-1.3251,52.5011],[-1.318,52.5151],[-1.3348,52.533],[-1.3349,52.5602],[-1.3237,52.5678],[-1.302,52.5614],[-1.2729,52.566],[-1.27,52.5748],[-1.2968,52.5798],[-1.2984,52.5859],[-1.2746,52.601],[-1.2745,52.6162],[-1.2574,52.6162],[-1.2619,52.6282],[-1.2408,52.6336],[-1.2618,52.6371],[-1.2322,52.6407],[-1.1997,52.6644],[-1.1853,52.6606]]]}},{"type":"Feature","properties":{"c":"E07000130","n":"Charnwood"},"geometry":{"type":"Polygon","coordinates":[[[-1.0364,52.8159],[-1.0459,52.766],[-1.0304,52.7562],[-1.0199,52.727],[-1.0011,52.7237],[-1.0156,52.7108],[-1.008,52.6964],[-0.9489,52.6804],[-0.9602,52.6731],[-0.9803,52.6819],[-1.0137,52.6551],[-1.0486,52.655],[-1.0751,52.6696],[-1.1188,52.6732],[-1.1292,52.6654],[-1.1433,52.6872],[-1.1573,52.6915],[-1.1781,52.678],[-1.1853,52.6606],[-1.1997,52.6644],[-1.2121,52.6744],[-1.2269,52.67],[-1.2443,52.6845],[-1.259,52.6821],[-1.2809,52.6918],[-1.2827,52.7146],[-1.2471,52.7364],[-1.2511,52.7409],[-1.2669,52.7475],[-1.2875,52.734],[-1.3048,52.7485],[-1.3324,52.753],[-1.3348,52.7631],[-1.319,52.7854],[-1.2787,52.7832],[-1.2764,52.8003],[-1.2619,52.8104],[-1.2345,52.8021],[-1.2259,52.7917],[-1.1977,52.7894],[-1.1633,52.8065],[-1.1309,52.8058],[-1.1169,52.8196],[-1.0744,52.8247],[-1.0717,52.814],[-1.0364,52.8159]]]}},{"type":"Feature","properties":{"c":"E07000131","n":"Harborough"},"geometry":{"type":"Polygon","coordinates":[[[-0.8088,52.6461],[-0.8058,52.6207],[-0.821,52.5965],[-0.7924,52.5976],[-0.7653,52.5825],[-0.7599,52.5649],[-0.7389,52.5489],[-0.7422,52.5395],[-0.7137,52.525],[-0.7572,52.5109],[-0.7749,52.5183],[-0.8201,52.5155],[-0.8687,52.527],[-0.8834,52.514],[-0.8821,52.4932],[-0.898,52.4869],[-0.8824,52.4713],[-0.9013,52.4598],[-0.9422,52.4678],[-0.9519,52.4774],[-1.0007,52.4709],[-1.0445,52.4458],[-1.0343,52.4363],[-1.05,52.4222],[-1.0844,52.4363],[-1.1293,52.4161],[-1.1494,52.397],[-1.184,52.3922],[-1.2016,52.3967],[-1.3059,52.4934],[-1.2318,52.5554],[-1.2021,52.5274],[-1.1843,52.5275],[-1.1213,52.5452],[-1.0759,52.5388],[-1.0594,52.5589],[-1.0829,52.5566],[-1.0754,52.5747],[-1.0414,52.598],[-1.0625,52.6042],[-1.0705,52.6181],[-1.047,52.6346],[-1.0486,52.655],[-1.0137,52.6551],[-0.9803,52.6819],[-0.9602,52.6731],[-0.9489,52.6804],[-0.916,52.6711],[-0.9119,52.6772],[-0.8929,52.6737],[-0.8555,52.6849],[-0.8588,52.6738],[-0.834,52.6727],[-0.8295,52.6588],[-0.8095,52.6576],[-0.8223,52.6473],[-0.8088,52.6461]]]}},{"type":"Feature","properties":{"c":"E07000132","n":"Hinckley and Bosworth"},"geometry":{"type":"Polygon","coordinates":[[[-1.1997,52.6644],[-1.2322,52.6407],[-1.2618,52.6371],[-1.2408,52.6336],[-1.2619,52.6282],[-1.2574,52.6162],[-1.2745,52.6162],[-1.2746,52.601],[-1.2984,52.5859],[-1.2968,52.5798],[-1.27,52.5748],[-1.2729,52.566],[-1.302,52.5614],[-1.3237,52.5678],[-1.3349,52.5602],[-1.3348,52.533],[-1.318,52.5151],[-1.3251,52.5011],[-1.4173,52.5345],[-1.46,52.5516],[-1.5227,52.5704],[-1.5272,52.5827],[-1.5607,52.5961],[-1.5545,52.6148],[-1.5714,52.6353],[-1.5445,52.6446],[-1.5518,52.6675],[-1.5368,52.6657],[-1.5024,52.6776],[-1.494,52.6691],[-1.477,52.6777],[-1.4457,52.664],[-1.4242,52.684],[-1.4019,52.6721],[-1.3606,52.6765],[-1.3426,52.6902],[-1.3511,52.6942],[-1.2827,52.7146],[-1.2809,52.6918],[-1.259,52.6821],[-1.2443,52.6845],[-1.2269,52.67],[-1.2121,52.6744],[-1.1997,52.6644]]]}},{"type":"Feature","properties":{"c":"E07000133","n":"Melton"},"geometry":{"type":"Polygon","coordinates":[[[-0.6641,52.7567],[-0.7517,52.7367],[-0.7765,52.7439],[-0.8134,52.7291],[-0.8218,52.7157],[-0.786,52.6948],[-0.782,52.6695],[-0.8088,52.6461],[-0.8223,52.6473],[-0.8095,52.6576],[-0.8295,52.6588],[-0.834,52.6727],[-0.8588,52.6738],[-0.8555,52.6849],[-0.8929,52.6737],[-0.9119,52.6772],[-0.916,52.6711],[-0.9489,52.6804],[-1.008,52.6964],[-1.0156,52.7108],[-1.0011,52.7237],[-1.0199,52.727],[-1.0304,52.7562],[-1.0459,52.766],[-1.0364,52.8159],[-1.0219,52.8221],[-0.9827,52.8207],[-0.9771,52.8407],[-0.9595,52.8438],[-0.9281,52.8661],[-0.9406,52.8768],[-0.9168,52.8789],[-0.8576,52.9056],[-0.8629,52.9131],[-0.8244,52.9418],[-0.8339,52.9459],[-0.82,52.9605],[-0.8129,52.9575],[-0.7962,52.9767],[-0.7783,52.9769],[-0.7784,52.9593],[-0.755,52.9496],[-0.7769,52.9048],[-0.7585,52.9005],[-0.7666,52.8868],[-0.7427,52.8832],[-0.6822,52.812],[-0.6641,52.7567]]]}},{"type":"Feature","properties":{"c":"E07000134","n":"North West Leicestershire"},"geometry":{"type":"Polygon","coordinates":[[[-1.2619,52.8104],[-1.2764,52.8003],[-1.2787,52.7832],[-1.319,52.7854],[-1.3348,52.7631],[-1.3324,52.753],[-1.3048,52.7485],[-1.2875,52.734],[-1.2669,52.7475],[-1.2511,52.7409],[-1.2471,52.7364],[-1.2827,52.7146],[-1.3511,52.6942],[-1.3426,52.6902],[-1.3606,52.6765],[-1.4019,52.6721],[-1.4242,52.684],[-1.4457,52.664],[-1.477,52.6777],[-1.494,52.6691],[-1.5024,52.6776],[-1.5368,52.6657],[-1.5518,52.6675],[-1.5896,52.6873],[-1.5975,52.7004],[-1.5501,52.7204],[-1.5446,52.7317],[-1.5625,52.7506],[-1.5528,52.7633],[-1.5039,52.7675],[-1.494,52.759],[-1.4685,52.7669],[-1.4559,52.7771],[-1.4628,52.7869],[-1.4425,52.7929],[-1.4437,52.8026],[-1.4177,52.8016],[-1.3879,52.833],[-1.3944,52.8368],[-1.3606,52.8554],[-1.3511,52.8533],[-1.3455,52.8673],[-1.3257,52.8659],[-1.3193,52.8729],[-1.2679,52.8734],[-1.2744,52.8361],[-1.2619,52.8104]]]}},{"type":"Feature","properties":{"c":"E07000135","n":"Oadby and Wigston"},"geometry":{"type":"Polygon","coordinates":[[[-1.0829,52.5566],[-1.0958,52.5656],[-1.1236,52.5689],[-1.1302,52.5622],[-1.1436,52.588],[-1.1202,52.5975],[-1.1037,52.5959],[-1.0966,52.6165],[-1.0705,52.6181],[-1.0625,52.6042],[-1.0414,52.598],[-1.0754,52.5747],[-1.0829,52.5566]]]}},{"type":"Feature","properties":{"c":"E07000136","n":"Boston"},"geometry":{"type":"Polygon","coordinates":[[[0.1994,53.0325],[0.1514,53.0081],[0.0819,52.9413],[0.0798,52.9392],[0.0723,52.932],[0.0776,52.932],[0.0633,52.9226],[0.0532,52.9162],[0.0426,52.9088],[0.027,52.8985],[-0.0403,52.8685],[-0.0848,52.8645],[-0.1185,52.8824],[-0.1427,52.8849],[-0.1566,52.9122],[-0.2467,52.9288],[-0.1898,52.9965],[-0.225,53.03],[-0.2109,53.0699],[-0.1961,53.0696],[-0.1159,53.0106],[-0.0071,53.0011],[0.0452,53.0301],[0.0362,53.0695],[0.0875,53.0716],[0.1371,53.0867],[0.1502,53.0569],[0.1929,53.0377],[0.1994,53.0325]]]}},{"type":"Feature","properties":{"c":"E07000137","n":"East Lindsey"},"geometry":{"type":"Polygon","coordinates":[[[0.1994,53.0325],[0.1929,53.0377],[0.1502,53.0569],[0.1371,53.0867],[0.0875,53.0716],[0.0362,53.0695],[0.0452,53.0301],[-0.0071,53.0011],[-0.1159,53.0106],[-0.1961,53.0696],[-0.1966,53.0834],[-0.2193,53.0963],[-0.2262,53.1249],[-0.2897,53.1794],[-0.3023,53.2104],[-0.276,53.2342],[-0.2802,53.2498],[-0.3004,53.2621],[-0.2898,53.264],[-0.3008,53.264],[-0.3019,53.2753],[-0.3164,53.2795],[-0.3175,53.2983],[-0.2956,53.303],[-0.3103,53.32],[-0.2933,53.3345],[-0.2755,53.3218],[-0.2553,53.33],[-0.2559,53.3441],[-0.2049,53.3719],[-0.2294,53.3981],[-0.206,53.4084],[-0.2145,53.4286],[-0.1805,53.4407],[-0.1318,53.4359],[-0.1203,53.4336],[-0.0822,53.4512],[-0.1078,53.4699],[-0.0898,53.4777],[-0.0955,53.486],[-0.0753,53.4893],[-0.065,53.5187],[-0.0148,53.5154],[0.0155,53.5279],[0.0176,53.5255],[0.0335,53.5221],[0.0206,53.5184],[0.0353,53.5192],[0.0369,53.5105],[0.0361,53.5217],[0.0407,53.508],[0.0444,53.5142],[0.0611,53.5124],[0.0268,53.5297],[0.0766,53.5132],[0.0867,53.5157],[0.0845,53.4994],[0.0907,53.4919],[0.1013,53.4946],[0.1008,53.4846],[0.1084,53.4844],[0.1151,53.4843],[0.1086,53.4887],[0.1039,53.492],[0.1087,53.4897],[0.1213,53.4838],[0.1087,53.4903],[0.1029,53.4933],[0.1089,53.4941],[0.1129,53.4946],[0.1094,53.5039],[0.1089,53.5051],[0.1094,53.505],[0.1293,53.4992],[0.1346,53.4849],[0.1432,53.4854],[0.1386,53.4949],[0.1467,53.4929],[0.1662,53.4771],[0.1736,53.471],[0.1653,53.4738],[0.1794,53.4434],[0.1905,53.4383],[0.1754,53.437],[0.1912,53.4374],[0.2111,53.4174],[0.1895,53.4173],[0.2131,53.4166],[0.2125,53.4161],[0.2121,53.4161],[0.2064,53.4102],[0.2122,53.4158],[0.2144,53.4086],[0.2142,53.416],[0.2314,53.4024],[0.2605,53.3593],[0.2745,53.3322],[0.3238,53.262],[0.3556,53.1921],[0.3494,53.114],[0.3492,53.1122],[0.338,53.1018],[0.3376,53.1014],[0.3341,53.0867],[0.3349,53.0944],[0.3192,53.0917],[0.3189,53.0911],[0.2992,53.0907],[0.3157,53.0887],[0.2884,53.0757],[0.2818,53.0801],[0.2875,53.0749],[0.2572,53.0638],[0.2689,53.0632],[0.2582,53.0565],[0.2488,53.0522],[0.2429,53.0572],[0.2486,53.0519],[0.236,53.0531],[0.2446,53.0486],[0.1996,53.0326],[0.1994,53.0325]]]}},{"type":"Feature","properties":{"c":"E07000138","n":"Lincoln"},"geometry":{"type":"Polygon","coordinates":[[[-0.4951,53.2253],[-0.5302,53.2175],[-0.5396,53.204],[-0.5488,53.2059],[-0.5528,53.1863],[-0.5644,53.187],[-0.6197,53.2081],[-0.6157,53.2219],[-0.5707,53.2296],[-0.5951,53.2452],[-0.5143,53.254],[-0.496,53.2472],[-0.4951,53.2253]]]}},{"type":"Feature","properties":{"c":"E07000139","n":"North Kesteven"},"geometry":{"type":"Polygon","coordinates":[[[-0.5951,53.2452],[-0.5707,53.2296],[-0.6157,53.2219],[-0.6197,53.2081],[-0.5644,53.187],[-0.5528,53.1863],[-0.5488,53.2059],[-0.5396,53.204],[-0.5302,53.2175],[-0.4951,53.2253],[-0.3819,53.232],[-0.3524,53.2279],[-0.3194,53.1849],[-0.2897,53.1794],[-0.2262,53.1249],[-0.2193,53.0963],[-0.1966,53.0834],[-0.1961,53.0696],[-0.2109,53.0699],[-0.225,53.03],[-0.1898,52.9965],[-0.2467,52.9288],[-0.2565,52.9059],[-0.3228,52.9175],[-0.3579,52.9157],[-0.3658,52.8979],[-0.4373,52.887],[-0.4453,52.9006],[-0.4698,52.9012],[-0.4892,52.9135],[-0.494,52.9207],[-0.4795,52.9314],[-0.4942,52.9538],[-0.51,52.9476],[-0.5178,52.9603],[-0.5541,52.9544],[-0.5431,52.9716],[-0.5262,52.9694],[-0.5228,53.0496],[-0.5849,53.0457],[-0.6899,53.0598],[-0.7059,53.052],[-0.7162,53.0591],[-0.7135,53.066],[-0.6951,53.0663],[-0.7296,53.0979],[-0.7168,53.1162],[-0.7324,53.1278],[-0.7154,53.1369],[-0.7182,53.1773],[-0.764,53.1826],[-0.7306,53.2108],[-0.7148,53.2076],[-0.6976,53.2202],[-0.6759,53.2176],[-0.6666,53.2397],[-0.6484,53.2435],[-0.6484,53.2532],[-0.6223,53.258],[-0.5951,53.2452]]]}},{"type":"Feature","properties":{"c":"E07000140","n":"South Holland"},"geometry":{"type":"Polygon","coordinates":[[[0.027,52.8985],[0.0381,52.9051],[0.0374,52.9033],[0.0408,52.9066],[0.0686,52.9187],[0.0692,52.9082],[0.0564,52.9034],[0.0734,52.9061],[0.077,52.8981],[0.0798,52.8975],[0.145,52.8851],[0.136,52.8745],[0.1503,52.8824],[0.1763,52.8741],[0.2143,52.829],[0.1972,52.8297],[0.2151,52.8285],[0.2149,52.8228],[0.2044,52.7816],[0.2168,52.8209],[0.2452,52.8222],[0.2657,52.8139],[0.245,52.7845],[0.2722,52.7728],[0.1863,52.7353],[0.1716,52.738],[0.133,52.7393],[0.089,52.7236],[0.0636,52.7274],[0.0441,52.7144],[0.0486,52.6814],[0.0215,52.6649],[-0.0313,52.6615],[-0.0637,52.6752],[-0.0878,52.6668],[-0.1022,52.6722],[-0.1411,52.6515],[-0.18,52.6606],[-0.1929,52.6524],[-0.2125,52.6667],[-0.2672,52.6991],[-0.3067,52.7434],[-0.2607,52.771],[-0.2763,52.8612],[-0.2709,52.8721],[-0.257,52.8672],[-0.2695,52.877],[-0.2565,52.9059],[-0.2467,52.9288],[-0.1566,52.9122],[-0.1427,52.8849],[-0.1185,52.8824],[-0.0848,52.8645],[-0.0403,52.8685],[0.027,52.8985]]]}},{"type":"Feature","properties":{"c":"E07000141","n":"South Kesteven"},"geometry":{"type":"Polygon","coordinates":[[[-0.2565,52.9059],[-0.2695,52.877],[-0.257,52.8672],[-0.2709,52.8721],[-0.2763,52.8612],[-0.2607,52.771],[-0.3067,52.7434],[-0.2672,52.6991],[-0.2125,52.6667],[-0.2608,52.6514],[-0.2892,52.6703],[-0.335,52.6749],[-0.3501,52.6617],[-0.4057,52.6481],[-0.4528,52.6543],[-0.4947,52.6403],[-0.495,52.6402],[-0.5236,52.6652],[-0.5067,52.6595],[-0.4562,52.6704],[-0.4341,52.6837],[-0.4304,52.7054],[-0.4945,52.7097],[-0.5424,52.7233],[-0.54,52.7384],[-0.5726,52.7531],[-0.6054,52.7505],[-0.6103,52.7598],[-0.6641,52.7567],[-0.6822,52.812],[-0.7427,52.8832],[-0.7666,52.8868],[-0.7585,52.9005],[-0.7769,52.9048],[-0.755,52.9496],[-0.7784,52.9593],[-0.7783,52.9769],[-0.8041,53.0125],[-0.7958,53.0106],[-0.7884,53.0259],[-0.7608,53.0294],[-0.7496,53.0551],[-0.7162,53.0591],[-0.7059,53.052],[-0.6899,53.0598],[-0.5849,53.0457],[-0.5228,53.0496],[-0.5262,52.9694],[-0.5431,52.9716],[-0.5541,52.9544],[-0.5178,52.9603],[-0.51,52.9476],[-0.4942,52.9538],[-0.4795,52.9314],[-0.494,52.9207],[-0.4892,52.9135],[-0.4698,52.9012],[-0.4453,52.9006],[-0.4373,52.887],[-0.3658,52.8979],[-0.3579,52.9157],[-0.3228,52.9175],[-0.2565,52.9059]]]}},{"type":"Feature","properties":{"c":"E07000142","n":"West Lindsey"},"geometry":{"type":"Polygon","coordinates":[[[-0.2921,53.6133],[-0.2485,53.5937],[-0.2514,53.5847],[-0.2347,53.5863],[-0.2226,53.568],[-0.1952,53.5716],[-0.1893,53.5659],[-0.2199,53.5326],[-0.2106,53.5317],[-0.2041,53.5118],[-0.2106,53.4863],[-0.1886,53.4845],[-0.1818,53.4686],[-0.1537,53.4657],[-0.1492,53.4467],[-0.1318,53.4359],[-0.1805,53.4407],[-0.2145,53.4286],[-0.206,53.4084],[-0.2294,53.3981],[-0.2049,53.3719],[-0.2559,53.3441],[-0.2553,53.33],[-0.2755,53.3218],[-0.2933,53.3345],[-0.3103,53.32],[-0.2956,53.303],[-0.3175,53.2983],[-0.3164,53.2795],[-0.3019,53.2753],[-0.3008,53.264],[-0.2898,53.264],[-0.3004,53.2621],[-0.2802,53.2498],[-0.276,53.2342],[-0.3023,53.2104],[-0.2897,53.1794],[-0.3194,53.1849],[-0.3524,53.2279],[-0.3819,53.232],[-0.4951,53.2253],[-0.496,53.2472],[-0.5143,53.254],[-0.5951,53.2452],[-0.6223,53.258],[-0.6484,53.2532],[-0.6484,53.2435],[-0.6666,53.2397],[-0.688,53.2584],[-0.7342,53.254],[-0.7351,53.2439],[-0.7771,53.2469],[-0.7643,53.2727],[-0.7781,53.2839],[-0.7635,53.2994],[-0.751,53.2936],[-0.7471,53.3043],[-0.75,53.3242],[-0.7665,53.3301],[-0.7586,53.3538],[-0.7745,53.3644],[-0.7911,53.3636],[-0.7752,53.3778],[-0.7904,53.3859],[-0.7771,53.3969],[-0.7886,53.4153],[-0.8181,53.427],[-0.8205,53.4407],[-0.7975,53.4551],[-0.7844,53.4634],[-0.7844,53.4767],[-0.7716,53.4792],[-0.7681,53.4989],[-0.7521,53.5005],[-0.7396,53.5199],[-0.6245,53.5128],[-0.6298,53.4582],[-0.5518,53.4595],[-0.4717,53.4749],[-0.4866,53.4805],[-0.4884,53.5049],[-0.4051,53.5176],[-0.4081,53.5321],[-0.4307,53.5463],[-0.5013,53.5375],[-0.4909,53.5459],[-0.467,53.549],[-0.429,53.5745],[-0.417,53.5632],[-0.3359,53.5586],[-0.3007,53.5953],[-0.3086,53.6143],[-0.2921,53.6133]]]}},{"type":"Feature","properties":{"c":"E07000143","n":"Breckland"},"geometry":{"type":"Polygon","coordinates":[[[0.9936,52.7984],[1.0002,52.7658],[1.0448,52.769],[1.0511,52.7504],[1.0802,52.741],[1.0886,52.7232],[1.1052,52.7147],[1.0842,52.7025],[1.1083,52.6825],[1.0976,52.6498],[1.079,52.6487],[1.0747,52.6381],[1.0544,52.6633],[1.0431,52.6465],[1.0235,52.6398],[1.0188,52.6157],[1.0369,52.6158],[1.0395,52.5882],[0.9638,52.5946],[0.9537,52.5849],[0.9622,52.5812],[0.947,52.5758],[0.9735,52.5548],[1.0338,52.5375],[1.0614,52.5372],[1.0953,52.5183],[1.0789,52.507],[1.0947,52.4604],[1.0731,52.4547],[1.0572,52.4202],[1.0428,52.4256],[1.0212,52.4164],[1.034,52.4157],[1.0214,52.406],[1.03,52.3787],[0.9675,52.3701],[0.9311,52.3887],[0.8669,52.3903],[0.8409,52.4009],[0.8082,52.3895],[0.766,52.3904],[0.7474,52.3832],[0.7376,52.3951],[0.6911,52.3974],[0.6686,52.4089],[0.7187,52.4497],[0.684,52.4532],[0.6663,52.4625],[0.6418,52.451],[0.5825,52.4519],[0.6134,52.5316],[0.5798,52.5596],[0.5368,52.5657],[0.5305,52.5761],[0.5642,52.5965],[0.5785,52.6535],[0.5622,52.6553],[0.5647,52.6716],[0.551,52.6805],[0.612,52.7],[0.626,52.7018],[0.6477,52.6907],[0.6538,52.7041],[0.6878,52.6979],[0.711,52.709],[0.7182,52.7218],[0.7011,52.7362],[0.6681,52.7406],[0.6887,52.752],[0.6901,52.77],[0.7079,52.7885],[0.7958,52.7691],[0.8394,52.8111],[0.8654,52.8074],[0.8908,52.7907],[0.9176,52.8033],[0.9384,52.788],[0.9368,52.7956],[0.9677,52.8077],[0.9936,52.7984]]]}},{"type":"Feature","properties":{"c":"E07000144","n":"Broadland"},"geometry":{"type":"Polygon","coordinates":[[[1.3253,52.6232],[1.3313,52.6336],[1.3406,52.6497],[1.323,52.645],[1.2926,52.6549],[1.3001,52.6768],[1.2923,52.6849],[1.283,52.6773],[1.2629,52.6774],[1.2842,52.6577],[1.2485,52.6477],[1.2342,52.668],[1.2183,52.6728],[1.205,52.66],[1.1907,52.6785],[1.1738,52.6651],[1.1473,52.6714],[1.1352,52.6429],[1.0976,52.6498],[1.1083,52.6825],[1.0842,52.7025],[1.1052,52.7147],[1.0886,52.7232],[1.0802,52.741],[1.0511,52.7504],[1.0448,52.769],[1.0002,52.7658],[0.9936,52.7984],[1.0223,52.8],[1.0353,52.8119],[1.0879,52.8158],[1.1018,52.8293],[1.1496,52.8121],[1.1453,52.8239],[1.1565,52.8217],[1.1726,52.8306],[1.1934,52.8153],[1.2144,52.8297],[1.2511,52.8205],[1.2546,52.8134],[1.2741,52.8188],[1.2889,52.8047],[1.3082,52.8068],[1.3148,52.7797],[1.357,52.7463],[1.3876,52.7401],[1.3973,52.7291],[1.4059,52.7325],[1.4024,52.7157],[1.424,52.7035],[1.4186,52.6919],[1.4344,52.6896],[1.4414,52.7015],[1.461,52.7056],[1.4739,52.6893],[1.4881,52.6933],[1.4944,52.6872],[1.5119,52.69],[1.5122,52.6816],[1.519,52.6869],[1.5494,52.6815],[1.5681,52.6379],[1.5904,52.6382],[1.6053,52.624],[1.6443,52.6304],[1.6772,52.614],[1.642,52.6042],[1.631,52.5925],[1.6463,52.5886],[1.623,52.5742],[1.6075,52.574],[1.592,52.558],[1.5406,52.5556],[1.5224,52.5627],[1.5184,52.5758],[1.4978,52.5713],[1.4847,52.5878],[1.4545,52.5946],[1.4347,52.6201],[1.4289,52.6204],[1.4136,52.6212],[1.4029,52.6149],[1.3948,52.6097],[1.3885,52.6056],[1.3693,52.6241],[1.3623,52.6244],[1.3595,52.6246],[1.3431,52.6249],[1.3296,52.6242],[1.3253,52.6232]]]}},{"type":"Feature","properties":{"c":"E07000145","n":"Great Yarmouth"},"geometry":{"type":"Polygon","coordinates":[[[1.7402,52.5321],[1.726,52.5306],[1.7021,52.5447],[1.6677,52.5503],[1.6286,52.526],[1.6211,52.5397],[1.6058,52.5447],[1.6486,52.5763],[1.6463,52.5886],[1.631,52.5925],[1.642,52.6042],[1.6772,52.614],[1.6443,52.6304],[1.6053,52.624],[1.5904,52.6382],[1.5681,52.6379],[1.5494,52.6815],[1.5502,52.6991],[1.6193,52.7176],[1.6393,52.7343],[1.6748,52.7426],[1.6749,52.7426],[1.6976,52.7235],[1.6995,52.7199],[1.7138,52.6922],[1.7372,52.6452],[1.7436,52.5743],[1.74,52.5742],[1.7401,52.5676],[1.7332,52.5569],[1.7402,52.5326],[1.7402,52.5321]]]}},{"type":"Feature","properties":{"c":"E07000146","n":"King's Lynn and West Norfolk"},"geometry":{"type":"Polygon","coordinates":[[[0.782,52.9783],[0.7899,52.8999],[0.817,52.9001],[0.8216,52.8929],[0.8069,52.8794],[0.7949,52.8835],[0.791,52.8599],[0.7278,52.8553],[0.7251,52.8429],[0.7563,52.8164],[0.7079,52.7885],[0.6901,52.77],[0.6887,52.752],[0.6681,52.7406],[0.7011,52.7362],[0.7182,52.7218],[0.711,52.709],[0.6878,52.6979],[0.6538,52.7041],[0.6477,52.6907],[0.626,52.7018],[0.612,52.7],[0.551,52.6805],[0.5647,52.6716],[0.5622,52.6553],[0.5785,52.6535],[0.5642,52.5965],[0.5305,52.5761],[0.5368,52.5657],[0.5798,52.5596],[0.6134,52.5316],[0.5825,52.4519],[0.5547,52.456],[0.5237,52.4482],[0.4454,52.4474],[0.4293,52.4365],[0.4285,52.4547],[0.3807,52.4795],[0.3671,52.5012],[0.3094,52.5136],[0.2564,52.5077],[0.246,52.4999],[0.2363,52.5073],[0.2061,52.5196],[0.2306,52.5279],[0.2079,52.5301],[0.2038,52.5454],[0.2146,52.5491],[0.2052,52.5478],[0.2047,52.5547],[0.2172,52.5606],[0.2056,52.5654],[0.2184,52.5726],[0.1916,52.599],[0.2191,52.622],[0.1699,52.6504],[0.1838,52.6557],[0.1847,52.6779],[0.1536,52.6822],[0.1716,52.738],[0.1863,52.7353],[0.2722,52.7728],[0.245,52.7845],[0.2657,52.8139],[0.2674,52.8132],[0.2851,52.8118],[0.2784,52.8161],[0.2876,52.8192],[0.2904,52.8131],[0.3155,52.8188],[0.3446,52.8143],[0.3344,52.8102],[0.3459,52.8136],[0.3389,52.8076],[0.3521,52.8094],[0.3453,52.8033],[0.3538,52.8063],[0.3624,52.7967],[0.3709,52.7827],[0.3885,52.7536],[0.3923,52.7474],[0.3893,52.7535],[0.3746,52.7843],[0.3815,52.7888],[0.3742,52.7853],[0.3713,52.7894],[0.3628,52.8017],[0.3703,52.8024],[0.3583,52.8078],[0.3725,52.8112],[0.3812,52.8134],[0.3726,52.8129],[0.3576,52.8122],[0.373,52.8206],[0.4026,52.8368],[0.4116,52.8326],[0.4051,52.8377],[0.433,52.8531],[0.4446,52.8534],[0.4496,52.8424],[0.4449,52.8729],[0.4803,52.9315],[0.4902,52.948],[0.5416,52.9752],[0.5693,52.9753],[0.5616,52.9719],[0.5763,52.964],[0.5864,52.9729],[0.587,52.9659],[0.5922,52.971],[0.5901,52.9647],[0.6035,52.9658],[0.5879,52.9771],[0.6177,52.9727],[0.6139,52.966],[0.6262,52.9674],[0.6228,52.9738],[0.6716,52.9775],[0.6688,52.9701],[0.6386,52.9709],[0.6435,52.9662],[0.6789,52.9673],[0.6847,52.9675],[0.7001,52.9735],[0.68,52.9695],[0.6938,52.979],[0.7155,52.9718],[0.748,52.9748],[0.7505,52.9726],[0.7463,52.9662],[0.7476,52.9726],[0.7317,52.9727],[0.7316,52.9611],[0.7578,52.9694],[0.7536,52.9751],[0.7645,52.9766],[0.7506,52.9767],[0.7815,52.9784],[0.782,52.9783]]]}},{"type":"Feature","properties":{"c":"E07000147","n":"North Norfolk"},"geometry":{"type":"Polygon","coordinates":[[[1.0069,52.9743],[1.0102,52.9735],[1.1242,52.9513],[1.1318,52.9505],[1.132,52.9505],[1.1402,52.9497],[1.2723,52.9359],[1.301,52.9328],[1.3601,52.9099],[1.4321,52.8818],[1.5601,52.8154],[1.5865,52.8017],[1.6748,52.7426],[1.6393,52.7343],[1.6193,52.7176],[1.5502,52.6991],[1.5494,52.6815],[1.519,52.6869],[1.5122,52.6816],[1.5119,52.69],[1.4944,52.6872],[1.4881,52.6933],[1.4739,52.6893],[1.461,52.7056],[1.4414,52.7015],[1.4344,52.6896],[1.4186,52.6919],[1.424,52.7035],[1.4024,52.7157],[1.4059,52.7325],[1.3973,52.7291],[1.3876,52.7401],[1.357,52.7463],[1.3148,52.7797],[1.3082,52.8068],[1.2889,52.8047],[1.2741,52.8188],[1.2546,52.8134],[1.2511,52.8205],[1.2144,52.8297],[1.1934,52.8153],[1.1726,52.8306],[1.1565,52.8217],[1.1453,52.8239],[1.1496,52.8121],[1.1018,52.8293],[1.0879,52.8158],[1.0353,52.8119],[1.0223,52.8],[0.9936,52.7984],[0.9677,52.8077],[0.9368,52.7956],[0.9384,52.788],[0.9176,52.8033],[0.8908,52.7907],[0.8654,52.8074],[0.8394,52.8111],[0.7958,52.7691],[0.7079,52.7885],[0.7563,52.8164],[0.7251,52.8429],[0.7278,52.8553],[0.791,52.8599],[0.7949,52.8835],[0.8069,52.8794],[0.8216,52.8929],[0.817,52.9001],[0.7899,52.8999],[0.782,52.9783],[0.8125,52.9733],[0.8454,52.9777],[0.851,52.9578],[0.8696,52.9548],[0.9054,52.9624],[0.9093,52.9569],[0.9106,52.9633],[0.9169,52.9625],[0.9146,52.9637],[0.921,52.9662],[0.9365,52.9577],[0.9765,52.9628],[0.984,52.9638],[1.0145,52.963],[1.0106,52.955],[1.0305,52.9666],[1.0029,52.9739],[0.9771,52.9719],[0.9699,52.9714],[0.958,52.9693],[0.975,52.9804],[0.9776,52.9799],[1.0069,52.9743]]]}},{"type":"Feature","properties":{"c":"E07000148","n":"Norwich"},"geometry":{"type":"Polygon","coordinates":[[[1.3253,52.6232],[1.3296,52.6242],[1.3431,52.6249],[1.3595,52.6246],[1.3623,52.6244],[1.3693,52.6241],[1.3885,52.6056],[1.3948,52.6097],[1.4029,52.6149],[1.4136,52.6212],[1.4289,52.6204],[1.4347,52.6201],[1.4545,52.5946],[1.4847,52.5878],[1.4978,52.5713],[1.5184,52.5758],[1.5224,52.5627],[1.5406,52.5556],[1.5218,52.5624],[1.5184,52.5752],[1.4979,52.5708],[1.485,52.5867],[1.4537,52.5944],[1.4341,52.6197],[1.428,52.6201],[1.4148,52.621],[1.4003,52.612],[1.3895,52.6045],[1.3875,52.604],[1.3695,52.6236],[1.3618,52.624],[1.3282,52.6232],[1.2855,52.5959],[1.2762,52.5992],[1.2692,52.6018],[1.2579,52.5981],[1.2436,52.6171],[1.2315,52.6181],[1.2306,52.6309],[1.2129,52.6271],[1.2039,52.6447],[1.2355,52.6409],[1.2485,52.6477],[1.2842,52.6577],[1.2629,52.6774],[1.283,52.6773],[1.2923,52.6849],[1.3001,52.6768],[1.2926,52.6549],[1.323,52.645],[1.3406,52.6497],[1.3313,52.6336],[1.3253,52.6232]]]}},{"type":"Feature","properties":{"c":"E07000149","n":"South Norfolk"},"geometry":{"type":"Polygon","coordinates":[[[1.2762,52.5992],[1.2855,52.5959],[1.3282,52.6232],[1.3618,52.624],[1.3695,52.6236],[1.3875,52.604],[1.3895,52.6045],[1.4003,52.612],[1.4148,52.621],[1.428,52.6201],[1.4341,52.6197],[1.4537,52.5944],[1.485,52.5867],[1.4979,52.5708],[1.5184,52.5752],[1.5218,52.5624],[1.5406,52.5556],[1.592,52.558],[1.6075,52.574],[1.623,52.5742],[1.6463,52.5886],[1.6486,52.5763],[1.6058,52.5447],[1.6211,52.5397],[1.6286,52.526],[1.6543,52.5014],[1.6718,52.5039],[1.6824,52.4953],[1.6587,52.4684],[1.6468,52.472],[1.6345,52.463],[1.6182,52.4633],[1.5864,52.4787],[1.568,52.4746],[1.5578,52.4577],[1.5297,52.4684],[1.508,52.4618],[1.4807,52.4719],[1.4462,52.456],[1.4203,52.4711],[1.411,52.4617],[1.4333,52.4559],[1.4327,52.4454],[1.4079,52.4444],[1.3636,52.4275],[1.3471,52.4044],[1.3165,52.3874],[1.2862,52.3907],[1.26,52.3711],[1.2139,52.3554],[1.0682,52.3785],[1.03,52.3787],[1.0214,52.406],[1.034,52.4157],[1.0212,52.4164],[1.0428,52.4256],[1.0572,52.4202],[1.0731,52.4547],[1.0947,52.4604],[1.0789,52.507],[1.0953,52.5183],[1.0614,52.5372],[1.0338,52.5375],[0.9735,52.5548],[0.947,52.5758],[0.9622,52.5812],[0.9537,52.5849],[0.9638,52.5946],[1.0395,52.5882],[1.0369,52.6158],[1.0188,52.6157],[1.0235,52.6398],[1.0431,52.6465],[1.0544,52.6633],[1.0747,52.6381],[1.079,52.6487],[1.0976,52.6498],[1.1352,52.6429],[1.1473,52.6714],[1.1738,52.6651],[1.1907,52.6785],[1.205,52.66],[1.2183,52.6728],[1.2342,52.668],[1.2485,52.6477],[1.2355,52.6409],[1.2039,52.6447],[1.2129,52.6271],[1.2306,52.6309],[1.2315,52.6181],[1.2436,52.6171],[1.2579,52.5981],[1.2692,52.6018],[1.2762,52.5992]]]}},{"type":"Feature","properties":{"c":"E07000170","n":"Ashfield"},"geometry":{"type":"Polygon","coordinates":[[[-1.2599,53.1645],[-1.2553,53.1546],[-1.241,53.1531],[-1.2399,53.1396],[-1.1779,53.1148],[-1.1643,53.1033],[-1.2259,53.0815],[-1.2313,53.0621],[-1.2174,53.049],[-1.1821,53.0484],[-1.1827,53.0186],[-1.21,53.0181],[-1.2252,53.0081],[-1.2291,53.0227],[-1.2534,53.0398],[-1.2848,53.0482],[-1.3035,53.0419],[-1.3359,53.053],[-1.3444,53.0655],[-1.3316,53.081],[-1.3029,53.0882],[-1.3093,53.0968],[-1.3006,53.102],[-1.3218,53.1307],[-1.3235,53.1623],[-1.2907,53.1714],[-1.2599,53.1645]]]}},{"type":"Feature","properties":{"c":"E07000171","n":"Bassetlaw"},"geometry":{"type":"Polygon","coordinates":[[[-0.7975,53.4551],[-0.8205,53.4407],[-0.8181,53.427],[-0.7886,53.4153],[-0.7771,53.3969],[-0.7904,53.3859],[-0.7752,53.3778],[-0.7911,53.3636],[-0.7745,53.3644],[-0.7586,53.3538],[-0.7665,53.3301],[-0.75,53.3242],[-0.7471,53.3043],[-0.751,53.2936],[-0.7635,53.2994],[-0.7781,53.2839],[-0.7643,53.2727],[-0.7771,53.2469],[-0.7804,53.1964],[-0.7873,53.2046],[-0.8216,53.2014],[-0.8398,53.2189],[-0.8578,53.2122],[-0.8942,53.2237],[-0.9489,53.2141],[-0.9473,53.2258],[-0.9675,53.2353],[-1.007,53.2363],[-1.0276,53.261],[-1.1033,53.2356],[-1.1238,53.2246],[-1.2094,53.2177],[-1.202,53.2355],[-1.213,53.2477],[-1.2025,53.2612],[-1.1747,53.2652],[-1.1815,53.27],[-1.1665,53.2777],[-1.1801,53.2871],[-1.1766,53.3051],[-1.1997,53.3114],[-1.1387,53.3414],[-1.141,53.3467],[-1.1568,53.345],[-1.1626,53.3568],[-1.1385,53.3559],[-1.146,53.369],[-1.1305,53.3756],[-1.1346,53.39],[-1.1156,53.3972],[-1.116,53.4073],[-1.0804,53.4269],[-1.0309,53.431],[-1.0305,53.4252],[-1.0143,53.4263],[-0.9957,53.4369],[-0.986,53.4717],[-0.9533,53.4844],[-0.9356,53.5025],[-0.9005,53.4752],[-0.9202,53.4655],[-0.9162,53.4603],[-0.8719,53.4663],[-0.7975,53.4551]]]}},{"type":"Feature","properties":{"c":"E07000172","n":"Broxtowe"},"geometry":{"type":"Polygon","coordinates":[[[-1.2252,53.0081],[-1.2191,52.9914],[-1.2034,52.9875],[-1.2262,52.9811],[-1.2468,52.9845],[-1.232,52.9676],[-1.2469,52.9532],[-1.1823,52.9173],[-1.199,52.9095],[-1.2109,52.9122],[-1.2139,52.9044],[-1.2205,52.8956],[-1.2397,52.8923],[-1.2461,52.9029],[-1.2818,52.9103],[-1.281,52.9492],[-1.2925,52.9556],[-1.2877,52.9697],[-1.3074,53.0036],[-1.3319,53.0311],[-1.3359,53.053],[-1.3035,53.0419],[-1.2848,53.0482],[-1.2534,53.0398],[-1.2291,53.0227],[-1.2252,53.0081]]]}},{"type":"Feature","properties":{"c":"E07000173","n":"Gedling"},"geometry":{"type":"Polygon","coordinates":[[[-1.0071,52.9855],[-1.0166,52.9802],[-1.0376,52.9836],[-1.0415,52.9513],[-1.0733,52.9559],[-1.0861,52.9486],[-1.1201,52.9678],[-1.1228,52.9835],[-1.1425,52.9863],[-1.1383,52.9948],[-1.1537,52.9972],[-1.1435,53.0065],[-1.1827,53.0186],[-1.1821,53.0484],[-1.2174,53.049],[-1.2313,53.0621],[-1.2259,53.0815],[-1.1643,53.1033],[-1.1393,53.0996],[-1.1401,53.0924],[-1.1206,53.0867],[-1.1304,53.0736],[-1.0886,53.0776],[-1.0934,53.0674],[-1.0807,53.0525],[-1.0297,53.0243],[-1.0524,53.0105],[-1.0341,53.0049],[-1.0381,52.9956],[-1.0071,52.9855]]]}},{"type":"Feature","properties":{"c":"E07000174","n":"Mansfield"},"geometry":{"type":"Polygon","coordinates":[[[-1.1779,53.1148],[-1.2399,53.1396],[-1.241,53.1531],[-1.2553,53.1546],[-1.2599,53.1645],[-1.2404,53.1787],[-1.197,53.1848],[-1.2094,53.2177],[-1.1238,53.2246],[-1.1033,53.2356],[-1.0948,53.2286],[-1.1112,53.1989],[-1.153,53.1751],[-1.1111,53.1534],[-1.1301,53.1416],[-1.1202,53.1191],[-1.1471,53.122],[-1.1779,53.1148]]]}},{"type":"Feature","properties":{"c":"E07000175","n":"Newark and Sherwood"},"geometry":{"type":"Polygon","coordinates":[[[-0.6666,53.2397],[-0.6759,53.2176],[-0.6976,53.2202],[-0.7148,53.2076],[-0.7306,53.2108],[-0.764,53.1826],[-0.7182,53.1773],[-0.7154,53.1369],[-0.7324,53.1278],[-0.7168,53.1162],[-0.7296,53.0979],[-0.6951,53.0663],[-0.7135,53.066],[-0.7162,53.0591],[-0.7496,53.0551],[-0.7608,53.0294],[-0.7884,53.0259],[-0.7958,53.0106],[-0.8041,53.0125],[-0.7783,52.9769],[-0.7962,52.9767],[-0.8129,52.9575],[-0.82,52.9605],[-0.8361,52.9679],[-0.8152,52.9857],[-0.8229,53.001],[-0.8646,53.0113],[-0.8798,53.0064],[-0.9101,53.0359],[-0.976,52.9863],[-1.0071,52.9855],[-1.0381,52.9956],[-1.0341,53.0049],[-1.0524,53.0105],[-1.0297,53.0243],[-1.0807,53.0525],[-1.0934,53.0674],[-1.0886,53.0776],[-1.1304,53.0736],[-1.1206,53.0867],[-1.1401,53.0924],[-1.1393,53.0996],[-1.1643,53.1033],[-1.1779,53.1148],[-1.1471,53.122],[-1.1202,53.1191],[-1.1301,53.1416],[-1.1111,53.1534],[-1.153,53.1751],[-1.1112,53.1989],[-1.0948,53.2286],[-1.1033,53.2356],[-1.0276,53.261],[-1.007,53.2363],[-0.9675,53.2353],[-0.9473,53.2258],[-0.9489,53.2141],[-0.8942,53.2237],[-0.8578,53.2122],[-0.8398,53.2189],[-0.8216,53.2014],[-0.7873,53.2046],[-0.7804,53.1964],[-0.7771,53.2469],[-0.7351,53.2439],[-0.7342,53.254],[-0.688,53.2584],[-0.6666,53.2397]]]}},{"type":"Feature","properties":{"c":"E07000176","n":"Rushcliffe"},"geometry":{"type":"Polygon","coordinates":[[[-0.82,52.9605],[-0.8339,52.9459],[-0.8244,52.9418],[-0.8629,52.9131],[-0.8576,52.9056],[-0.9168,52.8789],[-0.9406,52.8768],[-0.9281,52.8661],[-0.9595,52.8438],[-0.9771,52.8407],[-0.9827,52.8207],[-1.0219,52.8221],[-1.0364,52.8159],[-1.0717,52.814],[-1.0744,52.8247],[-1.1169,52.8196],[-1.1309,52.8058],[-1.1633,52.8065],[-1.1977,52.7894],[-1.2259,52.7917],[-1.2345,52.8021],[-1.2619,52.8104],[-1.2744,52.8361],[-1.2679,52.8734],[-1.2401,52.8801],[-1.2397,52.8923],[-1.2205,52.8956],[-1.2139,52.9044],[-1.1765,52.889],[-1.1586,52.9],[-1.1523,52.937],[-1.1419,52.932],[-1.1318,52.9428],[-1.0997,52.942],[-1.0861,52.9486],[-1.0733,52.9559],[-1.0415,52.9513],[-1.0376,52.9836],[-1.0166,52.9802],[-1.0071,52.9855],[-0.976,52.9863],[-0.9101,53.0359],[-0.8798,53.0064],[-0.8646,53.0113],[-0.8229,53.001],[-0.8152,52.9857],[-0.8361,52.9679],[-0.82,52.9605]]]}},{"type":"Feature","properties":{"c":"E07000177","n":"Cherwell"},"geometry":{"type":"Polygon","coordinates":[[[-1.1181,52.0154],[-1.0531,52.0024],[-1.0952,51.9574],[-1.079,51.9434],[-1.0546,51.948],[-1.0867,51.9226],[-1.0794,51.9172],[-1.0935,51.8939],[-1.069,51.8873],[-1.0776,51.8767],[-1.0646,51.8687],[-1.062,51.8441],[-1.0471,51.8398],[-1.0784,51.8293],[-1.1216,51.8453],[-1.1408,51.8347],[-1.1101,51.8173],[-1.1249,51.8075],[-1.1235,51.7942],[-1.1268,51.7995],[-1.1541,51.7966],[-1.1674,51.8138],[-1.1873,51.8121],[-1.1945,51.797],[-1.242,51.81],[-1.2527,51.7865],[-1.2581,51.7935],[-1.2837,51.7963],[-1.3028,51.781],[-1.305,51.7898],[-1.3223,51.7878],[-1.3256,51.8053],[-1.3374,51.8117],[-1.3267,51.8266],[-1.342,51.8302],[-1.3392,51.8562],[-1.334,51.8625],[-1.2967,51.8611],[-1.3022,51.8691],[-1.2862,51.8749],[-1.298,51.8885],[-1.2913,51.8967],[-1.3037,51.9026],[-1.2989,51.9132],[-1.34,51.9349],[-1.3325,51.9421],[-1.3619,51.9484],[-1.3614,51.9685],[-1.3773,51.9796],[-1.4019,51.9799],[-1.4097,51.9727],[-1.4374,51.9892],[-1.4541,51.9797],[-1.4937,51.9749],[-1.5228,51.9968],[-1.4878,52.094],[-1.4773,52.1014],[-1.4472,52.0976],[-1.4535,52.113],[-1.4259,52.1182],[-1.3854,52.0941],[-1.3578,52.1013],[-1.3708,52.1175],[-1.3933,52.119],[-1.3661,52.1361],[-1.3487,52.1351],[-1.3319,52.1685],[-1.2481,52.0972],[-1.3212,52.087],[-1.3182,52.0799],[-1.2975,52.0781],[-1.3129,52.0515],[-1.2782,52.0143],[-1.2835,51.9796],[-1.2416,51.9863],[-1.1963,51.9774],[-1.1638,51.9934],[-1.1343,51.9973],[-1.1181,52.0154]]]}},{"type":"Feature","properties":{"c":"E07000178","n":"Oxford"},"geometry":{"type":"Polygon","coordinates":[[[-1.2527,51.7865],[-1.2208,51.7723],[-1.1802,51.7659],[-1.1944,51.7567],[-1.194,51.7365],[-1.1758,51.7335],[-1.1903,51.727],[-1.1896,51.7146],[-1.2223,51.711],[-1.2413,51.7252],[-1.2907,51.7507],[-1.3028,51.781],[-1.2837,51.7963],[-1.2581,51.7935],[-1.2527,51.7865]]]}},{"type":"Feature","properties":{"c":"E07000179","n":"South Oxfordshire"},"geometry":{"type":"Polygon","coordinates":[[[-1.1235,51.7942],[-1.1064,51.7816],[-1.0832,51.7805],[-1.0809,51.7566],[-1.0455,51.7446],[-1.0304,51.7449],[-1.0298,51.7579],[-0.9863,51.7521],[-0.9798,51.7607],[-0.9542,51.7579],[-0.9241,51.7477],[-0.8884,51.7192],[-0.8948,51.6925],[-0.8799,51.6809],[-0.8979,51.6764],[-0.8777,51.6684],[-0.9177,51.6724],[-0.9322,51.6649],[-0.9273,51.6514],[-0.9507,51.6507],[-0.9346,51.6367],[-0.95,51.6289],[-0.9386,51.6178],[-0.9431,51.6049],[-0.9169,51.5996],[-0.9415,51.5855],[-0.9384,51.5712],[-0.9017,51.5562],[-0.8969,51.5449],[-0.9001,51.5367],[-0.8785,51.5235],[-0.8703,51.5036],[-0.8939,51.4966],[-0.9217,51.4679],[-0.9492,51.4595],[-0.9552,51.4653],[-0.9411,51.475],[-0.9575,51.4931],[-0.9984,51.4843],[-1.0136,51.4663],[-1.0366,51.4752],[-1.0513,51.4919],[-1.0879,51.4858],[-1.1022,51.4897],[-1.113,51.5095],[-1.1421,51.5162],[-1.1404,51.5429],[-1.2047,51.5284],[-1.2046,51.5376],[-1.2268,51.5352],[-1.2039,51.5921],[-1.2301,51.5803],[-1.2693,51.5846],[-1.2902,51.5779],[-1.2651,51.6038],[-1.2733,51.6116],[-1.2654,51.6189],[-1.2431,51.6225],[-1.2191,51.6419],[-1.2631,51.6501],[-1.2805,51.643],[-1.2895,51.6469],[-1.2781,51.6687],[-1.25,51.6666],[-1.2268,51.6761],[-1.2221,51.6883],[-1.2413,51.7252],[-1.2223,51.711],[-1.1896,51.7146],[-1.1903,51.727],[-1.1758,51.7335],[-1.194,51.7365],[-1.1944,51.7567],[-1.1802,51.7659],[-1.2208,51.7723],[-1.2527,51.7865],[-1.242,51.81],[-1.1945,51.797],[-1.1873,51.8121],[-1.1674,51.8138],[-1.1541,51.7966],[-1.1268,51.7995],[-1.1235,51.7942]]]}},{"type":"Feature","properties":{"c":"E07000180","n":"Vale of White Horse"},"geometry":{"type":"Polygon","coordinates":[[[-1.3028,51.781],[-1.2907,51.7507],[-1.2413,51.7252],[-1.2221,51.6883],[-1.2268,51.6761],[-1.25,51.6666],[-1.2781,51.6687],[-1.2895,51.6469],[-1.2805,51.643],[-1.2631,51.6501],[-1.2191,51.6419],[-1.2431,51.6225],[-1.2654,51.6189],[-1.2733,51.6116],[-1.2651,51.6038],[-1.2902,51.5779],[-1.2693,51.5846],[-1.2301,51.5803],[-1.2039,51.5921],[-1.2268,51.5352],[-1.2607,51.5378],[-1.3287,51.5637],[-1.3424,51.5437],[-1.3673,51.5525],[-1.3838,51.5404],[-1.4049,51.5472],[-1.4228,51.5358],[-1.4266,51.5456],[-1.4478,51.5364],[-1.4644,51.5385],[-1.4707,51.5286],[-1.5129,51.5508],[-1.531,51.5461],[-1.555,51.5534],[-1.5812,51.537],[-1.5847,51.5249],[-1.6028,51.5183],[-1.6477,51.5719],[-1.655,51.5765],[-1.6765,51.5694],[-1.6911,51.5835],[-1.6906,51.6054],[-1.667,51.6162],[-1.6737,51.6228],[-1.6599,51.635],[-1.6919,51.6522],[-1.7002,51.6709],[-1.6831,51.6901],[-1.6685,51.6804],[-1.6483,51.6841],[-1.606,51.6923],[-1.5986,51.6879],[-1.5756,51.7001],[-1.5452,51.7032],[-1.4899,51.694],[-1.479,51.7039],[-1.4645,51.6996],[-1.459,51.7133],[-1.3919,51.7063],[-1.3687,51.7237],[-1.3638,51.7721],[-1.3223,51.7878],[-1.305,51.7898],[-1.3028,51.781]]]}},{"type":"Feature","properties":{"c":"E07000181","n":"West Oxfordshire"},"geometry":{"type":"Polygon","coordinates":[[[-1.3223,51.7878],[-1.3638,51.7721],[-1.3687,51.7237],[-1.3919,51.7063],[-1.459,51.7133],[-1.4645,51.6996],[-1.479,51.7039],[-1.4899,51.694],[-1.5452,51.7032],[-1.5756,51.7001],[-1.5986,51.6879],[-1.606,51.6923],[-1.6483,51.6841],[-1.688,51.712],[-1.6959,51.7235],[-1.687,51.7399],[-1.7007,51.7706],[-1.7195,51.7832],[-1.6819,51.804],[-1.6865,51.8345],[-1.6764,51.8503],[-1.6869,51.8655],[-1.6671,51.877],[-1.6587,51.8966],[-1.6331,51.8992],[-1.6455,51.9223],[-1.6152,51.9377],[-1.6325,51.9557],[-1.6625,51.964],[-1.6658,51.9875],[-1.6123,51.9554],[-1.5916,51.9704],[-1.6003,51.9769],[-1.5635,51.977],[-1.5495,51.9808],[-1.5572,51.9917],[-1.5228,51.9968],[-1.4937,51.9749],[-1.4541,51.9797],[-1.4374,51.9892],[-1.4097,51.9727],[-1.4019,51.9799],[-1.3773,51.9796],[-1.3614,51.9685],[-1.3619,51.9484],[-1.3325,51.9421],[-1.34,51.9349],[-1.2989,51.9132],[-1.3037,51.9026],[-1.2913,51.8967],[-1.298,51.8885],[-1.2862,51.8749],[-1.3022,51.8691],[-1.2967,51.8611],[-1.334,51.8625],[-1.3392,51.8562],[-1.342,51.8302],[-1.3267,51.8266],[-1.3374,51.8117],[-1.3256,51.8053],[-1.3223,51.7878]]]}},{"type":"Feature","properties":{"c":"E07000192","n":"Cannock Chase"},"geometry":{"type":"Polygon","coordinates":[[[-1.9546,52.6627],[-1.961,52.6428],[-1.9866,52.6404],[-2.0041,52.6687],[-2.0519,52.6787],[-2.0546,52.6901],[-2.0311,52.7052],[-2.0268,52.7363],[-2.0176,52.7593],[-1.9731,52.7616],[-1.944,52.7737],[-1.9116,52.7593],[-1.9108,52.7512],[-1.9377,52.7163],[-1.9155,52.7106],[-1.9593,52.6841],[-1.9546,52.6627]]]}},{"type":"Feature","properties":{"c":"E07000193","n":"East Staffordshire"},"geometry":{"type":"Polygon","coordinates":[[[-1.746,52.8687],[-1.7253,52.8597],[-1.7045,52.8667],[-1.7006,52.8606],[-1.6895,52.8645],[-1.6268,52.8545],[-1.5854,52.8316],[-1.6105,52.8164],[-1.5917,52.8093],[-1.5889,52.7999],[-1.6143,52.7883],[-1.6111,52.7814],[-1.6665,52.7847],[-1.7042,52.7321],[-1.7506,52.7391],[-1.7673,52.7509],[-1.7846,52.7459],[-1.7905,52.7538],[-1.8175,52.7552],[-1.8284,52.7691],[-1.8095,52.7831],[-1.8178,52.7931],[-1.8424,52.7959],[-1.8537,52.7823],[-1.8898,52.8003],[-1.9019,52.7953],[-1.9513,52.8074],[-1.9679,52.8244],[-1.9367,52.8482],[-1.936,52.8707],[-1.9607,52.8703],[-1.9797,52.8933],[-1.9997,52.8923],[-2.0127,52.9066],[-2.0416,52.9175],[-1.9711,52.9408],[-1.9405,52.9315],[-1.9269,52.9413],[-1.9102,52.9398],[-1.9035,52.946],[-1.9255,52.9632],[-1.8599,52.9778],[-1.8806,52.9946],[-1.8841,53.0201],[-1.8715,53.02],[-1.856,53.0341],[-1.8305,53.033],[-1.8131,53.0294],[-1.7961,53.0132],[-1.7848,53.0246],[-1.7948,53.0393],[-1.779,53.0449],[-1.7589,53.0373],[-1.7624,52.9999],[-1.8268,52.9771],[-1.8286,52.9479],[-1.8566,52.9233],[-1.8282,52.8844],[-1.7772,52.8838],[-1.746,52.8687]]]}},{"type":"Feature","properties":{"c":"E07000194","n":"Lichfield"},"geometry":{"type":"Polygon","coordinates":[[[-1.7042,52.7321],[-1.6566,52.7217],[-1.6551,52.6988],[-1.5975,52.7004],[-1.5896,52.6873],[-1.645,52.6575],[-1.6844,52.6472],[-1.7224,52.6514],[-1.7345,52.6446],[-1.7313,52.6328],[-1.7021,52.6157],[-1.6915,52.6174],[-1.7003,52.5909],[-1.7293,52.588],[-1.7423,52.5943],[-1.788,52.5879],[-1.7965,52.5991],[-1.8281,52.6087],[-1.8536,52.6021],[-1.8726,52.5849],[-1.8923,52.5992],[-1.886,52.6154],[-1.916,52.6353],[-1.9051,52.6432],[-1.9181,52.65],[-1.9109,52.6565],[-1.9337,52.6616],[-1.9454,52.6563],[-1.9546,52.6627],[-1.9593,52.6841],[-1.9155,52.7106],[-1.9377,52.7163],[-1.9108,52.7512],[-1.9116,52.7593],[-1.944,52.7737],[-1.9581,52.7985],[-1.9513,52.8074],[-1.9019,52.7953],[-1.8898,52.8003],[-1.8537,52.7823],[-1.8424,52.7959],[-1.8178,52.7931],[-1.8095,52.7831],[-1.8284,52.7691],[-1.8175,52.7552],[-1.7905,52.7538],[-1.7846,52.7459],[-1.7673,52.7509],[-1.7506,52.7391],[-1.7042,52.7321]]]}},{"type":"Feature","properties":{"c":"E07000195","n":"Newcastle-under-Lyme"},"geometry":{"type":"Polygon","coordinates":[[[-2.1811,53.0898],[-2.1986,53.0927],[-2.2388,53.0733],[-2.2025,53.02],[-2.2155,53.0153],[-2.2043,52.9814],[-2.2125,52.9806],[-2.2701,52.9635],[-2.278,52.9512],[-2.2641,52.9237],[-2.3199,52.9324],[-2.3473,52.9141],[-2.3579,52.9186],[-2.3791,52.9129],[-2.3789,52.8917],[-2.4404,52.8812],[-2.4461,52.874],[-2.4708,52.9059],[-2.4367,52.9439],[-2.4252,52.95],[-2.4055,52.9473],[-2.4129,52.9618],[-2.3862,52.9532],[-2.3797,52.9761],[-2.3687,52.9794],[-2.3808,52.9984],[-2.383,53.0078],[-2.3704,53.0145],[-2.3842,53.0262],[-2.3815,53.0525],[-2.3476,53.0562],[-2.3181,53.0814],[-2.2934,53.0783],[-2.2532,53.094],[-2.2474,53.0899],[-2.2113,53.1158],[-2.1811,53.0898]]]}},{"type":"Feature","properties":{"c":"E07000196","n":"South Staffordshire"},"geometry":{"type":"Polygon","coordinates":[[[-2.0268,52.7363],[-2.0311,52.7052],[-2.0546,52.6901],[-2.0519,52.6787],[-2.0041,52.6687],[-1.9866,52.6404],[-2.0295,52.6256],[-2.0302,52.617],[-2.0507,52.6205],[-2.081,52.6119],[-2.1012,52.6351],[-2.1316,52.6376],[-2.1684,52.62],[-2.1692,52.6093],[-2.1964,52.6066],[-2.1892,52.5888],[-2.2067,52.5851],[-2.1803,52.5745],[-2.1755,52.5544],[-2.1335,52.5541],[-2.1356,52.5345],[-2.1522,52.5257],[-2.1442,52.5171],[-2.1919,52.5035],[-2.1674,52.4715],[-2.1765,52.4548],[-2.1649,52.4302],[-2.1677,52.4238],[-2.2695,52.4386],[-2.295,52.4489],[-2.2874,52.4553],[-2.3127,52.4892],[-2.2914,52.5117],[-2.2609,52.5241],[-2.2692,52.5307],[-2.2564,52.5417],[-2.2825,52.5534],[-2.2619,52.5691],[-2.3003,52.593],[-2.322,52.5936],[-2.3238,52.613],[-2.2816,52.6059],[-2.2562,52.6098],[-2.2329,52.6477],[-2.2347,52.6559],[-2.2477,52.6567],[-2.2387,52.6637],[-2.2477,52.683],[-2.303,52.683],[-2.3199,52.6954],[-2.3248,52.7053],[-2.3086,52.7207],[-2.3156,52.7329],[-2.3122,52.7408],[-2.275,52.7428],[-2.2454,52.7152],[-2.2168,52.7329],[-2.1882,52.7329],[-2.178,52.744],[-2.1607,52.7427],[-2.147,52.7825],[-2.1144,52.7688],[-2.0989,52.7732],[-2.0952,52.7864],[-2.066,52.7735],[-2.0762,52.767],[-2.0434,52.7613],[-2.0268,52.7363]]]}},{"type":"Feature","properties":{"c":"E07000197","n":"Stafford"},"geometry":{"type":"Polygon","coordinates":[[[-2.0881,52.9738],[-2.043,52.9514],[-2.063,52.9225],[-2.0416,52.9175],[-2.0127,52.9066],[-1.9997,52.8923],[-1.9797,52.8933],[-1.9607,52.8703],[-1.936,52.8707],[-1.9367,52.8482],[-1.9679,52.8244],[-1.9513,52.8074],[-1.9581,52.7985],[-1.944,52.7737],[-1.9731,52.7616],[-2.0176,52.7593],[-2.0268,52.7363],[-2.0434,52.7613],[-2.0762,52.767],[-2.066,52.7735],[-2.0952,52.7864],[-2.0989,52.7732],[-2.1144,52.7688],[-2.147,52.7825],[-2.1607,52.7427],[-2.178,52.744],[-2.1882,52.7329],[-2.2168,52.7329],[-2.2454,52.7152],[-2.275,52.7428],[-2.3122,52.7408],[-2.385,52.7896],[-2.3713,52.7953],[-2.3777,52.8116],[-2.4163,52.827],[-2.3938,52.8366],[-2.3789,52.8917],[-2.3791,52.9129],[-2.3579,52.9186],[-2.3473,52.9141],[-2.3199,52.9324],[-2.2641,52.9237],[-2.278,52.9512],[-2.2701,52.9635],[-2.2125,52.9806],[-2.1816,52.9462],[-2.1768,52.9537],[-2.1626,52.9534],[-2.1457,52.9761],[-2.1304,52.9712],[-2.1217,52.9561],[-2.0812,52.9669],[-2.0881,52.9738]]]}},{"type":"Feature","properties":{"c":"E07000198","n":"Staffordshire Moorlands"},"geometry":{"type":"Polygon","coordinates":[[[-1.8987,53.2],[-1.8608,53.1885],[-1.8126,53.1544],[-1.8219,53.1367],[-1.7837,53.103],[-1.7942,53.0884],[-1.7757,53.0594],[-1.779,53.0449],[-1.7948,53.0393],[-1.7848,53.0246],[-1.7961,53.0132],[-1.8131,53.0294],[-1.8305,53.033],[-1.856,53.0341],[-1.8715,53.02],[-1.8841,53.0201],[-1.8806,52.9946],[-1.8599,52.9778],[-1.9255,52.9632],[-1.9035,52.946],[-1.9102,52.9398],[-1.9269,52.9413],[-1.9405,52.9315],[-1.9711,52.9408],[-2.0416,52.9175],[-2.063,52.9225],[-2.043,52.9514],[-2.0881,52.9738],[-2.0792,52.9745],[-2.092,52.9856],[-2.0885,52.9971],[-2.105,52.9977],[-2.1035,53.0109],[-2.1238,53.0216],[-2.1318,53.0473],[-2.1166,53.048],[-2.1254,53.0646],[-2.1611,53.0701],[-2.1717,53.0894],[-2.1811,53.0898],[-2.2113,53.1158],[-2.1555,53.1597],[-2.1414,53.1566],[-2.1404,53.1838],[-2.1119,53.1686],[-2.0702,53.1717],[-2.0461,53.1928],[-2.0017,53.193],[-1.9874,53.2136],[-1.9624,53.2262],[-1.9567,53.2137],[-1.8987,53.2]]]}},{"type":"Feature","properties":{"c":"E07000199","n":"Tamworth"},"geometry":{"type":"Polygon","coordinates":[[[-1.7003,52.5909],[-1.6915,52.6174],[-1.7021,52.6157],[-1.7313,52.6328],[-1.7345,52.6446],[-1.7224,52.6514],[-1.6844,52.6472],[-1.645,52.6575],[-1.633,52.6435],[-1.6425,52.641],[-1.6438,52.6034],[-1.6656,52.5923],[-1.7003,52.5909]]]}},{"type":"Feature","properties":{"c":"E07000200","n":"Babergh"},"geometry":{"type":"Polygon","coordinates":[[[0.716,52.1793],[0.7228,52.1651],[0.7383,52.17],[0.742,52.1593],[0.7591,52.1575],[0.7687,52.175],[0.7869,52.1779],[0.8142,52.1707],[0.8261,52.1626],[0.8688,52.1656],[0.8816,52.1547],[0.8939,52.1577],[0.8924,52.1505],[0.938,52.1575],[0.9515,52.1106],[0.9731,52.1069],[0.9708,52.0957],[1.0038,52.0986],[1.0359,52.0684],[1.0463,52.0781],[1.0649,52.0654],[1.1092,52.071],[1.122,52.0615],[1.1073,52.0465],[1.1129,52.0346],[1.1296,52.03],[1.1498,52.0336],[1.1673,52.0231],[1.1699,52.0204],[1.1776,52.0169],[1.1801,52.0155],[1.2037,52.0014],[1.2118,51.9965],[1.2673,51.9878],[1.2756,51.9575],[1.2724,51.9571],[1.243,51.9614],[1.2198,51.9529],[1.2003,51.9545],[1.1878,51.9555],[1.1635,51.9706],[1.1304,51.9535],[1.0857,51.959],[1.0687,51.9504],[1.0477,51.9595],[1.0247,51.9549],[0.9987,51.964],[0.971,51.9624],[0.9626,51.9772],[0.9429,51.9707],[0.9252,51.9762],[0.8897,51.9734],[0.8502,51.9608],[0.8247,51.9685],[0.8109,51.9607],[0.7815,51.9665],[0.7723,51.9704],[0.7746,51.9826],[0.7597,51.9854],[0.7611,51.9975],[0.7385,52.0107],[0.7406,52.0312],[0.7144,52.0273],[0.6965,52.0393],[0.6994,52.0484],[0.7163,52.0487],[0.7032,52.0653],[0.7121,52.0722],[0.6842,52.087],[0.6569,52.0854],[0.6269,52.129],[0.6454,52.1602],[0.6917,52.1576],[0.6981,52.1813],[0.716,52.1793]]]}},{"type":"Feature","properties":{"c":"E07000202","n":"Ipswich"},"geometry":{"type":"Polygon","coordinates":[[[1.1578,52.0888],[1.1643,52.0795],[1.1899,52.0804],[1.2065,52.064],[1.2018,52.0373],[1.2236,52.0294],[1.2095,52.0208],[1.1825,52.0205],[1.1788,52.0215],[1.1662,52.0299],[1.1607,52.0316],[1.159,52.032],[1.1564,52.0348],[1.1505,52.0337],[1.1491,52.034],[1.1498,52.0336],[1.1296,52.03],[1.1129,52.0346],[1.1073,52.0465],[1.122,52.0615],[1.1092,52.071],[1.1109,52.0892],[1.1385,52.0884],[1.1423,52.0945],[1.1578,52.0888]]]}},{"type":"Feature","properties":{"c":"E07000203","n":"Mid Suffolk"},"geometry":{"type":"Polygon","coordinates":[[[1.1578,52.0888],[1.1423,52.0945],[1.1385,52.0884],[1.1109,52.0892],[1.1092,52.071],[1.0649,52.0654],[1.0463,52.0781],[1.0359,52.0684],[1.0038,52.0986],[0.9708,52.0957],[0.9731,52.1069],[0.9515,52.1106],[0.938,52.1575],[0.8924,52.1505],[0.8939,52.1577],[0.8816,52.1547],[0.8688,52.1656],[0.8261,52.1626],[0.8142,52.1707],[0.8363,52.1822],[0.8381,52.1953],[0.8152,52.2039],[0.8271,52.239],[0.7976,52.2512],[0.7994,52.2647],[0.8258,52.2665],[0.8439,52.2598],[0.8426,52.268],[0.8563,52.2684],[0.8431,52.2849],[0.8736,52.2995],[0.8874,52.2927],[0.8829,52.3001],[0.9002,52.2989],[0.9311,52.3129],[0.9257,52.3274],[0.9327,52.3357],[0.9573,52.3404],[0.9532,52.356],[0.9675,52.3701],[1.03,52.3787],[1.0682,52.3785],[1.2139,52.3554],[1.26,52.3711],[1.2862,52.3907],[1.3165,52.3874],[1.3471,52.4044],[1.3749,52.3947],[1.4095,52.3633],[1.3574,52.3373],[1.3575,52.3222],[1.384,52.3107],[1.3841,52.2941],[1.4016,52.2857],[1.3557,52.2741],[1.3444,52.2821],[1.3473,52.2934],[1.3276,52.2985],[1.3413,52.2844],[1.3398,52.2659],[1.301,52.259],[1.2867,52.2405],[1.2474,52.2287],[1.2418,52.2018],[1.2567,52.1984],[1.2542,52.1881],[1.2398,52.1704],[1.214,52.1665],[1.1914,52.14],[1.1695,52.1312],[1.1778,52.1207],[1.1578,52.0888]]]}},{"type":"Feature","properties":{"c":"E07000207","n":"Elmbridge"},"geometry":{"type":"Polygon","coordinates":[[[-0.3177,51.3937],[-0.3074,51.3784],[-0.3305,51.3484],[-0.3307,51.329],[-0.3603,51.3118],[-0.3969,51.3128],[-0.3947,51.298],[-0.4053,51.2949],[-0.4095,51.3031],[-0.44,51.3047],[-0.4457,51.3241],[-0.4372,51.3274],[-0.4623,51.33],[-0.4637,51.3406],[-0.4812,51.3494],[-0.467,51.3566],[-0.4755,51.3641],[-0.458,51.3806],[-0.4426,51.3898],[-0.4322,51.384],[-0.4096,51.4047],[-0.3834,51.4085],[-0.3591,51.4119],[-0.3278,51.3918],[-0.3177,51.3937]]]}},{"type":"Feature","properties":{"c":"E07000208","n":"Epsom and Ewell"},"geometry":{"type":"Polygon","coordinates":[[[-0.2208,51.3298],[-0.2429,51.3213],[-0.2471,51.298],[-0.2644,51.2995],[-0.2722,51.2923],[-0.3062,51.3351],[-0.2885,51.3621],[-0.261,51.3796],[-0.245,51.3801],[-0.2454,51.3669],[-0.2227,51.3571],[-0.2173,51.3434],[-0.2298,51.3365],[-0.2208,51.3298]]]}},{"type":"Feature","properties":{"c":"E07000209","n":"Guildford"},"geometry":{"type":"Polygon","coordinates":[[[-0.3947,51.298],[-0.3871,51.2649],[-0.397,51.2379],[-0.4346,51.2399],[-0.4257,51.2303],[-0.4384,51.2097],[-0.4099,51.1927],[-0.4084,51.1757],[-0.4186,51.1733],[-0.4439,51.1836],[-0.4571,51.1749],[-0.5053,51.1836],[-0.5057,51.205],[-0.5324,51.2134],[-0.5556,51.1993],[-0.5738,51.1983],[-0.5773,51.1881],[-0.5937,51.1913],[-0.5849,51.1985],[-0.5925,51.2029],[-0.6141,51.2081],[-0.6345,51.2021],[-0.6311,51.1841],[-0.6481,51.1758],[-0.6634,51.2002],[-0.6884,51.1887],[-0.7066,51.2027],[-0.7318,51.1969],[-0.7483,51.2107],[-0.7455,51.2305],[-0.7293,51.2561],[-0.7311,51.2803],[-0.7036,51.2842],[-0.6875,51.3138],[-0.6468,51.3119],[-0.6479,51.3044],[-0.6182,51.2827],[-0.6009,51.2861],[-0.5444,51.2655],[-0.5342,51.2737],[-0.5492,51.2847],[-0.5402,51.301],[-0.5298,51.2976],[-0.5103,51.3131],[-0.5008,51.3066],[-0.4755,51.3164],[-0.489,51.3299],[-0.4623,51.33],[-0.4372,51.3274],[-0.4457,51.3241],[-0.44,51.3047],[-0.4095,51.3031],[-0.4053,51.2949],[-0.3947,51.298]]]}},{"type":"Feature","properties":{"c":"E07000210","n":"Mole Valley"},"geometry":{"type":"Polygon","coordinates":[[[-0.2722,51.2923],[-0.2657,51.2614],[-0.226,51.2538],[-0.2508,51.2271],[-0.2354,51.2223],[-0.2251,51.2123],[-0.2348,51.2061],[-0.2128,51.1933],[-0.2429,51.1895],[-0.2431,51.1828],[-0.2097,51.1723],[-0.1898,51.1814],[-0.1767,51.1668],[-0.2121,51.1555],[-0.2142,51.1485],[-0.2552,51.1442],[-0.2546,51.1391],[-0.3003,51.1247],[-0.3915,51.1165],[-0.4192,51.1052],[-0.4186,51.1733],[-0.4084,51.1757],[-0.4099,51.1927],[-0.4384,51.2097],[-0.4257,51.2303],[-0.4346,51.2399],[-0.397,51.2379],[-0.3871,51.2649],[-0.3947,51.298],[-0.3969,51.3128],[-0.3603,51.3118],[-0.3307,51.329],[-0.3062,51.3351],[-0.2722,51.2923]]]}},{"type":"Feature","properties":{"c":"E07000211","n":"Reigate and Banstead"},"geometry":{"type":"Polygon","coordinates":[[[-0.1565,51.3215],[-0.1553,51.3013],[-0.1372,51.3008],[-0.1243,51.2868],[-0.1268,51.2617],[-0.1457,51.2513],[-0.1551,51.2307],[-0.1456,51.2107],[-0.1359,51.212],[-0.1435,51.1865],[-0.1277,51.165],[-0.1405,51.16],[-0.1767,51.1668],[-0.1898,51.1814],[-0.2097,51.1723],[-0.2431,51.1828],[-0.2429,51.1895],[-0.2128,51.1933],[-0.2348,51.2061],[-0.2251,51.2123],[-0.2354,51.2223],[-0.2508,51.2271],[-0.226,51.2538],[-0.2657,51.2614],[-0.2722,51.2923],[-0.2644,51.2995],[-0.2471,51.298],[-0.2429,51.3213],[-0.2208,51.3298],[-0.1973,51.3436],[-0.1565,51.3215]]]}},{"type":"Feature","properties":{"c":"E07000212","n":"Runnymede"},"geometry":{"type":"Polygon","coordinates":[[[-0.5228,51.4353],[-0.5104,51.4296],[-0.5124,51.4172],[-0.4932,51.4119],[-0.4852,51.3872],[-0.4771,51.3903],[-0.458,51.3806],[-0.4755,51.3641],[-0.467,51.3566],[-0.4812,51.3494],[-0.5156,51.3389],[-0.5485,51.348],[-0.5552,51.3619],[-0.5697,51.3603],[-0.574,51.3708],[-0.6185,51.3924],[-0.594,51.4417],[-0.5717,51.451],[-0.5228,51.4353]]]}},{"type":"Feature","properties":{"c":"E07000213","n":"Spelthorne"},"geometry":{"type":"Polygon","coordinates":[[[-0.5098,51.4692],[-0.4587,51.4563],[-0.4565,51.4381],[-0.3913,51.4223],[-0.3834,51.4085],[-0.4096,51.4047],[-0.4322,51.384],[-0.4426,51.3898],[-0.458,51.3806],[-0.4771,51.3903],[-0.4852,51.3872],[-0.4932,51.4119],[-0.5124,51.4172],[-0.5104,51.4296],[-0.5228,51.4353],[-0.5406,51.4579],[-0.5244,51.4715],[-0.5098,51.4692]]]}},{"type":"Feature","properties":{"c":"E07000214","n":"Surrey Heath"},"geometry":{"type":"Polygon","coordinates":[[[-0.5485,51.348],[-0.5769,51.3363],[-0.626,51.3348],[-0.6235,51.3199],[-0.6468,51.3119],[-0.6875,51.3138],[-0.7036,51.2842],[-0.7311,51.2803],[-0.7442,51.3093],[-0.7629,51.3187],[-0.7755,51.332],[-0.7353,51.365],[-0.6676,51.3846],[-0.6163,51.3835],[-0.6185,51.3924],[-0.574,51.3708],[-0.5697,51.3603],[-0.5552,51.3619],[-0.5485,51.348]]]}},{"type":"Feature","properties":{"c":"E07000215","n":"Tandridge"},"geometry":{"type":"Polygon","coordinates":[[[0.0023,51.3291],[0.015,51.2918],[0.0329,51.3075],[0.0424,51.2927],[0.0582,51.2478],[0.0336,51.2143],[0.0526,51.1806],[0.05,51.1427],[0.0274,51.1398],[-0.1376,51.1422],[-0.133,51.1589],[-0.1405,51.16],[-0.1277,51.165],[-0.1435,51.1865],[-0.1359,51.212],[-0.1456,51.2107],[-0.1551,51.2307],[-0.1457,51.2513],[-0.1268,51.2617],[-0.1243,51.2868],[-0.0912,51.3015],[-0.0789,51.3198],[-0.0513,51.3225],[-0.0379,51.3387],[0.0023,51.3291]]]}},{"type":"Feature","properties":{"c":"E07000216","n":"Waverley"},"geometry":{"type":"Polygon","coordinates":[[[-0.7593,51.1033],[-0.7493,51.1032],[-0.7455,51.1122],[-0.7694,51.1173],[-0.7944,51.1498],[-0.8052,51.1554],[-0.8342,51.1476],[-0.8254,51.1814],[-0.8489,51.2107],[-0.8047,51.2451],[-0.8017,51.239],[-0.776,51.242],[-0.7455,51.2305],[-0.7483,51.2107],[-0.7318,51.1969],[-0.7066,51.2027],[-0.6884,51.1887],[-0.6634,51.2002],[-0.6481,51.1758],[-0.6311,51.1841],[-0.6345,51.2021],[-0.6141,51.2081],[-0.5925,51.2029],[-0.5849,51.1985],[-0.5937,51.1913],[-0.5773,51.1881],[-0.5738,51.1983],[-0.5556,51.1993],[-0.5324,51.2134],[-0.5057,51.205],[-0.5053,51.1836],[-0.4571,51.1749],[-0.4439,51.1836],[-0.4186,51.1733],[-0.4192,51.1052],[-0.4921,51.0944],[-0.5054,51.0883],[-0.535,51.0936],[-0.5392,51.082],[-0.5776,51.0867],[-0.5974,51.0797],[-0.6294,51.089],[-0.6968,51.0715],[-0.7535,51.0865],[-0.7593,51.1033]]]}},{"type":"Feature","properties":{"c":"E07000217","n":"Woking"},"geometry":{"type":"Polygon","coordinates":[[[-0.4623,51.33],[-0.489,51.3299],[-0.4755,51.3164],[-0.5008,51.3066],[-0.5103,51.3131],[-0.5298,51.2976],[-0.5402,51.301],[-0.5492,51.2847],[-0.5342,51.2737],[-0.5444,51.2655],[-0.6009,51.2861],[-0.6182,51.2827],[-0.6479,51.3044],[-0.6468,51.3119],[-0.6235,51.3199],[-0.626,51.3348],[-0.5769,51.3363],[-0.5485,51.348],[-0.5156,51.3389],[-0.4812,51.3494],[-0.4637,51.3406],[-0.4623,51.33]]]}},{"type":"Feature","properties":{"c":"E07000218","n":"North Warwickshire"},"geometry":{"type":"Polygon","coordinates":[[[-1.5518,52.6675],[-1.5445,52.6446],[-1.5714,52.6353],[-1.5545,52.6148],[-1.5607,52.5961],[-1.5272,52.5827],[-1.5227,52.5704],[-1.46,52.5516],[-1.4867,52.5404],[-1.556,52.5318],[-1.5533,52.5134],[-1.5144,52.483],[-1.5148,52.4763],[-1.5452,52.4727],[-1.5304,52.4704],[-1.5399,52.4648],[-1.5612,52.4552],[-1.5899,52.4619],[-1.5955,52.4559],[-1.6245,52.4635],[-1.6416,52.4433],[-1.6623,52.4443],[-1.6666,52.4355],[-1.6772,52.4364],[-1.7535,52.513],[-1.7538,52.5212],[-1.7289,52.5246],[-1.7491,52.5314],[-1.756,52.5554],[-1.7742,52.5646],[-1.7636,52.5709],[-1.788,52.5879],[-1.7423,52.5943],[-1.7293,52.588],[-1.7003,52.5909],[-1.6656,52.5923],[-1.6438,52.6034],[-1.6425,52.641],[-1.633,52.6435],[-1.645,52.6575],[-1.5896,52.6873],[-1.5518,52.6675]]]}},{"type":"Feature","properties":{"c":"E07000219","n":"Nuneaton and Bedworth"},"geometry":{"type":"Polygon","coordinates":[[[-1.4173,52.5345],[-1.4289,52.5162],[-1.4055,52.5131],[-1.405,52.4764],[-1.4104,52.4666],[-1.4376,52.468],[-1.4591,52.4552],[-1.492,52.4586],[-1.505,52.4501],[-1.5399,52.4648],[-1.5304,52.4704],[-1.5452,52.4727],[-1.5148,52.4763],[-1.5144,52.483],[-1.5533,52.5134],[-1.556,52.5318],[-1.4867,52.5404],[-1.46,52.5516],[-1.4173,52.5345]]]}},{"type":"Feature","properties":{"c":"E07000220","n":"Rugby"},"geometry":{"type":"Polygon","coordinates":[[[-1.3251,52.5011],[-1.3059,52.4934],[-1.2016,52.3967],[-1.175,52.3563],[-1.2338,52.3464],[-1.2654,52.3284],[-1.2092,52.3152],[-1.2338,52.2903],[-1.2156,52.2664],[-1.233,52.2533],[-1.2595,52.2564],[-1.2878,52.2736],[-1.309,52.2575],[-1.3892,52.3009],[-1.4194,52.3038],[-1.407,52.3192],[-1.436,52.3284],[-1.4436,52.3455],[-1.4562,52.3468],[-1.4481,52.3537],[-1.4649,52.3581],[-1.464,52.3733],[-1.4314,52.3968],[-1.4379,52.4104],[-1.4239,52.433],[-1.4591,52.4552],[-1.4376,52.468],[-1.4104,52.4666],[-1.405,52.4764],[-1.4055,52.5131],[-1.4289,52.5162],[-1.4173,52.5345],[-1.3251,52.5011]]]}},{"type":"Feature","properties":{"c":"E07000221","n":"Stratford-on-Avon"},"geometry":{"type":"Polygon","coordinates":[[[-1.7758,52.348],[-1.7617,52.308],[-1.7338,52.2935],[-1.7238,52.2985],[-1.6855,52.2828],[-1.6676,52.2855],[-1.6765,52.2698],[-1.6692,52.258],[-1.6459,52.2583],[-1.6213,52.2445],[-1.6249,52.2384],[-1.607,52.2379],[-1.6259,52.2263],[-1.6212,52.2138],[-1.602,52.2253],[-1.5744,52.2162],[-1.5601,52.2316],[-1.5282,52.2252],[-1.514,52.2418],[-1.5,52.2376],[-1.4777,52.2617],[-1.4352,52.2728],[-1.4485,52.2941],[-1.4247,52.2943],[-1.4194,52.3038],[-1.3892,52.3009],[-1.309,52.2575],[-1.2878,52.2736],[-1.2595,52.2564],[-1.233,52.2533],[-1.2669,52.2352],[-1.2847,52.2384],[-1.255,52.1978],[-1.3131,52.1905],[-1.3319,52.1685],[-1.3487,52.1351],[-1.3661,52.1361],[-1.3933,52.119],[-1.3708,52.1175],[-1.3578,52.1013],[-1.3854,52.0941],[-1.4259,52.1182],[-1.4535,52.113],[-1.4472,52.0976],[-1.4773,52.1014],[-1.4878,52.094],[-1.5228,51.9968],[-1.5572,51.9917],[-1.5495,51.9808],[-1.5635,51.977],[-1.6003,51.9769],[-1.5916,51.9704],[-1.6123,51.9554],[-1.6658,51.9875],[-1.6658,51.9974],[-1.6175,52.0334],[-1.6245,52.039],[-1.6638,52.0313],[-1.694,52.0395],[-1.6886,52.0518],[-1.7051,52.0596],[-1.7017,52.0728],[-1.7131,52.0666],[-1.7307,52.0733],[-1.7286,52.1001],[-1.7459,52.0928],[-1.7677,52.1126],[-1.7574,52.1159],[-1.791,52.1202],[-1.7855,52.1321],[-1.8084,52.1399],[-1.8232,52.1364],[-1.8233,52.1459],[-1.8397,52.1527],[-1.8542,52.1385],[-1.8669,52.153],[-1.8898,52.1562],[-1.8942,52.1483],[-1.8851,52.1469],[-1.9035,52.1335],[-1.9219,52.153],[-1.9443,52.1553],[-1.9355,52.1696],[-1.9604,52.1687],[-1.9416,52.1774],[-1.9356,52.2041],[-1.9175,52.2182],[-1.9346,52.252],[-1.9374,52.2761],[-1.916,52.275],[-1.8865,52.2867],[-1.881,52.3109],[-1.8686,52.3146],[-1.8649,52.3331],[-1.889,52.3611],[-1.872,52.3676],[-1.8078,52.3666],[-1.7758,52.348]]]}},{"type":"Feature","properties":{"c":"E07000222","n":"Warwick"},"geometry":{"type":"Polygon","coordinates":[[[-1.464,52.3733],[-1.4649,52.3581],[-1.4481,52.3537],[-1.4562,52.3468],[-1.4436,52.3455],[-1.436,52.3284],[-1.407,52.3192],[-1.4194,52.3038],[-1.4247,52.2943],[-1.4485,52.2941],[-1.4352,52.2728],[-1.4777,52.2617],[-1.5,52.2376],[-1.514,52.2418],[-1.5282,52.2252],[-1.5601,52.2316],[-1.5744,52.2162],[-1.602,52.2253],[-1.6212,52.2138],[-1.6259,52.2263],[-1.607,52.2379],[-1.6249,52.2384],[-1.6213,52.2445],[-1.6459,52.2583],[-1.6692,52.258],[-1.6765,52.2698],[-1.6676,52.2855],[-1.6855,52.2828],[-1.7238,52.2985],[-1.7338,52.2935],[-1.7617,52.308],[-1.7758,52.348],[-1.7796,52.3643],[-1.7459,52.3549],[-1.7352,52.3701],[-1.7205,52.3726],[-1.7185,52.3558],[-1.6939,52.351],[-1.6843,52.3631],[-1.6609,52.3657],[-1.6484,52.3567],[-1.6225,52.3662],[-1.6011,52.3893],[-1.5676,52.3847],[-1.5524,52.3639],[-1.5247,52.3794],[-1.5139,52.369],[-1.5045,52.3778],[-1.464,52.3733]]]}},{"type":"Feature","properties":{"c":"E07000223","n":"Adur"},"geometry":{"type":"Polygon","coordinates":[[[-0.245,50.8638],[-0.2168,50.8276],[-0.2515,50.8302],[-0.2491,50.8263],[-0.2668,50.826],[-0.2779,50.8268],[-0.2977,50.8234],[-0.3326,50.8174],[-0.3331,50.8174],[-0.3555,50.8271],[-0.3675,50.8605],[-0.3646,50.8745],[-0.3409,50.8626],[-0.2566,50.8623],[-0.2553,50.8716],[-0.245,50.8638]]]}},{"type":"Feature","properties":{"c":"E07000224","n":"Arun"},"geometry":{"type":"Polygon","coordinates":[[[-0.5531,50.9015],[-0.543,50.8912],[-0.5611,50.8878],[-0.5489,50.8801],[-0.5382,50.8862],[-0.5248,50.883],[-0.4999,50.8999],[-0.4931,50.8853],[-0.483,50.8991],[-0.4766,50.885],[-0.4649,50.884],[-0.4515,50.8955],[-0.4401,50.8776],[-0.4304,50.893],[-0.4117,50.8865],[-0.4132,50.8796],[-0.3927,50.8933],[-0.3801,50.8856],[-0.3639,50.8885],[-0.3646,50.8745],[-0.3675,50.8605],[-0.3816,50.8632],[-0.4093,50.8523],[-0.4228,50.8602],[-0.4223,50.8407],[-0.446,50.8399],[-0.4357,50.8032],[-0.436,50.8031],[-0.542,50.8002],[-0.556,50.7983],[-0.5683,50.798],[-0.6267,50.7882],[-0.7022,50.7774],[-0.7128,50.7737],[-0.7257,50.7715],[-0.7341,50.7661],[-0.7524,50.7596],[-0.7531,50.7605],[-0.752,50.7613],[-0.7513,50.7618],[-0.751,50.762],[-0.7508,50.7621],[-0.7506,50.7623],[-0.7504,50.7626],[-0.763,50.7729],[-0.7638,50.7725],[-0.7648,50.7736],[-0.7498,50.7815],[-0.7551,50.7907],[-0.7348,50.7937],[-0.7347,50.8094],[-0.7191,50.8052],[-0.6899,50.8128],[-0.692,50.8497],[-0.6811,50.8633],[-0.6503,50.8669],[-0.6549,50.9057],[-0.6492,50.9],[-0.6174,50.9056],[-0.5531,50.9015]]]}},{"type":"Feature","properties":{"c":"E07000225","n":"Chichester"},"geometry":{"type":"Polygon","coordinates":[[[-0.4921,51.0944],[-0.4784,51.0665],[-0.4841,51.0568],[-0.4756,51.0564],[-0.4839,51.041],[-0.4732,51.0339],[-0.4759,51.021],[-0.4862,51.0101],[-0.5107,51.0078],[-0.5176,50.9986],[-0.5073,50.9905],[-0.5249,50.987],[-0.5337,50.9502],[-0.5496,50.954],[-0.5686,50.9426],[-0.5561,50.9235],[-0.537,50.9168],[-0.5515,50.9132],[-0.5531,50.9015],[-0.6174,50.9056],[-0.6492,50.9],[-0.6549,50.9057],[-0.6503,50.8669],[-0.6811,50.8633],[-0.692,50.8497],[-0.6899,50.8128],[-0.7191,50.8052],[-0.7347,50.8094],[-0.7348,50.7937],[-0.7551,50.7907],[-0.7498,50.7815],[-0.7648,50.7736],[-0.7638,50.7725],[-0.7868,50.7599],[-0.7718,50.7635],[-0.7618,50.7512],[-0.7511,50.7573],[-0.75,50.7567],[-0.7847,50.7263],[-0.7892,50.7225],[-0.8187,50.7388],[-0.8235,50.7438],[-0.8441,50.7513],[-0.8596,50.7597],[-0.8808,50.7648],[-0.9068,50.7743],[-0.9153,50.7807],[-0.9154,50.789],[-0.908,50.787],[-0.9121,50.7835],[-0.9109,50.7813],[-0.9052,50.7821],[-0.892,50.7943],[-0.8775,50.8078],[-0.866,50.8048],[-0.8446,50.7993],[-0.8255,50.8044],[-0.8077,50.8305],[-0.8138,50.8339],[-0.8198,50.8169],[-0.8427,50.8046],[-0.8658,50.8129],[-0.8688,50.8139],[-0.8658,50.8163],[-0.8512,50.8276],[-0.8612,50.828],[-0.8584,50.8397],[-0.8652,50.8399],[-0.8699,50.8401],[-0.8655,50.8275],[-0.8654,50.8272],[-0.8655,50.827],[-0.8768,50.8115],[-0.8922,50.8184],[-0.894,50.8381],[-0.9131,50.84],[-0.9079,50.7985],[-0.9426,50.8154],[-0.9325,50.846],[-0.9345,50.8459],[-0.9265,50.8641],[-0.9387,50.8737],[-0.9576,50.8906],[-0.9402,50.9181],[-0.924,50.9242],[-0.9421,50.9429],[-0.9318,50.9456],[-0.9079,50.9942],[-0.8933,51.0027],[-0.897,51.022],[-0.8528,51.0448],[-0.8428,51.0669],[-0.7978,51.0635],[-0.7808,51.0794],[-0.7535,51.0865],[-0.6968,51.0715],[-0.6294,51.089],[-0.5974,51.0797],[-0.5776,51.0867],[-0.5392,51.082],[-0.535,51.0936],[-0.5054,51.0883],[-0.4921,51.0944]]]}},{"type":"Feature","properties":{"c":"E07000226","n":"Crawley"},"geometry":{"type":"Polygon","coordinates":[[[-0.1405,51.16],[-0.133,51.1589],[-0.1376,51.1422],[-0.1452,51.1026],[-0.1738,51.0893],[-0.2121,51.0866],[-0.2194,51.0996],[-0.2325,51.0974],[-0.2369,51.1095],[-0.2003,51.1391],[-0.2546,51.1391],[-0.2552,51.1442],[-0.2142,51.1485],[-0.2121,51.1555],[-0.1767,51.1668],[-0.1405,51.16]]]}},{"type":"Feature","properties":{"c":"E07000227","n":"Horsham"},"geometry":{"type":"Polygon","coordinates":[[[-0.2121,51.0866],[-0.2118,51.0645],[-0.2228,51.0602],[-0.2268,51.0416],[-0.2192,51.0379],[-0.2469,51.0335],[-0.2491,51.0249],[-0.2366,51.021],[-0.2453,51.0123],[-0.232,51.0108],[-0.2409,50.9527],[-0.2248,50.9484],[-0.232,50.9358],[-0.2237,50.9118],[-0.2442,50.9074],[-0.2487,50.8731],[-0.2392,50.8679],[-0.245,50.8638],[-0.2553,50.8716],[-0.2566,50.8623],[-0.3409,50.8626],[-0.3646,50.8745],[-0.3639,50.8885],[-0.3801,50.8856],[-0.3927,50.8933],[-0.4132,50.8796],[-0.4117,50.8865],[-0.4304,50.893],[-0.4401,50.8776],[-0.4515,50.8955],[-0.4649,50.884],[-0.4766,50.885],[-0.483,50.8991],[-0.4931,50.8853],[-0.4999,50.8999],[-0.5248,50.883],[-0.5382,50.8862],[-0.5489,50.8801],[-0.5611,50.8878],[-0.543,50.8912],[-0.5531,50.9015],[-0.5515,50.9132],[-0.537,50.9168],[-0.5561,50.9235],[-0.5686,50.9426],[-0.5496,50.954],[-0.5337,50.9502],[-0.5249,50.987],[-0.5073,50.9905],[-0.5176,50.9986],[-0.5107,51.0078],[-0.4862,51.0101],[-0.4759,51.021],[-0.4732,51.0339],[-0.4839,51.041],[-0.4756,51.0564],[-0.4841,51.0568],[-0.4784,51.0665],[-0.4921,51.0944],[-0.4192,51.1052],[-0.3915,51.1165],[-0.3003,51.1247],[-0.2546,51.1391],[-0.2003,51.1391],[-0.2369,51.1095],[-0.2325,51.0974],[-0.2194,51.0996],[-0.2121,51.0866]]]}},{"type":"Feature","properties":{"c":"E07000228","n":"Mid Sussex"},"geometry":{"type":"Polygon","coordinates":[[[-0.0164,51.0025],[-0.0246,50.98],[-0.0616,50.9784],[-0.0736,50.9917],[-0.1151,50.9761],[-0.1042,50.9465],[-0.1198,50.9423],[-0.135,50.8867],[-0.1681,50.8808],[-0.1686,50.8924],[-0.1824,50.8883],[-0.1877,50.8686],[-0.2267,50.8782],[-0.2392,50.8679],[-0.2487,50.8731],[-0.2442,50.9074],[-0.2237,50.9118],[-0.232,50.9358],[-0.2248,50.9484],[-0.2409,50.9527],[-0.232,51.0108],[-0.2453,51.0123],[-0.2366,51.021],[-0.2491,51.0249],[-0.2469,51.0335],[-0.2192,51.0379],[-0.2268,51.0416],[-0.2228,51.0602],[-0.2118,51.0645],[-0.2121,51.0866],[-0.1738,51.0893],[-0.1452,51.1026],[-0.1376,51.1422],[0.0274,51.1398],[0.0281,51.1177],[0.0445,51.1106],[0.0186,51.1036],[0.0095,51.1104],[0.0105,51.1022],[-0.0362,51.0934],[-0.0269,51.0751],[-0.0133,51.074],[-0.0085,51.0565],[0.0137,51.057],[-0.003,51.0476],[-0.0016,51.0358],[-0.0219,51.0265],[-0.0164,51.0025]]]}},{"type":"Feature","properties":{"c":"E07000229","n":"Worthing"},"geometry":{"type":"Polygon","coordinates":[[[-0.3675,50.8605],[-0.3555,50.8271],[-0.3331,50.8174],[-0.4357,50.8032],[-0.446,50.8399],[-0.4223,50.8407],[-0.4228,50.8602],[-0.4093,50.8523],[-0.3816,50.8632],[-0.3675,50.8605]]]}},{"type":"Feature","properties":{"c":"E07000234","n":"Bromsgrove"},"geometry":{"type":"Polygon","coordinates":[[[-2.017,52.4327],[-1.986,52.4167],[-2.0336,52.4023],[-1.9985,52.3811],[-1.9536,52.3934],[-1.9343,52.3872],[-1.9137,52.4075],[-1.8827,52.3998],[-1.8688,52.4047],[-1.8455,52.3998],[-1.872,52.3676],[-1.889,52.3611],[-1.8649,52.3331],[-1.8686,52.3146],[-1.881,52.3109],[-1.8919,52.3214],[-1.955,52.321],[-1.982,52.3083],[-1.9842,52.2921],[-2.002,52.2881],[-2.0025,52.2796],[-2.0918,52.2886],[-2.0852,52.3135],[-2.1241,52.3145],[-2.1133,52.3372],[-2.1315,52.3471],[-2.1277,52.3522],[-2.1372,52.35],[-2.1192,52.3579],[-2.1377,52.3939],[-2.1262,52.4033],[-2.134,52.4103],[-2.1583,52.4093],[-2.1677,52.4238],[-2.1649,52.4302],[-2.136,52.4263],[-2.0986,52.4453],[-2.0848,52.4322],[-2.0681,52.4352],[-2.0625,52.4274],[-2.0558,52.4413],[-2.0379,52.4416],[-2.037,52.4275],[-2.017,52.4327]]]}},{"type":"Feature","properties":{"c":"E07000235","n":"Malvern Hills"},"geometry":{"type":"Polygon","coordinates":[[[-2.2664,52.3236],[-2.2751,52.2723],[-2.2519,52.2668],[-2.2318,52.2499],[-2.2433,52.2219],[-2.2349,52.2115],[-2.2488,52.2107],[-2.2618,52.1819],[-2.2527,52.1836],[-2.2472,52.1696],[-2.2277,52.1636],[-2.2034,52.1673],[-2.1896,52.146],[-2.1649,52.1428],[-2.1964,52.1248],[-2.1488,52.1033],[-2.1583,52.0845],[-2.15,52.0754],[-2.1581,52.0612],[-2.1754,52.0587],[-2.1714,52.0476],[-2.1807,52.0417],[-2.1769,52.0226],[-2.1877,52.0191],[-2.1646,51.9961],[-2.1807,51.9996],[-2.1851,51.9906],[-2.2206,51.9955],[-2.2514,51.9666],[-2.2706,51.9689],[-2.3004,51.9668],[-2.3126,51.9765],[-2.3265,51.9758],[-2.3247,52.0036],[-2.3525,52.0135],[-2.3514,52.0214],[-2.338,52.0899],[-2.3521,52.1035],[-2.3514,52.1446],[-2.3794,52.1551],[-2.415,52.1452],[-2.4352,52.1682],[-2.4221,52.1723],[-2.4079,52.2027],[-2.3927,52.2086],[-2.4039,52.2215],[-2.3842,52.2252],[-2.4231,52.2372],[-2.465,52.2344],[-2.4747,52.2414],[-2.4681,52.256],[-2.428,52.2706],[-2.4514,52.2851],[-2.5031,52.2774],[-2.4957,52.2569],[-2.5259,52.2482],[-2.5317,52.2533],[-2.5742,52.2527],[-2.629,52.2404],[-2.6283,52.2612],[-2.5979,52.2816],[-2.6399,52.2863],[-2.6632,52.304],[-2.6181,52.3069],[-2.5747,52.3176],[-2.5626,52.3111],[-2.5622,52.3331],[-2.5391,52.3441],[-2.5121,52.3371],[-2.5132,52.3292],[-2.4818,52.3311],[-2.4884,52.3554],[-2.4747,52.3672],[-2.4147,52.3682],[-2.421,52.3331],[-2.4341,52.3227],[-2.3699,52.3268],[-2.3633,52.3149],[-2.334,52.3189],[-2.3109,52.3406],[-2.2992,52.3224],[-2.2739,52.3289],[-2.2664,52.3236]]]}},{"type":"Feature","properties":{"c":"E07000236","n":"Redditch"},"geometry":{"type":"Polygon","coordinates":[[[-1.881,52.3109],[-1.8865,52.2867],[-1.916,52.275],[-1.9374,52.2761],[-1.9346,52.252],[-1.9676,52.237],[-2.0167,52.2373],[-2.0155,52.27],[-2.0025,52.2796],[-2.002,52.2881],[-1.9842,52.2921],[-1.982,52.3083],[-1.955,52.321],[-1.8919,52.3214],[-1.881,52.3109]]]}},{"type":"Feature","properties":{"c":"E07000237","n":"Worcester"},"geometry":{"type":"Polygon","coordinates":[[[-2.2034,52.1673],[-2.2277,52.1636],[-2.2472,52.1696],[-2.2527,52.1836],[-2.2618,52.1819],[-2.2488,52.2107],[-2.2349,52.2115],[-2.2433,52.2219],[-2.2216,52.2314],[-2.1569,52.2132],[-2.1709,52.1846],[-2.2034,52.1673]]]}},{"type":"Feature","properties":{"c":"E07000238","n":"Wychavon"},"geometry":{"type":"Polygon","coordinates":[[[-2.1372,52.35],[-2.1277,52.3522],[-2.1315,52.3471],[-2.1133,52.3372],[-2.1241,52.3145],[-2.0852,52.3135],[-2.0918,52.2886],[-2.0025,52.2796],[-2.0155,52.27],[-2.0167,52.2373],[-1.9676,52.237],[-1.9346,52.252],[-1.9175,52.2182],[-1.9356,52.2041],[-1.9416,52.1774],[-1.9604,52.1687],[-1.9355,52.1696],[-1.9443,52.1553],[-1.9219,52.153],[-1.9035,52.1335],[-1.8851,52.1469],[-1.8942,52.1483],[-1.8898,52.1562],[-1.8669,52.153],[-1.8542,52.1385],[-1.8397,52.1527],[-1.8233,52.1459],[-1.8232,52.1364],[-1.8084,52.1399],[-1.7855,52.1321],[-1.791,52.1202],[-1.7574,52.1159],[-1.7677,52.1126],[-1.8023,52.0969],[-1.8127,52.0787],[-1.8189,52.0854],[-1.8318,52.0728],[-1.8466,52.0794],[-1.8744,52.07],[-1.8634,52.0534],[-1.8346,52.0437],[-1.825,52.0309],[-1.8391,52.0068],[-1.9134,52.0445],[-1.9317,52.0299],[-1.9514,52.0377],[-1.9841,52.0359],[-2.0384,52.0046],[-2.0495,52.0038],[-2.0608,52.0147],[-2.0849,52.0105],[-2.1122,52.0153],[-2.1407,51.9995],[-2.1497,52.0113],[-2.1394,52.0279],[-2.1172,52.0336],[-2.1184,52.0421],[-2.1714,52.0476],[-2.1754,52.0587],[-2.1581,52.0612],[-2.15,52.0754],[-2.1583,52.0845],[-2.1488,52.1033],[-2.1964,52.1248],[-2.1649,52.1428],[-2.1896,52.146],[-2.2034,52.1673],[-2.1709,52.1846],[-2.1569,52.2132],[-2.2216,52.2314],[-2.2433,52.2219],[-2.2318,52.2499],[-2.2519,52.2668],[-2.2751,52.2723],[-2.2664,52.3236],[-2.2604,52.3283],[-2.2718,52.3326],[-2.2495,52.3457],[-2.2457,52.361],[-2.2105,52.3552],[-2.1905,52.3289],[-2.171,52.3318],[-2.1746,52.3166],[-2.1372,52.35]]]}},{"type":"Feature","properties":{"c":"E07000239","n":"Wyre Forest"},"geometry":{"type":"Polygon","coordinates":[[[-2.1677,52.4238],[-2.1583,52.4093],[-2.134,52.4103],[-2.1262,52.4033],[-2.1377,52.3939],[-2.1192,52.3579],[-2.1372,52.35],[-2.1746,52.3166],[-2.171,52.3318],[-2.1905,52.3289],[-2.2105,52.3552],[-2.2457,52.361],[-2.2495,52.3457],[-2.2718,52.3326],[-2.2604,52.3283],[-2.2664,52.3236],[-2.2739,52.3289],[-2.2992,52.3224],[-2.3109,52.3406],[-2.334,52.3189],[-2.3633,52.3149],[-2.3699,52.3268],[-2.4341,52.3227],[-2.421,52.3331],[-2.4147,52.3682],[-2.4105,52.3872],[-2.3907,52.3815],[-2.3674,52.3881],[-2.3356,52.3853],[-2.373,52.4019],[-2.3635,52.4394],[-2.3118,52.4375],[-2.2874,52.4553],[-2.295,52.4489],[-2.2695,52.4386],[-2.1677,52.4238]]]}},{"type":"Feature","properties":{"c":"E07000240","n":"St Albans"},"geometry":{"type":"Polygon","coordinates":[[[-0.2735,51.8354],[-0.2433,51.8124],[-0.2775,51.7978],[-0.2758,51.7722],[-0.2424,51.745],[-0.2444,51.7319],[-0.2551,51.7295],[-0.2648,51.738],[-0.2843,51.733],[-0.2864,51.7211],[-0.277,51.7213],[-0.302,51.7081],[-0.3,51.6965],[-0.3223,51.6935],[-0.3269,51.7035],[-0.3541,51.6989],[-0.3553,51.6906],[-0.372,51.6876],[-0.3754,51.6925],[-0.3756,51.6929],[-0.3808,51.707],[-0.405,51.7125],[-0.4025,51.7212],[-0.4221,51.7408],[-0.4228,51.766],[-0.4406,51.7869],[-0.4134,51.7912],[-0.412,51.8003],[-0.4288,51.8068],[-0.4141,51.8191],[-0.4163,51.8358],[-0.4049,51.8406],[-0.3734,51.8292],[-0.3633,51.8421],[-0.3395,51.8496],[-0.3194,51.8367],[-0.2735,51.8354]]]}},{"type":"Feature","properties":{"c":"E07000241","n":"Welwyn Hatfield"},"geometry":{"type":"Polygon","coordinates":[[[-0.1728,51.8566],[-0.1668,51.8442],[-0.1785,51.8412],[-0.1685,51.8304],[-0.1836,51.8151],[-0.148,51.799],[-0.1667,51.7926],[-0.1414,51.7737],[-0.1384,51.7373],[-0.1012,51.7451],[-0.0921,51.7432],[-0.0987,51.7359],[-0.1141,51.7208],[-0.1058,51.6919],[-0.1635,51.6881],[-0.1631,51.6999],[-0.1833,51.7065],[-0.2199,51.7137],[-0.239,51.7061],[-0.2551,51.7295],[-0.2444,51.7319],[-0.2424,51.745],[-0.2758,51.7722],[-0.2775,51.7978],[-0.2433,51.8124],[-0.2735,51.8354],[-0.2478,51.8462],[-0.2416,51.8353],[-0.2249,51.8332],[-0.2258,51.8445],[-0.2129,51.8514],[-0.206,51.8464],[-0.2146,51.8396],[-0.1989,51.8441],[-0.2067,51.8543],[-0.1968,51.8594],[-0.1728,51.8566]]]}},{"type":"Feature","properties":{"c":"E07000242","n":"East Hertfordshire"},"geometry":{"type":"Polygon","coordinates":[[[0.0691,51.984],[0.0965,51.9843],[0.107,51.9718],[0.1248,51.9236],[0.1248,51.8846],[0.1839,51.8935],[0.1749,51.8828],[0.1956,51.8681],[0.1705,51.8616],[0.1663,51.8222],[0.1726,51.8163],[0.1583,51.8135],[0.1461,51.7962],[0.0577,51.7797],[0.0268,51.7742],[0.014,51.7644],[0.0056,51.7801],[-0.0181,51.7805],[-0.0217,51.7735],[-0.0479,51.7688],[-0.0583,51.7347],[-0.0987,51.7359],[-0.0921,51.7432],[-0.1012,51.7451],[-0.1384,51.7373],[-0.1414,51.7737],[-0.1667,51.7926],[-0.148,51.799],[-0.1836,51.8151],[-0.1685,51.8304],[-0.1785,51.8412],[-0.1668,51.8442],[-0.1728,51.8566],[-0.1645,51.8618],[-0.1736,51.8753],[-0.1468,51.8706],[-0.1513,51.8854],[-0.1612,51.885],[-0.153,51.899],[-0.1622,51.9203],[-0.1456,51.934],[-0.1193,51.9283],[-0.1202,51.9422],[-0.1102,51.9419],[-0.107,51.954],[-0.0747,51.9712],[-0.0655,51.9568],[-0.0402,51.9677],[-0.0482,51.9794],[-0.0306,51.9838],[-0.0237,51.9972],[-0.003,51.9934],[0.0025,51.9831],[0.035,51.9896],[0.0691,51.984]]]}},{"type":"Feature","properties":{"c":"E07000243","n":"Stevenage"},"geometry":{"type":"Polygon","coordinates":[[[-0.1622,51.9203],[-0.153,51.899],[-0.1612,51.885],[-0.1513,51.8854],[-0.1468,51.8706],[-0.1736,51.8753],[-0.1919,51.8829],[-0.2042,51.8801],[-0.2344,51.9053],[-0.2266,51.9301],[-0.1846,51.9324],[-0.1622,51.9203]]]}},{"type":"Feature","properties":{"c":"E07000244","n":"East Suffolk"},"geometry":{"type":"Polygon","coordinates":[[[1.7021,52.5447],[1.726,52.5306],[1.7402,52.5321],[1.7637,52.4816],[1.7566,52.472],[1.7577,52.4769],[1.7109,52.4748],[1.7562,52.4715],[1.7349,52.4492],[1.7348,52.4481],[1.7335,52.4468],[1.7311,52.4223],[1.728,52.4012],[1.7216,52.3899],[1.7032,52.36],[1.6749,52.3136],[1.6724,52.3141],[1.665,52.3071],[1.6499,52.3002],[1.6345,52.279],[1.6344,52.2779],[1.6333,52.2768],[1.6231,52.1885],[1.6206,52.1826],[1.5801,52.0887],[1.58,52.0886],[1.5795,52.0874],[1.4772,52.0518],[1.4998,52.0616],[1.5353,52.0771],[1.5416,52.0792],[1.5622,52.0877],[1.5672,52.091],[1.5678,52.0915],[1.5612,52.0884],[1.5414,52.0798],[1.518,52.0759],[1.5037,52.0707],[1.5013,52.0707],[1.5005,52.0703],[1.4511,52.0442],[1.4632,52.0483],[1.4627,52.0467],[1.4625,52.0466],[1.432,52.0071],[1.3937,51.9865],[1.3953,51.9994],[1.3607,52.0063],[1.3915,51.9894],[1.3893,51.9824],[1.3826,51.9758],[1.3445,51.9569],[1.3199,51.9331],[1.3157,51.9513],[1.3157,51.9514],[1.2844,51.9653],[1.2823,51.9692],[1.2803,51.9931],[1.2046,52.0143],[1.2027,52.0149],[1.1825,52.0205],[1.2095,52.0208],[1.2236,52.0294],[1.2018,52.0373],[1.2065,52.064],[1.1899,52.0804],[1.1643,52.0795],[1.1578,52.0888],[1.1778,52.1207],[1.1695,52.1312],[1.1914,52.14],[1.214,52.1665],[1.2398,52.1704],[1.2542,52.1881],[1.2567,52.1984],[1.2418,52.2018],[1.2474,52.2287],[1.2867,52.2405],[1.301,52.259],[1.3398,52.2659],[1.3413,52.2844],[1.3276,52.2985],[1.3473,52.2934],[1.3444,52.2821],[1.3557,52.2741],[1.4016,52.2857],[1.3841,52.2941],[1.384,52.3107],[1.3575,52.3222],[1.3574,52.3373],[1.4095,52.3633],[1.3749,52.3947],[1.3471,52.4044],[1.3636,52.4275],[1.4079,52.4444],[1.4327,52.4454],[1.4333,52.4559],[1.411,52.4617],[1.4203,52.4711],[1.4462,52.456],[1.4807,52.4719],[1.508,52.4618],[1.5297,52.4684],[1.5578,52.4577],[1.568,52.4746],[1.5864,52.4787],[1.6182,52.4633],[1.6345,52.463],[1.6468,52.472],[1.6587,52.4684],[1.6824,52.4953],[1.6718,52.5039],[1.6543,52.5014],[1.6286,52.526],[1.6677,52.5503],[1.7021,52.5447]]]}},{"type":"Feature","properties":{"c":"E07000245","n":"West Suffolk"},"geometry":{"type":"Polygon","coordinates":[[[0.9675,52.3701],[0.9532,52.356],[0.9573,52.3404],[0.9327,52.3357],[0.9257,52.3274],[0.9311,52.3129],[0.9002,52.2989],[0.8829,52.3001],[0.8874,52.2927],[0.8736,52.2995],[0.8431,52.2849],[0.8563,52.2684],[0.8426,52.268],[0.8439,52.2598],[0.8258,52.2665],[0.7994,52.2647],[0.7976,52.2512],[0.8271,52.239],[0.8152,52.2039],[0.8381,52.1953],[0.8363,52.1822],[0.8142,52.1707],[0.7869,52.1779],[0.7687,52.175],[0.7591,52.1575],[0.742,52.1593],[0.7383,52.17],[0.7228,52.1651],[0.716,52.1793],[0.6981,52.1813],[0.6917,52.1576],[0.6454,52.1602],[0.6269,52.129],[0.6569,52.0854],[0.582,52.0759],[0.5514,52.0688],[0.5423,52.0577],[0.5111,52.0599],[0.5017,52.0539],[0.4666,52.0784],[0.4536,52.0681],[0.4383,52.0723],[0.4046,52.0655],[0.395,52.096],[0.3818,52.1027],[0.3896,52.1175],[0.4175,52.1332],[0.4173,52.1593],[0.4359,52.1595],[0.4522,52.1732],[0.4707,52.1633],[0.4913,52.1651],[0.5145,52.2268],[0.4949,52.2393],[0.4818,52.2324],[0.427,52.2536],[0.4145,52.2479],[0.4213,52.2397],[0.3712,52.2266],[0.3427,52.2423],[0.361,52.2493],[0.3399,52.2677],[0.3552,52.2793],[0.3589,52.2975],[0.3827,52.2933],[0.4242,52.2559],[0.4989,52.273],[0.5047,52.2847],[0.4576,52.3163],[0.4314,52.3158],[0.4242,52.3292],[0.4426,52.3488],[0.4076,52.3616],[0.3748,52.4097],[0.4293,52.4365],[0.4454,52.4474],[0.5237,52.4482],[0.5547,52.456],[0.5825,52.4519],[0.6418,52.451],[0.6663,52.4625],[0.684,52.4532],[0.7187,52.4497],[0.6686,52.4089],[0.6911,52.3974],[0.7376,52.3951],[0.7474,52.3832],[0.766,52.3904],[0.8082,52.3895],[0.8409,52.4009],[0.8669,52.3903],[0.9311,52.3887],[0.9675,52.3701]]]}},{"type":"Feature","properties":{"c":"E08000001","n":"Bolton"},"geometry":{"type":"Polygon","coordinates":[[[-2.3791,53.6309],[-2.3794,53.6203],[-2.363,53.6103],[-2.3771,53.5929],[-2.374,53.5708],[-2.356,53.5607],[-2.359,53.5529],[-2.3736,53.5539],[-2.3415,53.5459],[-2.3382,53.5336],[-2.3537,53.5351],[-2.3544,53.5262],[-2.4371,53.5423],[-2.4511,53.5286],[-2.5058,53.539],[-2.5337,53.523],[-2.5696,53.5479],[-2.5596,53.5612],[-2.5777,53.5811],[-2.6259,53.5937],[-2.5959,53.6108],[-2.5692,53.5956],[-2.5113,53.627],[-2.4792,53.617],[-2.4597,53.62],[-2.4387,53.6461],[-2.4217,53.6238],[-2.3791,53.6309]]]}},{"type":"Feature","properties":{"c":"E08000002","n":"Bury"},"geometry":{"type":"Polygon","coordinates":[[[-2.2718,53.6145],[-2.2451,53.6001],[-2.2824,53.5839],[-2.2733,53.5793],[-2.2592,53.5853],[-2.2433,53.5717],[-2.2372,53.5389],[-2.2517,53.5446],[-2.2683,53.5374],[-2.2641,53.5247],[-2.2466,53.5292],[-2.257,53.5179],[-2.2908,53.512],[-2.3105,53.5272],[-2.3382,53.5336],[-2.3415,53.5459],[-2.3736,53.5539],[-2.359,53.5529],[-2.356,53.5607],[-2.374,53.5708],[-2.3771,53.5929],[-2.363,53.6103],[-2.3794,53.6203],[-2.3791,53.6309],[-2.3701,53.6319],[-2.3626,53.6559],[-2.3712,53.6671],[-2.3167,53.6549],[-2.299,53.6667],[-2.2952,53.6402],[-2.2718,53.6145]]]}},{"type":"Feature","properties":{"c":"E08000003","n":"Manchester"},"geometry":{"type":"Polygon","coordinates":[[[-2.2372,53.5389],[-2.2187,53.5439],[-2.186,53.5291],[-2.1548,53.518],[-2.1787,53.5058],[-2.163,53.4928],[-2.1681,53.4801],[-2.1468,53.4677],[-2.1585,53.4549],[-2.1729,53.448],[-2.1765,53.4331],[-2.1885,53.4367],[-2.2134,53.4189],[-2.2126,53.407],[-2.2468,53.3961],[-2.2408,53.3596],[-2.2564,53.3607],[-2.3014,53.3401],[-2.297,53.3486],[-2.314,53.3574],[-2.2986,53.3608],[-2.2857,53.3762],[-2.3199,53.4116],[-2.2977,53.4084],[-2.2778,53.4155],[-2.2736,53.4225],[-2.3002,53.4364],[-2.2537,53.4599],[-2.2653,53.4727],[-2.2451,53.4861],[-2.2554,53.4991],[-2.2452,53.5122],[-2.257,53.5179],[-2.2466,53.5292],[-2.2641,53.5247],[-2.2683,53.5374],[-2.2517,53.5446],[-2.2372,53.5389]]]}},{"type":"Feature","properties":{"c":"E08000004","n":"Oldham"},"geometry":{"type":"Polygon","coordinates":[[[-2.0095,53.6168],[-1.9427,53.5616],[-1.9129,53.5516],[-1.9096,53.5384],[-1.9268,53.5209],[-1.922,53.51],[-1.9513,53.5042],[-1.9634,53.5098],[-2.0549,53.5314],[-2.0541,53.5223],[-2.0933,53.5206],[-2.1361,53.4919],[-2.163,53.4928],[-2.1787,53.5058],[-2.1548,53.518],[-2.186,53.5291],[-2.1694,53.5462],[-2.172,53.5582],[-2.1509,53.5671],[-2.1566,53.5823],[-2.1258,53.5865],[-2.1106,53.5997],[-2.0599,53.5925],[-2.0358,53.6029],[-2.0268,53.6242],[-2.023,53.6158],[-2.0095,53.6168]]]}},{"type":"Feature","properties":{"c":"E08000005","n":"Rochdale"},"geometry":{"type":"Polygon","coordinates":[[[-2.0268,53.6242],[-2.0358,53.6029],[-2.0599,53.5925],[-2.1106,53.5997],[-2.1258,53.5865],[-2.1566,53.5823],[-2.1509,53.5671],[-2.172,53.5582],[-2.1694,53.5462],[-2.186,53.5291],[-2.2187,53.5439],[-2.2372,53.5389],[-2.2433,53.5717],[-2.2592,53.5853],[-2.2733,53.5793],[-2.2824,53.5839],[-2.2451,53.6001],[-2.2718,53.6145],[-2.2568,53.6204],[-2.2699,53.6461],[-2.2459,53.6634],[-2.2177,53.669],[-2.2052,53.6544],[-2.1824,53.6483],[-2.1854,53.6382],[-2.1614,53.6414],[-2.1463,53.6822],[-2.1423,53.678],[-2.1341,53.6857],[-2.1181,53.6712],[-2.0929,53.6702],[-2.0512,53.6837],[-2.0268,53.6242]]]}},{"type":"Feature","properties":{"c":"E08000006","n":"Salford"},"geometry":{"type":"Polygon","coordinates":[[[-2.3382,53.5336],[-2.3105,53.5272],[-2.2908,53.512],[-2.257,53.5179],[-2.2452,53.5122],[-2.2554,53.4991],[-2.2451,53.4861],[-2.2653,53.4727],[-2.2816,53.4649],[-2.3221,53.4802],[-2.355,53.474],[-2.3963,53.4584],[-2.4196,53.4293],[-2.4494,53.4159],[-2.4897,53.4603],[-2.4345,53.465],[-2.4385,53.4924],[-2.4145,53.5149],[-2.4511,53.5286],[-2.4371,53.5423],[-2.3544,53.5262],[-2.3537,53.5351],[-2.3382,53.5336]]]}},{"type":"Feature","properties":{"c":"E08000007","n":"Stockport"},"geometry":{"type":"Polygon","coordinates":[[[-2.0263,53.4299],[-2.0137,53.4159],[-1.9923,53.4152],[-2.0046,53.3863],[-2.0338,53.3755],[-2.0311,53.3703],[-2.0406,53.3741],[-2.0682,53.3574],[-2.0951,53.3661],[-2.1233,53.3619],[-2.139,53.3673],[-2.1512,53.3481],[-2.1441,53.3429],[-2.1607,53.3272],[-2.1942,53.3387],[-2.181,53.344],[-2.1854,53.3527],[-2.2408,53.3596],[-2.2468,53.3961],[-2.2126,53.407],[-2.2134,53.4189],[-2.1885,53.4367],[-2.1765,53.4331],[-2.1729,53.448],[-2.1585,53.4549],[-2.1417,53.4383],[-2.1161,53.4407],[-2.1023,53.4326],[-2.089,53.4373],[-2.0798,53.4262],[-2.0263,53.4299]]]}},{"type":"Feature","properties":{"c":"E08000008","n":"Tameside"},"geometry":{"type":"Polygon","coordinates":[[[-1.9634,53.5098],[-1.9878,53.4811],[-1.9858,53.4552],[-2.0082,53.4415],[-2.0042,53.4359],[-2.0142,53.4398],[-2.0263,53.4299],[-2.0798,53.4262],[-2.089,53.4373],[-2.1023,53.4326],[-2.1161,53.4407],[-2.1417,53.4383],[-2.1585,53.4549],[-2.1468,53.4677],[-2.1681,53.4801],[-2.163,53.4928],[-2.1361,53.4919],[-2.0933,53.5206],[-2.0541,53.5223],[-2.0549,53.5314],[-1.9634,53.5098]]]}},{"type":"Feature","properties":{"c":"E08000009","n":"Trafford"},"geometry":{"type":"Polygon","coordinates":[[[-2.2653,53.4727],[-2.2537,53.4599],[-2.3002,53.4364],[-2.2736,53.4225],[-2.2778,53.4155],[-2.2977,53.4084],[-2.3199,53.4116],[-2.2857,53.3762],[-2.2986,53.3608],[-2.314,53.3574],[-2.34,53.3674],[-2.3696,53.3636],[-2.4266,53.3875],[-2.478,53.3957],[-2.4494,53.4159],[-2.4196,53.4293],[-2.3963,53.4584],[-2.355,53.474],[-2.3221,53.4802],[-2.2816,53.4649],[-2.2653,53.4727]]]}},{"type":"Feature","properties":{"c":"E08000010","n":"Wigan"},"geometry":{"type":"Polygon","coordinates":[[[-2.6259,53.5937],[-2.5777,53.5811],[-2.5596,53.5612],[-2.5696,53.5479],[-2.5337,53.523],[-2.5058,53.539],[-2.4511,53.5286],[-2.4145,53.5149],[-2.4385,53.4924],[-2.4345,53.465],[-2.4897,53.4603],[-2.4963,53.4809],[-2.5526,53.4678],[-2.5491,53.4615],[-2.5703,53.4585],[-2.5767,53.4461],[-2.6154,53.4636],[-2.6122,53.4812],[-2.6455,53.4803],[-2.6663,53.4997],[-2.699,53.502],[-2.7304,53.5206],[-2.7178,53.5273],[-2.7048,53.5592],[-2.7192,53.5761],[-2.6934,53.5894],[-2.6895,53.6043],[-2.6346,53.6083],[-2.6259,53.5937]]]}},{"type":"Feature","properties":{"c":"E08000011","n":"Knowsley"},"geometry":{"type":"Polygon","coordinates":[[[-2.825,53.4852],[-2.8187,53.4669],[-2.8044,53.4672],[-2.7951,53.4432],[-2.805,53.4387],[-2.7762,53.4267],[-2.7868,53.4012],[-2.7452,53.4021],[-2.7577,53.3807],[-2.7767,53.3811],[-2.7873,53.3563],[-2.8188,53.348],[-2.8404,53.3473],[-2.8535,53.3635],[-2.8562,53.3788],[-2.822,53.3807],[-2.8372,53.3997],[-2.8562,53.395],[-2.8924,53.4108],[-2.8659,53.4183],[-2.8679,53.4493],[-2.9003,53.4692],[-2.9144,53.465],[-2.9226,53.475],[-2.888,53.5038],[-2.8652,53.4921],[-2.8498,53.4931],[-2.8444,53.4841],[-2.825,53.4852]]]}},{"type":"Feature","properties":{"c":"E08000012","n":"Liverpool"},"geometry":{"type":"Polygon","coordinates":[[[-2.8188,53.348],[-2.8187,53.3398],[-2.8323,53.3373],[-2.8279,53.3315],[-2.8544,53.3274],[-2.8782,53.3342],[-2.9027,53.3456],[-2.9747,53.3788],[-3.0018,53.4103],[-3.0086,53.4379],[-2.9749,53.4433],[-2.9738,53.4628],[-2.9563,53.473],[-2.9226,53.475],[-2.9144,53.465],[-2.9003,53.4692],[-2.8679,53.4493],[-2.8659,53.4183],[-2.8924,53.4108],[-2.8562,53.395],[-2.8372,53.3997],[-2.822,53.3807],[-2.8562,53.3788],[-2.8535,53.3635],[-2.8404,53.3473],[-2.8188,53.348]]]}},{"type":"Feature","properties":{"c":"E08000013","n":"St. Helens"},"geometry":{"type":"Polygon","coordinates":[[[-2.7304,53.5206],[-2.699,53.502],[-2.6663,53.4997],[-2.6455,53.4803],[-2.6122,53.4812],[-2.6154,53.4636],[-2.5767,53.4461],[-2.5853,53.4398],[-2.5987,53.4504],[-2.5962,53.4427],[-2.6275,53.4344],[-2.6391,53.4444],[-2.6772,53.4528],[-2.6821,53.4389],[-2.6685,53.4409],[-2.6753,53.433],[-2.6636,53.4287],[-2.6763,53.3876],[-2.6906,53.3854],[-2.7128,53.3906],[-2.7152,53.399],[-2.7452,53.4021],[-2.7868,53.4012],[-2.7762,53.4267],[-2.805,53.4387],[-2.7951,53.4432],[-2.8044,53.4672],[-2.8187,53.4669],[-2.825,53.4852],[-2.8166,53.5123],[-2.7825,53.5314],[-2.7689,53.5136],[-2.7304,53.5206]]]}},{"type":"Feature","properties":{"c":"E08000014","n":"Sefton"},"geometry":{"type":"Polygon","coordinates":[[[-2.96,53.6918],[-2.9607,53.6858],[-2.9537,53.6916],[-2.9575,53.6833],[-2.9463,53.6792],[-2.9498,53.691],[-2.9503,53.6915],[-2.9505,53.6917],[-2.9468,53.688],[-2.9401,53.6586],[-2.9673,53.6313],[-2.9818,53.6222],[-2.9979,53.6267],[-3.0288,53.6023],[-3.036,53.5872],[-3.0207,53.5837],[-3.0226,53.5696],[-3.0404,53.5653],[-3.0467,53.543],[-2.9758,53.5153],[-2.963,53.5238],[-2.9773,53.5462],[-2.9479,53.5443],[-2.923,53.5252],[-2.8817,53.5205],[-2.888,53.5038],[-2.9226,53.475],[-2.9563,53.473],[-2.9738,53.4628],[-2.9749,53.4433],[-3.0086,53.4379],[-3.0088,53.4384],[-3.0265,53.4531],[-3.0263,53.4541],[-3.039,53.4634],[-3.0414,53.4654],[-3.0562,53.492],[-3.0637,53.5055],[-3.0628,53.53],[-3.0683,53.5199],[-3.0857,53.5254],[-3.1019,53.5371],[-3.1042,53.5545],[-3.0587,53.6212],[-3.0057,53.6647],[-3.01,53.6722],[-3.0141,53.6791],[-2.9829,53.6826],[-2.9872,53.6893],[-2.9776,53.6857],[-2.9673,53.6984],[-2.9716,53.6923],[-2.96,53.6918]]]}},{"type":"Feature","properties":{"c":"E08000015","n":"Wirral"},"geometry":{"type":"Polygon","coordinates":[[[-3.0025,53.3747],[-2.9343,53.3133],[-2.9288,53.3084],[-2.9317,53.306],[-2.9396,53.3104],[-2.968,53.3013],[-2.9927,53.3071],[-3.0261,53.2977],[-3.0742,53.3164],[-3.109,53.297],[-3.1093,53.2971],[-3.1126,53.2952],[-3.1239,53.2961],[-3.1162,53.3008],[-3.1274,53.2944],[-3.138,53.2976],[-3.1344,53.308],[-3.133,53.2997],[-3.1239,53.3002],[-3.1267,53.3007],[-3.1307,53.3073],[-3.1281,53.3046],[-3.1287,53.3062],[-3.1071,53.3017],[-3.1268,53.3063],[-3.1126,53.3091],[-3.1206,53.3117],[-3.1265,53.3136],[-3.1191,53.3162],[-3.1293,53.3144],[-3.1227,53.3174],[-3.1356,53.3158],[-3.1364,53.3284],[-3.106,53.3136],[-3.2041,53.3832],[-3.1776,53.3997],[-3.0412,53.4429],[-3.0025,53.3747]]]}},{"type":"Feature","properties":{"c":"E08000016","n":"Barnsley"},"geometry":{"type":"Polygon","coordinates":[[[-1.3487,53.5833],[-1.3268,53.5582],[-1.2977,53.5515],[-1.2938,53.5358],[-1.2757,53.5298],[-1.2862,53.5268],[-1.2813,53.5165],[-1.3124,53.5138],[-1.3801,53.5142],[-1.428,53.4859],[-1.4411,53.4911],[-1.4522,53.4849],[-1.4552,53.4718],[-1.4947,53.4863],[-1.5148,53.4637],[-1.5132,53.4514],[-1.5329,53.4383],[-1.5513,53.4462],[-1.539,53.4617],[-1.5497,53.4785],[-1.6066,53.4929],[-1.7011,53.5031],[-1.732,53.4909],[-1.7385,53.4771],[-1.7836,53.4848],[-1.8014,53.481],[-1.8015,53.481],[-1.7963,53.5032],[-1.8222,53.5211],[-1.8043,53.537],[-1.7719,53.5339],[-1.7416,53.5411],[-1.7232,53.5599],[-1.6695,53.5532],[-1.6482,53.5622],[-1.6156,53.563],[-1.5962,53.577],[-1.6018,53.5878],[-1.588,53.5935],[-1.5865,53.6072],[-1.5605,53.6076],[-1.5308,53.5931],[-1.5187,53.5997],[-1.4966,53.5974],[-1.4951,53.6032],[-1.4837,53.5949],[-1.4476,53.6127],[-1.4004,53.5987],[-1.3767,53.6065],[-1.3487,53.5833]]]}},{"type":"Feature","properties":{"c":"E08000017","n":"Doncaster"},"geometry":{"type":"Polygon","coordinates":[[[-0.8653,53.6377],[-0.8979,53.5833],[-0.9011,53.5687],[-0.891,53.5666],[-0.9013,53.5479],[-0.8923,53.5375],[-0.9437,53.5306],[-0.95,53.5137],[-0.9321,53.5107],[-0.9356,53.5025],[-0.9533,53.4844],[-0.986,53.4717],[-0.9957,53.4369],[-1.0143,53.4263],[-1.0305,53.4252],[-1.0309,53.431],[-1.0804,53.4269],[-1.116,53.4073],[-1.1459,53.4123],[-1.136,53.4245],[-1.1605,53.4244],[-1.1703,53.4353],[-1.2381,53.4328],[-1.2582,53.455],[-1.2499,53.4768],[-1.2698,53.4858],[-1.2985,53.4756],[-1.2891,53.491],[-1.3101,53.4979],[-1.3124,53.5138],[-1.2813,53.5165],[-1.2862,53.5268],[-1.2757,53.5298],[-1.2938,53.5358],[-1.2977,53.5515],[-1.3268,53.5582],[-1.3487,53.5833],[-1.3078,53.5754],[-1.2882,53.5807],[-1.258,53.592],[-1.2482,53.6164],[-1.2279,53.6173],[-1.2328,53.6211],[-1.2175,53.6242],[-1.2098,53.6432],[-1.1892,53.6359],[-1.1551,53.6432],[-1.1349,53.6327],[-1.1216,53.6467],[-1.0661,53.6489],[-1.0487,53.6561],[-0.9468,53.6591],[-0.8653,53.6377]]]}},{"type":"Feature","properties":{"c":"E08000018","n":"Rotherham"},"geometry":{"type":"Polygon","coordinates":[[[-1.3124,53.5138],[-1.3101,53.4979],[-1.2891,53.491],[-1.2985,53.4756],[-1.2698,53.4858],[-1.2499,53.4768],[-1.2582,53.455],[-1.2381,53.4328],[-1.1703,53.4353],[-1.1605,53.4244],[-1.136,53.4245],[-1.1459,53.4123],[-1.116,53.4073],[-1.1156,53.3972],[-1.1346,53.39],[-1.1305,53.3756],[-1.146,53.369],[-1.1385,53.3559],[-1.1626,53.3568],[-1.1568,53.345],[-1.141,53.3467],[-1.1387,53.3414],[-1.1997,53.3114],[-1.2032,53.3042],[-1.2307,53.3086],[-1.2439,53.3016],[-1.282,53.3095],[-1.2957,53.315],[-1.2886,53.3262],[-1.299,53.3325],[-1.3247,53.3288],[-1.332,53.3524],[-1.3914,53.3833],[-1.3758,53.3937],[-1.3935,53.42],[-1.3804,53.4242],[-1.4085,53.4203],[-1.4415,53.4454],[-1.4552,53.4718],[-1.4522,53.4849],[-1.4411,53.4911],[-1.428,53.4859],[-1.3801,53.5142],[-1.3124,53.5138]]]}},{"type":"Feature","properties":{"c":"E08000019","n":"Sheffield"},"geometry":{"type":"Polygon","coordinates":[[[-1.4552,53.4718],[-1.4415,53.4454],[-1.4085,53.4203],[-1.3804,53.4242],[-1.3935,53.42],[-1.3758,53.3937],[-1.3914,53.3833],[-1.332,53.3524],[-1.3247,53.3288],[-1.3378,53.3158],[-1.3867,53.3176],[-1.3866,53.3349],[-1.411,53.342],[-1.4209,53.3346],[-1.442,53.3375],[-1.4599,53.3307],[-1.4552,53.3219],[-1.4679,53.3171],[-1.5021,53.3176],[-1.5368,53.3047],[-1.5617,53.3064],[-1.5617,53.316],[-1.5805,53.3117],[-1.5849,53.3216],[-1.5991,53.3113],[-1.6092,53.3227],[-1.6276,53.3162],[-1.6327,53.3208],[-1.6123,53.3432],[-1.5905,53.3459],[-1.6635,53.3666],[-1.6538,53.3919],[-1.705,53.4051],[-1.7085,53.4173],[-1.7398,53.421],[-1.7453,53.4622],[-1.8014,53.481],[-1.7836,53.4848],[-1.7385,53.4771],[-1.732,53.4909],[-1.7011,53.5031],[-1.6066,53.4929],[-1.5497,53.4785],[-1.539,53.4617],[-1.5513,53.4462],[-1.5329,53.4383],[-1.5132,53.4514],[-1.5148,53.4637],[-1.4947,53.4863],[-1.4552,53.4718]]]}},{"type":"Feature","properties":{"c":"E08000021","n":"Newcastle upon Tyne"},"geometry":{"type":"Polygon","coordinates":[[[-1.6379,55.0648],[-1.6385,55.0416],[-1.5926,55.0389],[-1.5874,55.0258],[-1.6003,55.0098],[-1.5585,55.0055],[-1.563,54.9923],[-1.5292,54.9833],[-1.5355,54.9652],[-1.5539,54.9591],[-1.5943,54.9706],[-1.6401,54.9593],[-1.7016,54.9708],[-1.7196,54.9675],[-1.7463,54.9816],[-1.7695,54.9809],[-1.7738,55.0041],[-1.7566,55.0033],[-1.7502,55.024],[-1.695,55.043],[-1.7138,55.0655],[-1.6477,55.0794],[-1.6379,55.0648]]]}},{"type":"Feature","properties":{"c":"E08000022","n":"North Tyneside"},"geometry":{"type":"Polygon","coordinates":[[[-1.4745,54.9864],[-1.5292,54.9833],[-1.563,54.9923],[-1.5585,55.0055],[-1.6003,55.0098],[-1.5874,55.0258],[-1.5926,55.0389],[-1.6385,55.0416],[-1.6379,55.0648],[-1.5785,55.0631],[-1.5751,55.0556],[-1.5571,55.0541],[-1.5399,55.0616],[-1.5324,55.0541],[-1.5103,55.0551],[-1.5087,55.048],[-1.4878,55.0536],[-1.4923,55.0661],[-1.4618,55.0744],[-1.4618,55.0743],[-1.4477,55.0555],[-1.4477,55.0518],[-1.4426,55.0487],[-1.4207,55.0196],[-1.4029,55.0146],[-1.4161,55.0166],[-1.4214,55.0137],[-1.4299,55.0133],[-1.456,54.9887],[-1.5018,54.9885],[-1.5178,54.9964],[-1.5025,54.9885],[-1.5308,54.984],[-1.4745,54.9865],[-1.4745,54.9864]]]}},{"type":"Feature","properties":{"c":"E08000023","n":"South Tyneside"},"geometry":{"type":"Polygon","coordinates":[[[-1.364,54.9438],[-1.4194,54.9299],[-1.5112,54.9317],[-1.5153,54.9573],[-1.5355,54.9652],[-1.5292,54.9833],[-1.4745,54.9864],[-1.4805,54.9749],[-1.4566,54.9774],[-1.4719,54.9861],[-1.4494,54.9844],[-1.4258,55.0062],[-1.4191,55.0037],[-1.4186,55.0032],[-1.4073,55.0085],[-1.4012,55.0111],[-1.4109,54.9989],[-1.3766,54.9777],[-1.3566,54.9653],[-1.364,54.9441],[-1.364,54.9438]]]}},{"type":"Feature","properties":{"c":"E08000024","n":"Sunderland"},"geometry":{"type":"Polygon","coordinates":[[[-1.3474,54.8605],[-1.4216,54.8395],[-1.413,54.8237],[-1.4226,54.8032],[-1.4907,54.7993],[-1.4819,54.8097],[-1.5043,54.8312],[-1.5065,54.8711],[-1.5318,54.8782],[-1.5619,54.8757],[-1.5594,54.882],[-1.5571,54.9092],[-1.5689,54.9246],[-1.5112,54.9317],[-1.4194,54.9299],[-1.364,54.9438],[-1.3653,54.933],[-1.3661,54.9261],[-1.3524,54.9213],[-1.3635,54.9228],[-1.371,54.9117],[-1.3594,54.9165],[-1.357,54.9141],[-1.353,54.9188],[-1.3616,54.8982],[-1.3614,54.8977],[-1.3614,54.8976],[-1.3476,54.8606],[-1.3474,54.8605]]]}},{"type":"Feature","properties":{"c":"E08000025","n":"Birmingham"},"geometry":{"type":"Polygon","coordinates":[[[-1.788,52.5879],[-1.7636,52.5709],[-1.7742,52.5646],[-1.756,52.5554],[-1.7491,52.5314],[-1.7289,52.5246],[-1.7538,52.5212],[-1.7535,52.513],[-1.7994,52.5043],[-1.7558,52.4995],[-1.7596,52.4519],[-1.7791,52.4502],[-1.8003,52.4583],[-1.8346,52.4174],[-1.8445,52.4103],[-1.8666,52.411],[-1.8688,52.4047],[-1.8827,52.3998],[-1.9137,52.4075],[-1.9343,52.3872],[-1.9536,52.3934],[-1.9985,52.3811],[-2.0336,52.4023],[-1.986,52.4167],[-2.017,52.4327],[-2.0132,52.4622],[-1.9779,52.4672],[-1.964,52.482],[-1.9508,52.4832],[-1.9381,52.4984],[-1.963,52.5049],[-1.962,52.5284],[-1.9294,52.5313],[-1.9331,52.5458],[-1.9182,52.5473],[-1.8787,52.5694],[-1.8726,52.5849],[-1.8536,52.6021],[-1.8281,52.6087],[-1.7965,52.5991],[-1.788,52.5879]]]}},{"type":"Feature","properties":{"c":"E08000026","n":"Coventry"},"geometry":{"type":"Polygon","coordinates":[[[-1.4591,52.4552],[-1.4239,52.433],[-1.4379,52.4104],[-1.4314,52.3968],[-1.464,52.3733],[-1.5045,52.3778],[-1.5139,52.369],[-1.5247,52.3794],[-1.5524,52.3639],[-1.5676,52.3847],[-1.6011,52.3893],[-1.6022,52.4161],[-1.6145,52.428],[-1.6083,52.4388],[-1.5952,52.4399],[-1.5955,52.4559],[-1.5899,52.4619],[-1.5612,52.4552],[-1.5399,52.4648],[-1.505,52.4501],[-1.492,52.4586],[-1.4591,52.4552]]]}},{"type":"Feature","properties":{"c":"E08000027","n":"Dudley"},"geometry":{"type":"Polygon","coordinates":[[[-2.0739,52.5499],[-2.0796,52.5241],[-2.0573,52.5123],[-2.0643,52.4872],[-2.0971,52.4684],[-2.059,52.462],[-2.0227,52.4806],[-2.0132,52.4622],[-2.017,52.4327],[-2.037,52.4275],[-2.0379,52.4416],[-2.0558,52.4413],[-2.0625,52.4274],[-2.0681,52.4352],[-2.0848,52.4322],[-2.0986,52.4453],[-2.136,52.4263],[-2.1649,52.4302],[-2.1765,52.4548],[-2.1674,52.4715],[-2.1919,52.5035],[-2.1442,52.5171],[-2.1522,52.5257],[-2.1356,52.5345],[-2.1335,52.5541],[-2.1215,52.5569],[-2.1082,52.5439],[-2.0799,52.5571],[-2.0739,52.5499]]]}},{"type":"Feature","properties":{"c":"E08000028","n":"Sandwell"},"geometry":{"type":"Polygon","coordinates":[[[-1.9182,52.5473],[-1.9331,52.5458],[-1.9294,52.5313],[-1.962,52.5284],[-1.963,52.5049],[-1.9381,52.4984],[-1.9508,52.4832],[-1.964,52.482],[-1.9779,52.4672],[-2.0132,52.4622],[-2.0227,52.4806],[-2.059,52.462],[-2.0971,52.4684],[-2.0643,52.4872],[-2.0573,52.5123],[-2.0796,52.5241],[-2.0739,52.5499],[-2.051,52.5527],[-2.011,52.5691],[-1.9755,52.5556],[-1.9641,52.5632],[-1.9511,52.5568],[-1.9339,52.56],[-1.9182,52.5473]]]}},{"type":"Feature","properties":{"c":"E08000029","n":"Solihull"},"geometry":{"type":"Polygon","coordinates":[[[-1.5955,52.4559],[-1.5952,52.4399],[-1.6083,52.4388],[-1.6145,52.428],[-1.6022,52.4161],[-1.6011,52.3893],[-1.6225,52.3662],[-1.6484,52.3567],[-1.6609,52.3657],[-1.6843,52.3631],[-1.6939,52.351],[-1.7185,52.3558],[-1.7205,52.3726],[-1.7352,52.3701],[-1.7459,52.3549],[-1.7796,52.3643],[-1.7758,52.348],[-1.8078,52.3666],[-1.872,52.3676],[-1.8455,52.3998],[-1.8688,52.4047],[-1.8666,52.411],[-1.8445,52.4103],[-1.8346,52.4174],[-1.8003,52.4583],[-1.7791,52.4502],[-1.7596,52.4519],[-1.7558,52.4995],[-1.7994,52.5043],[-1.7535,52.513],[-1.6772,52.4364],[-1.6666,52.4355],[-1.6623,52.4443],[-1.6416,52.4433],[-1.6245,52.4635],[-1.5955,52.4559]]]}},{"type":"Feature","properties":{"c":"E08000030","n":"Walsall"},"geometry":{"type":"Polygon","coordinates":[[[-1.8726,52.5849],[-1.8787,52.5694],[-1.9182,52.5473],[-1.9339,52.56],[-1.9511,52.5568],[-1.9641,52.5632],[-1.9755,52.5556],[-2.011,52.5691],[-2.051,52.5527],[-2.062,52.5582],[-2.05,52.5721],[-2.0778,52.5861],[-2.0546,52.6008],[-2.0507,52.6205],[-2.0302,52.617],[-2.0295,52.6256],[-1.9866,52.6404],[-1.961,52.6428],[-1.9546,52.6627],[-1.9454,52.6563],[-1.9337,52.6616],[-1.9109,52.6565],[-1.9181,52.65],[-1.9051,52.6432],[-1.916,52.6353],[-1.886,52.6154],[-1.8923,52.5992],[-1.8726,52.5849]]]}},{"type":"Feature","properties":{"c":"E08000031","n":"Wolverhampton"},"geometry":{"type":"Polygon","coordinates":[[[-2.0507,52.6205],[-2.0546,52.6008],[-2.0778,52.5861],[-2.05,52.5721],[-2.062,52.5582],[-2.051,52.5527],[-2.0739,52.5499],[-2.0799,52.5571],[-2.1082,52.5439],[-2.1215,52.5569],[-2.1335,52.5541],[-2.1755,52.5544],[-2.1803,52.5745],[-2.2067,52.5851],[-2.1892,52.5888],[-2.1964,52.6066],[-2.1692,52.6093],[-2.1684,52.62],[-2.1316,52.6376],[-2.1012,52.6351],[-2.081,52.6119],[-2.0507,52.6205]]]}},{"type":"Feature","properties":{"c":"E08000032","n":"Bradford"},"geometry":{"type":"Polygon","coordinates":[[[-1.7272,53.9102],[-1.7321,53.896],[-1.7171,53.8923],[-1.7254,53.8857],[-1.7563,53.8847],[-1.7875,53.8969],[-1.8004,53.886],[-1.7605,53.8636],[-1.7153,53.8662],[-1.6951,53.8575],[-1.712,53.7831],[-1.6823,53.7864],[-1.6742,53.78],[-1.6404,53.7797],[-1.6496,53.7682],[-1.6816,53.7565],[-1.7144,53.7625],[-1.7338,53.7469],[-1.7472,53.7468],[-1.7459,53.7345],[-1.7609,53.7346],[-1.7701,53.7263],[-1.8094,53.7644],[-1.8278,53.7637],[-1.8555,53.7483],[-1.8727,53.7549],[-1.8734,53.7787],[-1.9282,53.7876],[-1.9808,53.7864],[-1.9868,53.7962],[-2.0612,53.8256],[-2.0469,53.8295],[-2.0461,53.8501],[-2.0218,53.8715],[-1.9802,53.8711],[-1.9794,53.9011],[-1.9524,53.9035],[-1.9769,53.9264],[-1.9631,53.9334],[-1.9662,53.9516],[-1.9507,53.9567],[-1.928,53.9505],[-1.8795,53.9628],[-1.8606,53.9328],[-1.8362,53.9314],[-1.8477,53.9408],[-1.8051,53.939],[-1.776,53.9215],[-1.7456,53.923],[-1.7272,53.9102]]]}},{"type":"Feature","properties":{"c":"E08000033","n":"Calderdale"},"geometry":{"type":"Polygon","coordinates":[[[-1.7701,53.7263],[-1.7536,53.7259],[-1.7359,53.7132],[-1.7313,53.6804],[-1.7473,53.6946],[-1.8257,53.6703],[-1.8537,53.6725],[-1.8436,53.6661],[-1.8946,53.6454],[-1.9342,53.6483],[-1.9727,53.6258],[-2.0095,53.6168],[-2.023,53.6158],[-2.0268,53.6242],[-2.0512,53.6837],[-2.0929,53.6702],[-2.1181,53.6712],[-2.1341,53.6857],[-2.1423,53.678],[-2.1463,53.6822],[-2.1733,53.723],[-2.1312,53.7515],[-2.1364,53.7801],[-2.1248,53.7881],[-2.1284,53.799],[-2.1123,53.8057],[-2.0612,53.8256],[-1.9868,53.7962],[-1.9808,53.7864],[-1.9282,53.7876],[-1.8734,53.7787],[-1.8727,53.7549],[-1.8555,53.7483],[-1.8278,53.7637],[-1.8094,53.7644],[-1.7701,53.7263]]]}},{"type":"Feature","properties":{"c":"E08000034","n":"Kirklees"},"geometry":{"type":"Polygon","coordinates":[[[-1.6816,53.7565],[-1.6584,53.7455],[-1.6379,53.7477],[-1.6234,53.7185],[-1.5922,53.7185],[-1.5711,53.7064],[-1.5984,53.6998],[-1.6025,53.6922],[-1.5919,53.6893],[-1.6152,53.6776],[-1.5906,53.6607],[-1.6249,53.6536],[-1.6137,53.6246],[-1.5865,53.6072],[-1.588,53.5935],[-1.6018,53.5878],[-1.5962,53.577],[-1.6156,53.563],[-1.6482,53.5622],[-1.6695,53.5532],[-1.7232,53.5599],[-1.7416,53.5411],[-1.7719,53.5339],[-1.8043,53.537],[-1.8222,53.5211],[-1.8418,53.5199],[-1.8735,53.5404],[-1.8941,53.5336],[-1.9096,53.5384],[-1.9129,53.5516],[-1.9427,53.5616],[-2.0095,53.6168],[-1.9727,53.6258],[-1.9342,53.6483],[-1.8946,53.6454],[-1.8436,53.6661],[-1.8537,53.6725],[-1.8257,53.6703],[-1.7473,53.6946],[-1.7313,53.6804],[-1.7359,53.7132],[-1.7536,53.7259],[-1.7701,53.7263],[-1.7609,53.7346],[-1.7459,53.7345],[-1.7472,53.7468],[-1.7338,53.7469],[-1.7144,53.7625],[-1.6816,53.7565]]]}},{"type":"Feature","properties":{"c":"E08000035","n":"Leeds"},"geometry":{"type":"Polygon","coordinates":[[[-1.302,53.7417],[-1.3997,53.7193],[-1.4431,53.7282],[-1.4883,53.7278],[-1.4957,53.7223],[-1.5104,53.7297],[-1.5593,53.699],[-1.5711,53.7064],[-1.5922,53.7185],[-1.6234,53.7185],[-1.6379,53.7477],[-1.6584,53.7455],[-1.6816,53.7565],[-1.6496,53.7682],[-1.6404,53.7797],[-1.6742,53.78],[-1.6823,53.7864],[-1.712,53.7831],[-1.6951,53.8575],[-1.7153,53.8662],[-1.7605,53.8636],[-1.8004,53.886],[-1.7875,53.8969],[-1.7563,53.8847],[-1.7254,53.8857],[-1.7171,53.8923],[-1.7321,53.896],[-1.7272,53.9102],[-1.718,53.9085],[-1.7071,53.9191],[-1.6846,53.9106],[-1.6551,53.9125],[-1.6517,53.9056],[-1.6207,53.9034],[-1.5994,53.9097],[-1.5879,53.9013],[-1.5836,53.9093],[-1.5519,53.903],[-1.5488,53.9109],[-1.4988,53.9153],[-1.4629,53.9059],[-1.433,53.9108],[-1.4326,53.9272],[-1.4067,53.9278],[-1.3972,53.9425],[-1.3404,53.9459],[-1.3447,53.9395],[-1.3071,53.9345],[-1.3089,53.924],[-1.2941,53.9269],[-1.3074,53.9212],[-1.2972,53.9216],[-1.3005,53.9075],[-1.3218,53.9029],[-1.3124,53.8657],[-1.353,53.8568],[-1.3266,53.8404],[-1.3361,53.8336],[-1.3036,53.8165],[-1.3149,53.8096],[-1.3138,53.7816],[-1.2904,53.7632],[-1.2949,53.7555],[-1.3122,53.7559],[-1.3154,53.7437],[-1.302,53.7417]]]}},{"type":"Feature","properties":{"c":"E08000036","n":"Wakefield"},"geometry":{"type":"Polygon","coordinates":[[[-1.2328,53.6211],[-1.2279,53.6173],[-1.2482,53.6164],[-1.258,53.592],[-1.2882,53.5807],[-1.3078,53.5754],[-1.3487,53.5833],[-1.3767,53.6065],[-1.4004,53.5987],[-1.4476,53.6127],[-1.4837,53.5949],[-1.4951,53.6032],[-1.4966,53.5974],[-1.5187,53.5997],[-1.5308,53.5931],[-1.5605,53.6076],[-1.5865,53.6072],[-1.6137,53.6246],[-1.6249,53.6536],[-1.5906,53.6607],[-1.6152,53.6776],[-1.5919,53.6893],[-1.6025,53.6922],[-1.5984,53.6998],[-1.5711,53.7064],[-1.5593,53.699],[-1.5104,53.7297],[-1.4957,53.7223],[-1.4883,53.7278],[-1.4431,53.7282],[-1.3997,53.7193],[-1.302,53.7417],[-1.2687,53.715],[-1.2294,53.7149],[-1.2263,53.7099],[-1.2198,53.7144],[-1.1988,53.7007],[-1.1991,53.6949],[-1.2444,53.6925],[-1.2555,53.6454],[-1.2328,53.6211]]]}},{"type":"Feature","properties":{"c":"E08000037","n":"Gateshead"},"geometry":{"type":"Polygon","coordinates":[[[-1.7695,54.9809],[-1.7463,54.9816],[-1.7196,54.9675],[-1.7016,54.9708],[-1.6401,54.9593],[-1.5943,54.9706],[-1.5539,54.9591],[-1.5355,54.9652],[-1.5153,54.9573],[-1.5112,54.9317],[-1.5689,54.9246],[-1.5571,54.9092],[-1.5594,54.882],[-1.5799,54.8778],[-1.5942,54.902],[-1.6506,54.8793],[-1.6493,54.893],[-1.6756,54.8981],[-1.6748,54.9096],[-1.6917,54.9026],[-1.6985,54.909],[-1.7249,54.9088],[-1.7361,54.9186],[-1.7687,54.9067],[-1.7816,54.9116],[-1.7945,54.9036],[-1.8206,54.9058],[-1.8527,54.9174],[-1.8411,54.9297],[-1.8269,54.9303],[-1.8336,54.9533],[-1.8128,54.9763],[-1.7885,54.9843],[-1.7695,54.9809]]]}},{"type":"Feature","properties":{"c":"E09000002","n":"Barking and Dagenham"},"geometry":{"type":"Polygon","coordinates":[[[0.1601,51.5118],[0.1587,51.5123],[0.1269,51.5196],[0.0981,51.515],[0.0981,51.5149],[0.0926,51.5257],[0.0727,51.5293],[0.0684,51.5444],[0.0935,51.5459],[0.1189,51.5574],[0.1316,51.5718],[0.1264,51.5867],[0.1482,51.599],[0.1467,51.5688],[0.1619,51.5616],[0.1852,51.5655],[0.1902,51.5527],[0.1601,51.5118]]]}},{"type":"Feature","properties":{"c":"E09000003","n":"Barnet"},"geometry":{"type":"Polygon","coordinates":[[[-0.182,51.6687],[-0.1859,51.6628],[-0.1547,51.6555],[-0.1291,51.6323],[-0.1445,51.6155],[-0.1387,51.6102],[-0.1513,51.5975],[-0.1565,51.6053],[-0.1571,51.5862],[-0.1712,51.5724],[-0.2135,51.5552],[-0.2334,51.572],[-0.2511,51.5703],[-0.2482,51.5843],[-0.2671,51.6004],[-0.3044,51.6363],[-0.2574,51.6418],[-0.2506,51.6561],[-0.2121,51.6614],[-0.2034,51.6701],[-0.1911,51.6639],[-0.182,51.6687]]]}},{"type":"Feature","properties":{"c":"E09000004","n":"Bexley"},"geometry":{"type":"Polygon","coordinates":[[[0.1625,51.5048],[0.1688,51.4994],[0.1692,51.4989],[0.1836,51.4811],[0.2176,51.4805],[0.2212,51.4788],[0.2034,51.4543],[0.1728,51.4433],[0.1643,51.4286],[0.1559,51.4309],[0.1529,51.4087],[0.1489,51.4084],[0.107,51.4143],[0.0754,51.432],[0.0874,51.4433],[0.0823,51.4666],[0.0982,51.4755],[0.1242,51.4768],[0.1187,51.5113],[0.1202,51.5115],[0.1625,51.5048]]]}},{"type":"Feature","properties":{"c":"E09000005","n":"Brent"},"geometry":{"type":"Polygon","coordinates":[[[-0.2135,51.5552],[-0.1915,51.5363],[-0.1965,51.5276],[-0.2051,51.533],[-0.216,51.5279],[-0.2284,51.5303],[-0.2463,51.5327],[-0.2842,51.5289],[-0.2825,51.5386],[-0.3075,51.5331],[-0.3077,51.5459],[-0.3356,51.5566],[-0.3221,51.5697],[-0.3266,51.5788],[-0.3047,51.5871],[-0.2825,51.585],[-0.2904,51.5935],[-0.2671,51.6004],[-0.2482,51.5843],[-0.2511,51.5703],[-0.2334,51.572],[-0.2135,51.5552]]]}},{"type":"Feature","properties":{"c":"E09000006","n":"Bromley"},"geometry":{"type":"Polygon","coordinates":[[[0.0754,51.432],[0.107,51.4143],[0.1489,51.4084],[0.1624,51.3925],[0.1477,51.3928],[0.1521,51.3697],[0.137,51.3442],[0.1185,51.3441],[0.1179,51.3296],[0.085,51.316],[0.0857,51.2931],[0.0424,51.2927],[0.0329,51.3075],[0.015,51.2918],[0.0023,51.3291],[-0.0268,51.3794],[-0.0369,51.377],[-0.0365,51.3884],[-0.0682,51.4035],[-0.0786,51.4199],[-0.0783,51.4206],[-0.0739,51.4262],[-0.0302,51.4257],[-0.0103,51.4136],[0.0255,51.429],[0.0363,51.4224],[0.0294,51.4417],[0.0617,51.4237],[0.0754,51.432]]]}},{"type":"Feature","properties":{"c":"E09000007","n":"Camden"},"geometry":{"type":"Polygon","coordinates":[[[-0.1424,51.5691],[-0.1226,51.5308],[-0.1053,51.5186],[-0.1116,51.5153],[-0.1293,51.5135],[-0.1527,51.5375],[-0.1915,51.5363],[-0.2135,51.5552],[-0.1712,51.5724],[-0.1424,51.5691]]]}},{"type":"Feature","properties":{"c":"E09000008","n":"Croydon"},"geometry":{"type":"Polygon","coordinates":[[[-0.0786,51.4199],[-0.0682,51.4035],[-0.0365,51.3884],[-0.0369,51.377],[-0.0268,51.3794],[0.0023,51.3291],[-0.0379,51.3387],[-0.0513,51.3225],[-0.0789,51.3198],[-0.0912,51.3015],[-0.1243,51.2868],[-0.1372,51.3008],[-0.1553,51.3013],[-0.1565,51.3215],[-0.1456,51.3235],[-0.1446,51.3421],[-0.1168,51.3458],[-0.1343,51.3908],[-0.1241,51.3976],[-0.1277,51.4123],[-0.1126,51.4232],[-0.0786,51.4199]]]}},{"type":"Feature","properties":{"c":"E09000009","n":"Ealing"},"geometry":{"type":"Polygon","coordinates":[[[-0.2463,51.5327],[-0.253,51.5014],[-0.2677,51.4939],[-0.2808,51.5028],[-0.294,51.5016],[-0.3119,51.492],[-0.3506,51.4991],[-0.3719,51.4905],[-0.4069,51.4997],[-0.3762,51.5288],[-0.4195,51.5403],[-0.3953,51.5426],[-0.3987,51.5479],[-0.3778,51.555],[-0.3356,51.5566],[-0.3077,51.5459],[-0.3075,51.5331],[-0.2825,51.5386],[-0.2842,51.5289],[-0.2463,51.5327]]]}},{"type":"Feature","properties":{"c":"E09000010","n":"Enfield"},"geometry":{"type":"Polygon","coordinates":[[[-0.0119,51.6809],[-0.0123,51.6462],[-0.0414,51.6056],[-0.1387,51.6102],[-0.1445,51.6155],[-0.1291,51.6323],[-0.1547,51.6555],[-0.1859,51.6628],[-0.182,51.6687],[-0.1635,51.6881],[-0.1058,51.6919],[-0.0119,51.6809]]]}},{"type":"Feature","properties":{"c":"E09000011","n":"Greenwich"},"geometry":{"type":"Polygon","coordinates":[[[0.1187,51.5113],[0.1242,51.4768],[0.0982,51.4755],[0.0823,51.4666],[0.0874,51.4433],[0.0754,51.432],[0.0617,51.4237],[0.0294,51.4417],[0.01,51.4594],[0.018,51.4738],[-0.0151,51.468],[-0.0192,51.4772],[0.002,51.4885],[0.0015,51.5018],[0.0014,51.5042],[0.002,51.5044],[0.0069,51.5018],[0.0155,51.4972],[0.0216,51.494],[0.058,51.494],[0.0767,51.4959],[0.082,51.5004],[0.0908,51.5079],[0.0936,51.5091],[0.1187,51.5113]]]}},{"type":"Feature","properties":{"c":"E09000012","n":"Hackney"},"geometry":{"type":"Polygon","coordinates":[[[-0.0172,51.5516],[-0.0165,51.5433],[-0.0624,51.5355],[-0.0785,51.5215],[-0.0852,51.5203],[-0.097,51.533],[-0.0766,51.5478],[-0.1044,51.5648],[-0.0977,51.5736],[-0.0612,51.5778],[-0.0471,51.5626],[-0.0284,51.561],[-0.0172,51.5516]]]}},{"type":"Feature","properties":{"c":"E09000013","n":"Hammersmith and Fulham"},"geometry":{"type":"Polygon","coordinates":[[[-0.2284,51.5303],[-0.2142,51.5008],[-0.1777,51.4775],[-0.1905,51.4643],[-0.2217,51.4723],[-0.23,51.4879],[-0.2434,51.4879],[-0.253,51.5014],[-0.2463,51.5327],[-0.2284,51.5303]]]}},{"type":"Feature","properties":{"c":"E09000014","n":"Haringey"},"geometry":{"type":"Polygon","coordinates":[[[-0.0414,51.6056],[-0.0612,51.5778],[-0.0977,51.5736],[-0.1044,51.5648],[-0.1195,51.5755],[-0.1424,51.5691],[-0.1712,51.5724],[-0.1571,51.5862],[-0.1565,51.6053],[-0.1513,51.5975],[-0.1387,51.6102],[-0.0414,51.6056]]]}},{"type":"Feature","properties":{"c":"E09000015","n":"Harrow"},"geometry":{"type":"Polygon","coordinates":[[[-0.3044,51.6363],[-0.2671,51.6004],[-0.2904,51.5935],[-0.2825,51.585],[-0.3047,51.5871],[-0.3266,51.5788],[-0.3221,51.5697],[-0.3356,51.5566],[-0.3778,51.555],[-0.404,51.6132],[-0.3626,51.6235],[-0.3167,51.6405],[-0.3044,51.6363]]]}},{"type":"Feature","properties":{"c":"E09000016","n":"Havering"},"geometry":{"type":"Polygon","coordinates":[[[0.2699,51.5996],[0.2903,51.5643],[0.313,51.5658],[0.334,51.5405],[0.2653,51.5322],[0.2637,51.5179],[0.2538,51.5179],[0.249,51.5287],[0.2372,51.5193],[0.2419,51.508],[0.2266,51.5066],[0.23,51.4994],[0.2142,51.496],[0.2118,51.4898],[0.2106,51.4902],[0.1877,51.4879],[0.182,51.4986],[0.1785,51.5053],[0.1601,51.5118],[0.1902,51.5527],[0.1852,51.5655],[0.1619,51.5616],[0.1467,51.5688],[0.1482,51.599],[0.1382,51.6235],[0.2003,51.6249],[0.2241,51.6317],[0.2522,51.6178],[0.2646,51.6083],[0.254,51.6016],[0.2699,51.5996]]]}},{"type":"Feature","properties":{"c":"E09000017","n":"Hillingdon"},"geometry":{"type":"Polygon","coordinates":[[[-0.404,51.6132],[-0.3778,51.555],[-0.3987,51.5479],[-0.3953,51.5426],[-0.4195,51.5403],[-0.3762,51.5288],[-0.4069,51.4997],[-0.4169,51.4825],[-0.4111,51.4699],[-0.4439,51.4533],[-0.4587,51.4563],[-0.5098,51.4692],[-0.49,51.4947],[-0.4832,51.5071],[-0.4955,51.5385],[-0.4766,51.5592],[-0.5006,51.5997],[-0.4968,51.6317],[-0.4571,51.6123],[-0.4406,51.6201],[-0.404,51.6132]]]}},{"type":"Feature","properties":{"c":"E09000018","n":"Hounslow"},"geometry":{"type":"Polygon","coordinates":[[[-0.253,51.5014],[-0.2434,51.4879],[-0.2575,51.4712],[-0.2921,51.4873],[-0.3269,51.457],[-0.373,51.4575],[-0.3878,51.4494],[-0.3668,51.4416],[-0.3913,51.4223],[-0.4565,51.4381],[-0.4587,51.4563],[-0.4439,51.4533],[-0.4111,51.4699],[-0.4169,51.4825],[-0.4069,51.4997],[-0.3719,51.4905],[-0.3506,51.4991],[-0.3119,51.492],[-0.294,51.5016],[-0.2808,51.5028],[-0.2677,51.4939],[-0.253,51.5014]]]}},{"type":"Feature","properties":{"c":"E09000019","n":"Islington"},"geometry":{"type":"Polygon","coordinates":[[[-0.1044,51.5648],[-0.0766,51.5478],[-0.097,51.533],[-0.0852,51.5203],[-0.1053,51.5186],[-0.1226,51.5308],[-0.1424,51.5691],[-0.1195,51.5755],[-0.1044,51.5648]]]}},{"type":"Feature","properties":{"c":"E09000020","n":"Kensington and Chelsea"},"geometry":{"type":"Polygon","coordinates":[[[-0.216,51.5279],[-0.1795,51.4978],[-0.1585,51.5022],[-0.1498,51.4845],[-0.1777,51.4775],[-0.2142,51.5008],[-0.2284,51.5303],[-0.216,51.5279]]]}},{"type":"Feature","properties":{"c":"E09000021","n":"Kingston upon Thames"},"geometry":{"type":"Polygon","coordinates":[[[-0.2511,51.4326],[-0.2397,51.3893],[-0.245,51.3801],[-0.261,51.3796],[-0.2885,51.3621],[-0.3062,51.3351],[-0.3307,51.329],[-0.3305,51.3484],[-0.3074,51.3784],[-0.3177,51.3937],[-0.3088,51.4019],[-0.3107,51.4322],[-0.2906,51.429],[-0.2866,51.4202],[-0.2541,51.4373],[-0.2511,51.4326]]]}},{"type":"Feature","properties":{"c":"E09000022","n":"Lambeth"},"geometry":{"type":"Polygon","coordinates":[[[-0.0783,51.4206],[-0.0786,51.4199],[-0.1126,51.4232],[-0.1277,51.4123],[-0.1481,51.4129],[-0.1404,51.4193],[-0.1359,51.442],[-0.1436,51.4418],[-0.1512,51.4659],[-0.1295,51.4859],[-0.1114,51.5098],[-0.1092,51.5099],[-0.1082,51.4803],[-0.09,51.4661],[-0.1014,51.4519],[-0.0783,51.4206]]]}},{"type":"Feature","properties":{"c":"E09000023","n":"Lewisham"},"geometry":{"type":"Polygon","coordinates":[[[-0.022,51.4837],[-0.0196,51.4782],[-0.0227,51.4754],[-0.0192,51.4772],[-0.0151,51.468],[0.018,51.4738],[0.01,51.4594],[0.0294,51.4417],[0.0363,51.4224],[0.0255,51.429],[-0.0103,51.4136],[-0.0302,51.4257],[-0.0739,51.4262],[-0.0618,51.4478],[-0.0416,51.455],[-0.054,51.4879],[-0.0323,51.493],[-0.0248,51.4855],[-0.022,51.4837]]]}},{"type":"Feature","properties":{"c":"E09000024","n":"Merton"},"geometry":{"type":"Polygon","coordinates":[[[-0.1404,51.4193],[-0.1481,51.4129],[-0.1277,51.4123],[-0.1241,51.3976],[-0.1343,51.3908],[-0.1652,51.388],[-0.1748,51.3934],[-0.1884,51.3854],[-0.2098,51.3883],[-0.2181,51.3802],[-0.2397,51.3893],[-0.2511,51.4326],[-0.19,51.4415],[-0.1819,51.4247],[-0.1404,51.4193]]]}},{"type":"Feature","properties":{"c":"E09000025","n":"Newham"},"geometry":{"type":"Polygon","coordinates":[[[0.0503,51.564],[0.0684,51.5444],[0.0727,51.5293],[0.0926,51.5257],[0.0981,51.5149],[0.0658,51.5007],[0.0604,51.4984],[0.0202,51.4994],[0.0176,51.5016],[0.0157,51.5031],[0.0092,51.5083],[0.0081,51.5081],[0.0057,51.5076],[-0.0211,51.5365],[-0.0165,51.5433],[-0.0172,51.5516],[0.0205,51.5561],[0.0463,51.5548],[0.0503,51.564]]]}},{"type":"Feature","properties":{"c":"E09000026","n":"Redbridge"},"geometry":{"type":"Polygon","coordinates":[[[0.1382,51.6235],[0.1482,51.599],[0.1264,51.5867],[0.1316,51.5718],[0.1189,51.5574],[0.0935,51.5459],[0.0684,51.5444],[0.0503,51.564],[0.0463,51.5548],[0.0205,51.5561],[0.0121,51.5927],[0.0214,51.6118],[0.0087,51.6191],[0.0218,51.6288],[0.0729,51.6047],[0.1382,51.6235]]]}},{"type":"Feature","properties":{"c":"E09000027","n":"Richmond upon Thames"},"geometry":{"type":"Polygon","coordinates":[[[-0.2217,51.4723],[-0.2327,51.4725],[-0.2333,51.464],[-0.2562,51.4628],[-0.2591,51.455],[-0.2416,51.4431],[-0.2541,51.4373],[-0.2866,51.4202],[-0.2906,51.429],[-0.3107,51.4322],[-0.3088,51.4019],[-0.3177,51.3937],[-0.3278,51.3918],[-0.3591,51.4119],[-0.3834,51.4085],[-0.3913,51.4223],[-0.3668,51.4416],[-0.3878,51.4494],[-0.373,51.4575],[-0.3269,51.457],[-0.2921,51.4873],[-0.2575,51.4712],[-0.2434,51.4879],[-0.23,51.4879],[-0.2217,51.4723]]]}},{"type":"Feature","properties":{"c":"E09000028","n":"Southwark"},"geometry":{"type":"Polygon","coordinates":[[[-0.0802,51.5069],[-0.073,51.505],[-0.0684,51.503],[-0.063,51.5007],[-0.0539,51.5028],[-0.0359,51.507],[-0.0348,51.5025],[-0.0324,51.4931],[-0.0323,51.493],[-0.054,51.4879],[-0.0416,51.455],[-0.0618,51.4478],[-0.0739,51.4262],[-0.0783,51.4206],[-0.1014,51.4519],[-0.09,51.4661],[-0.1082,51.4803],[-0.1092,51.5099],[-0.0802,51.5069]]]}},{"type":"Feature","properties":{"c":"E09000029","n":"Sutton"},"geometry":{"type":"Polygon","coordinates":[[[-0.1343,51.3908],[-0.1168,51.3458],[-0.1446,51.3421],[-0.1456,51.3235],[-0.1565,51.3215],[-0.1973,51.3436],[-0.2208,51.3298],[-0.2298,51.3365],[-0.2173,51.3434],[-0.2227,51.3571],[-0.2454,51.3669],[-0.245,51.3801],[-0.2397,51.3893],[-0.2181,51.3802],[-0.2098,51.3883],[-0.1884,51.3854],[-0.1748,51.3934],[-0.1652,51.388],[-0.1343,51.3908]]]}},{"type":"Feature","properties":{"c":"E09000030","n":"Tower Hamlets"},"geometry":{"type":"Polygon","coordinates":[[[-0.0211,51.5365],[0.0057,51.5076],[-0.0058,51.5051],[-0.0062,51.502],[-0.0085,51.4871],[-0.0107,51.487],[-0.0254,51.4903],[-0.0283,51.5024],[-0.0299,51.5089],[-0.0455,51.5094],[-0.0596,51.5029],[-0.0597,51.5028],[-0.0598,51.5029],[-0.0794,51.5078],[-0.073,51.505],[-0.0802,51.5069],[-0.0785,51.5215],[-0.0624,51.5355],[-0.0165,51.5433],[-0.0211,51.5365]]]}},{"type":"Feature","properties":{"c":"E09000031","n":"Waltham Forest"},"geometry":{"type":"Polygon","coordinates":[[[0.0218,51.6288],[0.0087,51.6191],[0.0214,51.6118],[0.0121,51.5927],[0.0205,51.5561],[-0.0172,51.5516],[-0.0284,51.561],[-0.0471,51.5626],[-0.0612,51.5778],[-0.0414,51.6056],[-0.0123,51.6462],[0.0227,51.6411],[0.0218,51.6288]]]}},{"type":"Feature","properties":{"c":"E09000032","n":"Wandsworth"},"geometry":{"type":"Polygon","coordinates":[[[-0.1404,51.4193],[-0.1819,51.4247],[-0.19,51.4415],[-0.2511,51.4326],[-0.2541,51.4373],[-0.2416,51.4431],[-0.2591,51.455],[-0.2562,51.4628],[-0.2333,51.464],[-0.2327,51.4725],[-0.2217,51.4723],[-0.1905,51.4643],[-0.1777,51.4775],[-0.1498,51.4845],[-0.1295,51.4859],[-0.1512,51.4659],[-0.1436,51.4418],[-0.1359,51.442],[-0.1404,51.4193]]]}},{"type":"Feature","properties":{"c":"E09000033","n":"Westminster"},"geometry":{"type":"Polygon","coordinates":[[[-0.1116,51.5153],[-0.1114,51.5098],[-0.1295,51.4859],[-0.1498,51.4845],[-0.1585,51.5022],[-0.1795,51.4978],[-0.216,51.5279],[-0.2051,51.533],[-0.1965,51.5276],[-0.1915,51.5363],[-0.1527,51.5375],[-0.1293,51.5135],[-0.1116,51.5153]]]}},{"type":"Feature","properties":{"c":"W06000001","n":"Isle of Anglesey"},"geometry":{"type":"MultiPolygon","coordinates":[[[[-4.644,53.3204],[-4.6482,53.3187],[-4.6277,53.3145],[-4.6253,53.3181],[-4.6252,53.3181],[-4.6314,53.3078],[-4.6208,53.3127],[-4.6112,53.3028],[-4.585,53.3012],[-4.5838,53.2902],[-4.5869,53.2889],[-4.6099,53.2793],[-4.598,53.2827],[-4.5974,53.2744],[-4.5764,53.2724],[-4.5845,53.2632],[-4.5618,53.264],[-4.5727,53.2616],[-4.5567,53.2457],[-4.5678,53.2438],[-4.597,53.2404],[-4.6008,53.2416],[-4.6105,53.2454],[-4.6123,53.2483],[-4.6085,53.2559],[-4.6256,53.2693],[-4.6173,53.2791],[-4.65,53.2875],[-4.6516,53.2879],[-4.6527,53.2874],[-4.6558,53.2861],[-4.6777,53.2828],[-4.6828,53.2835],[-4.6802,53.2943],[-4.6777,53.2983],[-4.6967,53.3074],[-4.6958,53.3083],[-4.6833,53.3132],[-4.6815,53.3225],[-4.6619,53.3189],[-4.6235,53.3296],[-4.6473,53.3208],[-4.644,53.3204]]],[[[-4.4094,53.4237],[-4.4026,53.4209],[-4.3682,53.4241],[-4.3564,53.4142],[-4.3388,53.4196],[-4.3344,53.4133],[-4.3266,53.4177],[-4.3053,53.4138],[-4.293,53.4111],[-4.2895,53.4148],[-4.2873,53.417],[-4.2694,53.3905],[-4.2957,53.3646],[-4.2764,53.3711],[-4.28,53.3761],[-4.2648,53.3608],[-4.2301,53.3577],[-4.2339,53.3406],[-4.2191,53.319],[-4.2043,53.3138],[-4.2145,53.2988],[-4.2108,53.2965],[-4.2041,53.2922],[-4.1821,53.297],[-4.1433,53.3053],[-4.1197,53.3192],[-4.1031,53.3174],[-4.0402,53.3106],[-4.0524,53.2993],[-4.1001,53.2553],[-4.1007,53.2547],[-4.1592,53.2339],[-4.1626,53.2237],[-4.1708,53.2252],[-4.2028,53.2158],[-4.204,53.2134],[-4.205,53.2131],[-4.2127,53.1968],[-4.2185,53.1856],[-4.3177,53.1442],[-4.3186,53.15],[-4.3344,53.149],[-4.3309,53.1656],[-4.3401,53.1486],[-4.3362,53.1475],[-4.3376,53.1428],[-4.355,53.1344],[-4.3289,53.1266],[-4.3937,53.1437],[-4.395,53.144],[-4.3958,53.1443],[-4.3959,53.1442],[-4.3987,53.145],[-4.4135,53.1363],[-4.4101,53.1416],[-4.4076,53.1443],[-4.4198,53.1638],[-4.3951,53.1686],[-4.3896,53.1697],[-4.3851,53.1914],[-4.385,53.1916],[-4.3961,53.1881],[-4.3969,53.1879],[-4.4435,53.155],[-4.4436,53.155],[-4.4661,53.1834],[-4.4601,53.1946],[-4.4668,53.1842],[-4.4667,53.1823],[-4.4864,53.1772],[-4.4878,53.1839],[-4.4875,53.1851],[-4.488,53.1852],[-4.4883,53.1866],[-4.5042,53.1871],[-4.4973,53.2072],[-4.5239,53.2265],[-4.5235,53.232],[-4.5218,53.232],[-4.5127,53.2386],[-4.5232,53.2376],[-4.5235,53.2326],[-4.5359,53.237],[-4.5555,53.2497],[-4.5542,53.2676],[-4.5603,53.2645],[-4.5886,53.2813],[-4.5762,53.286],[-4.5812,53.289],[-4.5835,53.2904],[-4.5788,53.2891],[-4.5748,53.2879],[-4.5721,53.2892],[-4.5297,53.3095],[-4.5631,53.2994],[-4.5624,53.3168],[-4.5793,53.3241],[-4.5822,53.3269],[-4.5778,53.3346],[-4.5707,53.3379],[-4.5599,53.3654],[-4.5551,53.3737],[-4.5741,53.4034],[-4.5654,53.4042],[-4.5298,53.4061],[-4.5109,53.4165],[-4.5101,53.4154],[-4.5095,53.4094],[-4.5058,53.4098],[-4.5054,53.4092],[-4.5039,53.41],[-4.4919,53.4112],[-4.4781,53.4222],[-4.4502,53.4129],[-4.4503,53.4144],[-4.4499,53.4142],[-4.4509,53.422],[-4.451,53.4229],[-4.4253,53.43],[-4.4225,53.4289],[-4.4094,53.4237]]]]}},{"type":"Feature","properties":{"c":"W06000002","n":"Gwynedd"},"geometry":{"type":"Polygon","coordinates":[[[-3.9982,53.2484],[-3.9794,53.2319],[-3.9353,53.2149],[-3.939,53.2001],[-3.965,53.1834],[-3.9703,53.1602],[-4.0079,53.1438],[-4.0201,53.1248],[-3.9955,53.125],[-4.021,53.1246],[-4.0313,53.1056],[-4.0141,53.1036],[-4.0136,53.0897],[-3.9867,53.0842],[-3.9913,53.0765],[-3.9771,53.0689],[-3.9972,53.0377],[-3.9854,53.0107],[-3.8989,53.0206],[-3.8878,53.0116],[-3.8966,52.9949],[-3.8494,52.9773],[-3.841,52.9623],[-3.8132,52.9494],[-3.7697,52.9593],[-3.7353,52.9799],[-3.683,52.9868],[-3.6729,52.9971],[-3.6153,53.0114],[-3.5996,53.0117],[-3.6108,52.996],[-3.583,52.9675],[-3.5338,52.9737],[-3.5045,52.9654],[-3.458,52.9849],[-3.4368,52.9808],[-3.4487,52.9738],[-3.4467,52.9632],[-3.4914,52.9337],[-3.4651,52.9203],[-3.49,52.8958],[-3.4736,52.8713],[-3.483,52.8655],[-3.5053,52.842],[-3.5667,52.8301],[-3.5682,52.8229],[-3.5865,52.8277],[-3.5971,52.8141],[-3.6087,52.794],[-3.5835,52.7386],[-3.5993,52.7259],[-3.602,52.705],[-3.6564,52.6914],[-3.6839,52.6939],[-3.7094,52.6711],[-3.7168,52.6788],[-3.7439,52.6813],[-3.7594,52.6694],[-3.8081,52.6779],[-3.8407,52.6509],[-3.8346,52.6331],[-3.8504,52.6206],[-3.8419,52.5999],[-3.875,52.5932],[-3.8838,52.5771],[-3.9154,52.5786],[-3.9289,52.5715],[-3.9265,52.5608],[-3.9329,52.553],[-3.9418,52.5578],[-3.9416,52.558],[-3.9398,52.5607],[-3.9605,52.5607],[-4.0644,52.5414],[-4.0659,52.543],[-4.0999,52.5792],[-4.1265,52.6074],[-4.1286,52.6117],[-4.095,52.6684],[-4.0723,52.6798],[-4.0573,52.6873],[-4.0498,52.7154],[-4.0514,52.7038],[-4.0162,52.7206],[-4.0115,52.7131],[-3.9892,52.7361],[-4.0232,52.7361],[-4.0362,52.7211],[-4.0589,52.7178],[-4.0664,52.7252],[-4.0848,52.7492],[-4.1248,52.7829],[-4.1506,52.8083],[-4.1346,52.8241],[-4.1337,52.8245],[-4.1396,52.8155],[-4.1187,52.8303],[-4.1079,52.8266],[-4.1149,52.8321],[-4.129,52.8271],[-4.1285,52.8287],[-4.119,52.848],[-4.1452,52.8937],[-4.0865,52.902],[-4.083,52.9002],[-4.0828,52.9003],[-4.0686,52.9095],[-4.083,52.9041],[-4.0856,52.9032],[-4.0831,52.9057],[-4.0738,52.9152],[-4.0718,52.917],[-4.0591,52.916],[-4.0477,52.9269],[-4.0768,52.9227],[-4.0837,52.9191],[-4.1035,52.9089],[-4.1192,52.919],[-4.1104,52.92],[-4.1286,52.9219],[-4.1266,52.9291],[-4.1521,52.9064],[-4.2191,52.9191],[-4.2251,52.9179],[-4.2276,52.9185],[-4.2376,52.9155],[-4.2613,52.9109],[-4.2847,52.9172],[-4.2638,52.9106],[-4.3163,52.9087],[-4.3267,52.892],[-4.38,52.8954],[-4.3872,52.8959],[-4.3891,52.8945],[-4.3977,52.8917],[-4.3976,52.8883],[-4.4033,52.8842],[-4.4074,52.8917],[-4.4151,52.8852],[-4.3976,52.8824],[-4.3976,52.8822],[-4.4425,52.8757],[-4.4503,52.8716],[-4.4597,52.8697],[-4.467,52.8627],[-4.4765,52.8577],[-4.4703,52.8478],[-4.4738,52.8456],[-4.4964,52.8326],[-4.4961,52.8314],[-4.5062,52.825],[-4.4974,52.8257],[-4.4999,52.8123],[-4.4899,52.808],[-4.4865,52.795],[-4.4865,52.7948],[-4.5149,52.793],[-4.528,52.7777],[-4.5426,52.7865],[-4.5362,52.8003],[-4.6015,52.8249],[-4.6048,52.823],[-4.6125,52.8226],[-4.6426,52.8007],[-4.644,52.7998],[-4.6613,52.8062],[-4.6644,52.8048],[-4.6657,52.8051],[-4.6773,52.7989],[-4.6884,52.7939],[-4.7209,52.8028],[-4.7323,52.7819],[-4.7327,52.782],[-4.7669,52.7967],[-4.7225,52.8363],[-4.7262,52.8535],[-4.6961,52.8595],[-4.679,52.8767],[-4.6706,52.8772],[-4.6509,52.9051],[-4.6498,52.9062],[-4.6322,52.906],[-4.6151,52.9238],[-4.5999,52.9289],[-4.5706,52.9389],[-4.5674,52.9485],[-4.5663,52.9469],[-4.5608,52.9384],[-4.5605,52.9384],[-4.5601,52.9377],[-4.5249,52.94],[-4.5217,52.9401],[-4.5216,52.9402],[-4.5196,52.9403],[-4.4716,52.9667],[-4.4375,52.9983],[-4.4172,52.9982],[-4.4102,52.998],[-4.3864,53.0129],[-4.3539,53.0332],[-4.3527,53.0363],[-4.3396,53.0503],[-4.338,53.075],[-4.3364,53.0791],[-4.3465,53.114],[-4.3466,53.1143],[-4.3389,53.1213],[-4.3244,53.1216],[-4.3241,53.1218],[-4.3196,53.1215],[-4.3332,53.1143],[-4.3338,53.114],[-4.3193,53.0928],[-4.3058,53.1079],[-4.3138,53.1066],[-4.313,53.1147],[-4.3119,53.1272],[-4.2831,53.1395],[-4.2736,53.1328],[-4.2777,53.1434],[-4.2436,53.1705],[-4.2121,53.1832],[-4.2114,53.1847],[-4.2103,53.1852],[-4.2102,53.1871],[-4.1993,53.21],[-4.1856,53.2148],[-4.1609,53.2199],[-4.1429,53.2299],[-4.1224,53.2371],[-4.1145,53.2314],[-4.1132,53.2369],[-4.1063,53.2323],[-4.099,53.2344],[-4.0911,53.2367],[-4.0856,53.2256],[-4.0074,53.2469],[-4.0073,53.2468],[-3.9982,53.2484]]]}},{"type":"Feature","properties":{"c":"W06000003","n":"Conwy"},"geometry":{"type":"Polygon","coordinates":[[[-3.5052,53.3135],[-3.4965,53.3023],[-3.5219,53.2834],[-3.5183,53.2564],[-3.5331,53.2489],[-3.526,53.2403],[-3.5097,53.2418],[-3.466,53.2208],[-3.4745,53.1764],[-3.461,53.165],[-3.5341,53.1399],[-3.5633,53.1195],[-3.556,53.1067],[-3.6016,53.0852],[-3.5929,53.0786],[-3.5649,53.0947],[-3.5157,53.0898],[-3.5099,53.0764],[-3.4869,53.084],[-3.4869,53.0659],[-3.4626,53.0462],[-3.4897,53.0379],[-3.4763,53.0264],[-3.4812,53.0185],[-3.4546,52.9979],[-3.458,52.9849],[-3.5045,52.9654],[-3.5338,52.9737],[-3.583,52.9675],[-3.6108,52.996],[-3.5996,53.0117],[-3.6153,53.0114],[-3.6729,52.9971],[-3.683,52.9868],[-3.7353,52.9799],[-3.7697,52.9593],[-3.8132,52.9494],[-3.841,52.9623],[-3.8494,52.9773],[-3.8966,52.9949],[-3.8878,53.0116],[-3.8989,53.0206],[-3.9854,53.0107],[-3.9972,53.0377],[-3.9771,53.0689],[-3.9913,53.0765],[-3.9867,53.0842],[-4.0136,53.0897],[-4.0141,53.1036],[-4.0313,53.1056],[-4.021,53.1246],[-3.9955,53.125],[-4.0201,53.1248],[-4.0079,53.1438],[-3.9703,53.1602],[-3.965,53.1834],[-3.939,53.2001],[-3.9353,53.2149],[-3.9794,53.2319],[-3.9982,53.2484],[-4.0073,53.2468],[-4.0074,53.2469],[-3.9835,53.2595],[-3.9831,53.2596],[-3.9821,53.2598],[-3.846,53.2944],[-3.8263,53.2814],[-3.8262,53.2831],[-3.823,53.2804],[-3.826,53.286],[-3.8258,53.2908],[-3.8304,53.2938],[-3.8355,53.3028],[-3.8445,53.319],[-3.8753,53.3373],[-3.8729,53.3393],[-3.833,53.338],[-3.8188,53.3228],[-3.8031,53.3248],[-3.7752,53.3283],[-3.775,53.3282],[-3.7649,53.3188],[-3.7391,53.3141],[-3.7341,53.3043],[-3.7321,53.3004],[-3.7069,53.2937],[-3.6058,53.2908],[-3.5475,53.3069],[-3.5114,53.3168],[-3.5086,53.3136],[-3.5062,53.3107],[-3.5052,53.3135]]]}},{"type":"Feature","properties":{"c":"W06000004","n":"Denbighshire"},"geometry":{"type":"Polygon","coordinates":[[[-3.1296,53.0724],[-3.1478,53.0438],[-3.1309,53.0239],[-3.1488,52.9986],[-3.1206,52.9855],[-3.1223,52.9768],[-3.1052,52.9734],[-3.1113,52.9694],[-3.0903,52.9716],[-3.0921,52.9643],[-3.1107,52.9617],[-3.0967,52.9592],[-3.198,52.9442],[-3.2374,52.951],[-3.2974,52.943],[-3.3143,52.9468],[-3.3243,52.9318],[-3.3533,52.922],[-3.3489,52.9163],[-3.375,52.8925],[-3.3888,52.8761],[-3.4672,52.8621],[-3.483,52.8655],[-3.4736,52.8713],[-3.49,52.8958],[-3.4651,52.9203],[-3.4914,52.9337],[-3.4467,52.9632],[-3.4487,52.9738],[-3.4368,52.9808],[-3.458,52.9849],[-3.4546,52.9979],[-3.4812,53.0185],[-3.4763,53.0264],[-3.4897,53.0379],[-3.4626,53.0462],[-3.4869,53.0659],[-3.4869,53.084],[-3.5099,53.0764],[-3.5157,53.0898],[-3.5649,53.0947],[-3.5929,53.0786],[-3.6016,53.0852],[-3.556,53.1067],[-3.5633,53.1195],[-3.5341,53.1399],[-3.461,53.165],[-3.4745,53.1764],[-3.466,53.2208],[-3.5097,53.2418],[-3.526,53.2403],[-3.5331,53.2489],[-3.5183,53.2564],[-3.5219,53.2834],[-3.4965,53.3023],[-3.5052,53.3135],[-3.5039,53.3172],[-3.5037,53.3175],[-3.5026,53.318],[-3.4806,53.3284],[-3.3667,53.3514],[-3.3682,53.3352],[-3.3883,53.3232],[-3.3935,53.327],[-3.4006,53.3138],[-3.3813,53.3158],[-3.3943,53.3017],[-3.3751,53.2917],[-3.356,53.2973],[-3.357,53.2839],[-3.3296,53.2734],[-3.3618,53.2531],[-3.3338,53.2367],[-3.3044,53.2329],[-3.3224,53.2204],[-3.3171,53.21],[-3.3042,53.208],[-3.3077,53.1977],[-3.2752,53.1794],[-3.281,53.1686],[-3.2712,53.1575],[-3.2442,53.1523],[-3.2082,53.1598],[-3.1823,53.154],[-3.1768,53.1161],[-3.1459,53.1039],[-3.1518,53.093],[-3.1296,53.0724]]]}},{"type":"Feature","properties":{"c":"W06000005","n":"Flintshire"},"geometry":{"type":"Polygon","coordinates":[[[-3.2983,53.3321],[-3.2732,53.3207],[-3.2648,53.3246],[-3.2599,53.3184],[-3.2597,53.3196],[-3.2583,53.3146],[-3.247,53.3104],[-3.2017,53.2938],[-3.2012,53.2936],[-3.109,53.2409],[-3.0661,53.2271],[-3.0947,53.2448],[-3.0849,53.2402],[-3.0893,53.2447],[-3.081,53.2447],[-3.077,53.2427],[-3.0722,53.2354],[-3.0752,53.2411],[-3.0593,53.2457],[-3.0738,53.242],[-3.1094,53.2576],[-3.0856,53.2566],[-3.086,53.2568],[-3.036,53.2518],[-2.9984,53.2359],[-2.9223,53.1893],[-2.9278,53.1714],[-2.9951,53.1542],[-2.9795,53.1506],[-2.9638,53.1328],[-2.9969,53.1299],[-3.0291,53.1035],[-3.0276,53.093],[-3.035,53.0968],[-3.0589,53.0853],[-3.0713,53.0896],[-3.1296,53.0724],[-3.1518,53.093],[-3.1459,53.1039],[-3.1768,53.1161],[-3.1823,53.154],[-3.2082,53.1598],[-3.2442,53.1523],[-3.2712,53.1575],[-3.281,53.1686],[-3.2752,53.1794],[-3.3077,53.1977],[-3.3042,53.208],[-3.3171,53.21],[-3.3224,53.2204],[-3.3044,53.2329],[-3.3338,53.2367],[-3.3618,53.2531],[-3.3296,53.2734],[-3.357,53.2839],[-3.356,53.2973],[-3.3751,53.2917],[-3.3943,53.3017],[-3.3813,53.3158],[-3.4006,53.3138],[-3.3935,53.327],[-3.3883,53.3232],[-3.3682,53.3352],[-3.3667,53.3514],[-3.3634,53.3521],[-3.3108,53.3556],[-3.3124,53.3423],[-3.2983,53.3321]]]}},{"type":"Feature","properties":{"c":"W06000006","n":"Wrexham"},"geometry":{"type":"Polygon","coordinates":[[[-2.7268,52.9833],[-2.7353,52.9699],[-2.7242,52.9571],[-2.7284,52.9253],[-2.7553,52.9246],[-2.7988,52.8958],[-2.841,52.9426],[-2.8835,52.9466],[-2.8874,52.9525],[-2.9289,52.9387],[-2.9598,52.9512],[-2.975,52.969],[-2.982,52.9592],[-3.0096,52.9562],[-3.0351,52.9295],[-3.0765,52.9255],[-3.096,52.9303],[-3.1142,52.894],[-3.1475,52.8902],[-3.1744,52.9016],[-3.2054,52.8931],[-3.233,52.867],[-3.2618,52.8666],[-3.3457,52.8925],[-3.375,52.8925],[-3.3489,52.9163],[-3.3533,52.922],[-3.3243,52.9318],[-3.3143,52.9468],[-3.2974,52.943],[-3.2374,52.951],[-3.198,52.9442],[-3.0967,52.9592],[-3.1107,52.9617],[-3.0921,52.9643],[-3.0903,52.9716],[-3.1113,52.9694],[-3.1052,52.9734],[-3.1223,52.9768],[-3.1206,52.9855],[-3.1488,52.9986],[-3.1309,53.0239],[-3.1478,53.0438],[-3.1296,53.0724],[-3.0713,53.0896],[-3.0589,53.0853],[-3.035,53.0968],[-3.0276,53.093],[-3.0291,53.1035],[-2.9969,53.1299],[-2.9638,53.1328],[-2.9102,53.1126],[-2.8811,53.1216],[-2.9021,53.092],[-2.8757,53.0815],[-2.8816,53.0744],[-2.8615,53.0607],[-2.8726,53.0586],[-2.8592,53.0543],[-2.8701,53.0454],[-2.8557,53.0373],[-2.861,53.0228],[-2.8441,53.0177],[-2.836,52.9972],[-2.8033,52.9896],[-2.7683,52.9949],[-2.7599,52.9864],[-2.7268,52.9833]]]}},{"type":"Feature","properties":{"c":"W06000008","n":"Ceredigion"},"geometry":{"type":"Polygon","coordinates":[[[-3.7578,52.1282],[-3.7861,52.1046],[-3.7944,52.1171],[-3.8601,52.1422],[-3.9067,52.1198],[-3.9405,52.1384],[-4.0181,52.0971],[-4.0581,52.1139],[-4.1001,52.0961],[-4.144,52.0943],[-4.1588,52.0869],[-4.1473,52.0808],[-4.1586,52.0812],[-4.1642,52.0682],[-4.1915,52.0593],[-4.2058,52.0626],[-4.2345,52.0382],[-4.2825,52.0398],[-4.289,52.0528],[-4.3011,52.0516],[-4.3058,52.0386],[-4.3347,52.0413],[-4.3506,52.0268],[-4.3849,52.04],[-4.3988,52.0346],[-4.4111,52.0418],[-4.4487,52.0441],[-4.4637,52.0365],[-4.4875,52.0491],[-4.5019,52.0426],[-4.5356,52.0444],[-4.5411,52.0521],[-4.5449,52.0442],[-4.5598,52.0437],[-4.5703,52.0589],[-4.6078,52.0622],[-4.6312,52.056],[-4.647,52.0783],[-4.6649,52.0578],[-4.6803,52.0637],[-4.6697,52.0803],[-4.6817,52.0851],[-4.6886,52.1042],[-4.6884,52.1041],[-4.688,52.1086],[-4.6862,52.1297],[-4.6419,52.1383],[-4.5829,52.138],[-4.5828,52.138],[-4.5673,52.1445],[-4.5456,52.1333],[-4.5186,52.135],[-4.471,52.1603],[-4.4669,52.1713],[-4.4621,52.1699],[-4.46,52.1677],[-4.4566,52.1682],[-4.4545,52.1676],[-4.4506,52.1692],[-4.4451,52.1701],[-4.4399,52.1737],[-4.4289,52.1782],[-4.3798,52.2142],[-4.3776,52.2157],[-4.3775,52.2158],[-4.3576,52.2154],[-4.3566,52.2147],[-4.3505,52.21],[-4.3432,52.211],[-4.325,52.2136],[-4.3208,52.2154],[-4.2075,52.2637],[-4.1404,52.3225],[-4.1357,52.3307],[-4.0899,52.399],[-4.0862,52.4272],[-4.0691,52.4675],[-4.0665,52.4706],[-4.0626,52.4734],[-4.0517,52.4816],[-4.0563,52.5323],[-4.0415,52.5265],[-4.0392,52.5268],[-4.0015,52.5328],[-3.9857,52.5176],[-3.997,52.5348],[-3.9667,52.5307],[-3.9845,52.5363],[-3.956,52.5554],[-3.9492,52.5517],[-3.9418,52.5578],[-3.9329,52.553],[-3.9265,52.5608],[-3.8595,52.5608],[-3.8409,52.5514],[-3.844,52.512],[-3.8268,52.4848],[-3.8125,52.4789],[-3.7333,52.5066],[-3.7448,52.4746],[-3.7664,52.4693],[-3.7716,52.4422],[-3.7121,52.4134],[-3.6972,52.3669],[-3.6855,52.3682],[-3.6582,52.3476],[-3.7051,52.3415],[-3.745,52.3176],[-3.7277,52.3058],[-3.7331,52.2903],[-3.7072,52.2741],[-3.7316,52.2715],[-3.7534,52.2518],[-3.7442,52.2463],[-3.7523,52.1976],[-3.742,52.1395],[-3.7578,52.1282]]]}},{"type":"Feature","properties":{"c":"W06000009","n":"Pembrokeshire"},"geometry":{"type":"Polygon","coordinates":[[[-5.1893,51.8739],[-5.2006,51.8676],[-5.2458,51.8735],[-5.2826,51.8702],[-5.2963,51.8607],[-5.2976,51.8661],[-5.3186,51.8619],[-5.3198,51.8617],[-5.3073,51.8748],[-5.3075,51.8749],[-5.3074,51.875],[-5.3159,51.8848],[-5.2959,51.8933],[-5.3038,51.9037],[-5.3146,51.902],[-5.3055,51.9083],[-5.2592,51.9148],[-5.2362,51.9295],[-5.2101,51.9322],[-5.2023,51.9427],[-5.1964,51.9506],[-5.1541,51.9483],[-5.1529,51.9504],[-5.1426,51.9615],[-5.1245,51.9613],[-5.1219,51.9606],[-5.1205,51.9613],[-5.1071,51.9612],[-5.1046,51.9687],[-5.1032,51.9693],[-5.0858,51.9682],[-5.0799,51.9854],[-5.0957,51.9936],[-5.0726,52.004],[-5.0733,52.0045],[-5.073,52.0046],[-5.0877,52.014],[-5.0896,52.0153],[-5.0864,52.018],[-5.0713,52.0301],[-5.0455,52.0253],[-5.0207,52.0204],[-4.9918,52.026],[-4.9901,52.0226],[-4.9871,52.0164],[-4.987,52.0164],[-4.9868,52.0161],[-4.9714,52.013],[-4.9819,52.0146],[-4.9827,52.0147],[-4.9866,52.0107],[-4.9925,52.0048],[-4.9924,52.0048],[-4.9931,52.0041],[-4.9911,52.0042],[-4.9863,52.0024],[-4.9897,52.0007],[-4.9692,51.9949],[-4.97,51.9974],[-4.9247,52.0093],[-4.9197,52.0101],[-4.9162,52.0191],[-4.9149,52.0223],[-4.91,52.0349],[-4.9097,52.0347],[-4.8857,52.0208],[-4.8825,52.0209],[-4.8789,52.019],[-4.8143,52.0185],[-4.8388,52.0242],[-4.8413,52.0248],[-4.838,52.0334],[-4.8442,52.0362],[-4.8384,52.0497],[-4.8379,52.0503],[-4.8377,52.0504],[-4.7914,52.0585],[-4.7591,52.0768],[-4.7414,52.0986],[-4.7472,52.1025],[-4.7493,52.1042],[-4.7315,52.1179],[-4.6886,52.1042],[-4.6817,52.0851],[-4.6697,52.0803],[-4.6803,52.0637],[-4.6649,52.0578],[-4.647,52.0783],[-4.6312,52.056],[-4.6078,52.0622],[-4.5703,52.0589],[-4.5598,52.0437],[-4.5464,52.0191],[-4.523,52.0113],[-4.5123,51.9949],[-4.4871,51.9887],[-4.4933,51.9613],[-4.5415,51.9566],[-4.5777,51.9319],[-4.6,51.9409],[-4.6356,51.9186],[-4.6679,51.9341],[-4.7134,51.9158],[-4.7135,51.8992],[-4.7231,51.8957],[-4.7067,51.8889],[-4.6941,51.8596],[-4.7086,51.8473],[-4.7043,51.8391],[-4.6458,51.8313],[-4.6169,51.8116],[-4.6446,51.7973],[-4.6341,51.785],[-4.644,51.7765],[-4.6226,51.7681],[-4.6322,51.7352],[-4.6329,51.7352],[-4.6763,51.7272],[-4.6966,51.7127],[-4.6921,51.7085],[-4.6927,51.7054],[-4.6841,51.7009],[-4.6802,51.6973],[-4.6972,51.6863],[-4.7019,51.6745],[-4.6934,51.672],[-4.7001,51.6677],[-4.7143,51.6588],[-4.7111,51.6518],[-4.7569,51.6537],[-4.7559,51.644],[-4.7771,51.6424],[-4.7812,51.6349],[-4.7813,51.635],[-4.8129,51.6451],[-4.8254,51.6456],[-4.83,51.6468],[-4.8445,51.6464],[-4.8608,51.6471],[-4.8617,51.6392],[-4.862,51.6386],[-4.8911,51.6295],[-4.8987,51.6272],[-4.8964,51.6101],[-4.923,51.6114],[-4.9234,51.599],[-4.9249,51.5972],[-4.9483,51.597],[-4.9754,51.6103],[-5.0076,51.6086],[-5.0594,51.6206],[-5.0501,51.6399],[-5.0621,51.6588],[-5.0651,51.6634],[-5.1234,51.6712],[-5.1257,51.6816],[-5.1051,51.6921],[-5.104,51.692],[-5.0763,51.6881],[-5.0759,51.6879],[-5.0881,51.6847],[-5.0739,51.6779],[-5.0466,51.6762],[-5.0512,51.6939],[-5.0276,51.695],[-5.0075,51.6873],[-4.9815,51.6891],[-4.9863,51.684],[-4.9754,51.6809],[-4.9755,51.6815],[-4.9735,51.6789],[-4.9766,51.6876],[-4.9767,51.6882],[-4.9492,51.7022],[-4.8912,51.706],[-4.8868,51.7168],[-4.8722,51.7176],[-4.8848,51.719],[-4.8829,51.7339],[-4.898,51.7396],[-4.8861,51.771],[-4.9129,51.7715],[-4.8951,51.7613],[-4.9025,51.7416],[-4.8869,51.7303],[-4.8956,51.7099],[-4.9463,51.7037],[-4.9432,51.7052],[-4.9849,51.6994],[-5.0192,51.7072],[-5.0139,51.7172],[-5.0226,51.708],[-5.0346,51.7107],[-5.0609,51.7082],[-5.0596,51.707],[-5.0632,51.7069],[-5.0632,51.7072],[-5.0851,51.7064],[-5.0903,51.7109],[-5.0978,51.72],[-5.0997,51.719],[-5.1051,51.7236],[-5.093,51.7405],[-5.1053,51.7361],[-5.1159,51.7104],[-5.1246,51.7174],[-5.1347,51.716],[-5.1582,51.7151],[-5.17,51.731],[-5.1685,51.7068],[-5.1496,51.7024],[-5.1581,51.7017],[-5.1573,51.688],[-5.1756,51.6803],[-5.1842,51.6868],[-5.1883,51.6899],[-5.1872,51.7089],[-5.191,51.7095],[-5.2094,51.7193],[-5.2122,51.723],[-5.2326,51.7249],[-5.2535,51.7378],[-5.254,51.7382],[-5.2109,51.7339],[-5.2032,51.7556],[-5.1889,51.7539],[-5.1861,51.7536],[-5.1603,51.7721],[-5.1186,51.7683],[-5.1076,51.7742],[-5.1029,51.8101],[-5.116,51.8373],[-5.1231,51.8519],[-5.1378,51.8639],[-5.1398,51.8638],[-5.1399,51.8638],[-5.1454,51.8634],[-5.1816,51.861],[-5.1795,51.8672],[-5.1833,51.8672],[-5.1932,51.869],[-5.1893,51.8739]]]}},{"type":"Feature","properties":{"c":"W06000010","n":"Carmarthenshire"},"geometry":{"type":"Polygon","coordinates":[[[-3.8601,52.1422],[-3.7944,52.1171],[-3.7861,52.1046],[-3.7578,52.1282],[-3.7203,52.1175],[-3.7141,52.105],[-3.7288,52.094],[-3.7231,52.0852],[-3.6671,52.0743],[-3.679,52.0606],[-3.6471,52.0388],[-3.6683,52.0254],[-3.67,52.0042],[-3.7112,51.9619],[-3.6999,51.946],[-3.7203,51.9418],[-3.7275,51.9106],[-3.7136,51.9059],[-3.7138,51.8871],[-3.7726,51.846],[-3.8067,51.788],[-3.8186,51.8023],[-3.8655,51.8103],[-3.8999,51.8036],[-3.8821,51.7879],[-3.8872,51.7688],[-3.9184,51.7753],[-3.9365,51.7714],[-3.9652,51.7637],[-3.9998,51.7742],[-4.0017,51.7626],[-4.0493,51.7296],[-4.0435,51.7066],[-4.0497,51.712],[-4.044,51.7067],[-4.0563,51.7132],[-4.0549,51.7075],[-4.0592,51.7003],[-4.0718,51.6991],[-4.0673,51.6907],[-4.0816,51.6888],[-4.0814,51.6841],[-4.0813,51.6839],[-4.0811,51.6803],[-4.0805,51.6697],[-4.0813,51.6749],[-4.0897,51.6717],[-4.0817,51.6639],[-4.1294,51.6579],[-4.1332,51.6654],[-4.1462,51.6547],[-4.1676,51.6641],[-4.1685,51.6787],[-4.1686,51.6808],[-4.1688,51.6787],[-4.1701,51.6654],[-4.1806,51.6785],[-4.1823,51.6807],[-4.2154,51.6853],[-4.2891,51.677],[-4.286,51.6765],[-4.2642,51.6733],[-4.2912,51.6677],[-4.3087,51.6761],[-4.3156,51.6794],[-4.3483,51.6951],[-4.3799,51.7321],[-4.3605,51.7303],[-4.363,51.7247],[-4.3575,51.7297],[-4.3566,51.7241],[-4.3562,51.7218],[-4.3354,51.7231],[-4.3365,51.7175],[-4.3238,51.7241],[-4.3225,51.7166],[-4.3218,51.7247],[-4.3178,51.7215],[-4.3148,51.7192],[-4.315,51.7263],[-4.3098,51.7215],[-4.3019,51.7261],[-4.3182,51.7302],[-4.325,51.7319],[-4.3184,51.7341],[-4.2955,51.7419],[-4.3185,51.7354],[-4.3217,51.7345],[-4.3656,51.7379],[-4.376,51.7539],[-4.3661,51.7872],[-4.324,51.8015],[-4.3265,51.8014],[-4.3635,51.7965],[-4.4038,51.7573],[-4.4489,51.7701],[-4.4628,51.7691],[-4.459,51.7605],[-4.4178,51.7453],[-4.4237,51.7407],[-4.4632,51.7317],[-4.559,51.742],[-4.5719,51.7369],[-4.6063,51.7347],[-4.6082,51.7348],[-4.6322,51.7352],[-4.6226,51.7681],[-4.644,51.7765],[-4.6341,51.785],[-4.6446,51.7973],[-4.6169,51.8116],[-4.6458,51.8313],[-4.7043,51.8391],[-4.7086,51.8473],[-4.6941,51.8596],[-4.7067,51.8889],[-4.7231,51.8957],[-4.7135,51.8992],[-4.7134,51.9158],[-4.6679,51.9341],[-4.6356,51.9186],[-4.6,51.9409],[-4.5777,51.9319],[-4.5415,51.9566],[-4.4933,51.9613],[-4.4871,51.9887],[-4.5123,51.9949],[-4.523,52.0113],[-4.5464,52.0191],[-4.5598,52.0437],[-4.5449,52.0442],[-4.5411,52.0521],[-4.5356,52.0444],[-4.5019,52.0426],[-4.4875,52.0491],[-4.4637,52.0365],[-4.4487,52.0441],[-4.4111,52.0418],[-4.3988,52.0346],[-4.3849,52.04],[-4.3506,52.0268],[-4.3347,52.0413],[-4.3058,52.0386],[-4.3011,52.0516],[-4.289,52.0528],[-4.2825,52.0398],[-4.2345,52.0382],[-4.2058,52.0626],[-4.1915,52.0593],[-4.1642,52.0682],[-4.1586,52.0812],[-4.1473,52.0808],[-4.1588,52.0869],[-4.144,52.0943],[-4.1001,52.0961],[-4.0581,52.1139],[-4.0181,52.0971],[-3.9405,52.1384],[-3.9067,52.1198],[-3.8601,52.1422]]]}},{"type":"Feature","properties":{"c":"W06000011","n":"Swansea"},"geometry":{"type":"Polygon","coordinates":[[[-3.9998,51.7742],[-3.9652,51.7637],[-3.9365,51.7714],[-3.8885,51.7391],[-3.876,51.704],[-3.8427,51.6974],[-3.887,51.6341],[-3.8864,51.6175],[-3.9226,51.6076],[-3.9271,51.6073],[-3.9293,51.6167],[-3.9287,51.6135],[-3.9288,51.6082],[-3.9291,51.6134],[-3.9583,51.6122],[-3.9939,51.5987],[-4.0006,51.58],[-3.9863,51.5733],[-3.9864,51.5733],[-3.9768,51.5685],[-3.9809,51.5648],[-3.9811,51.5647],[-4.0106,51.5682],[-4.0212,51.5643],[-4.0243,51.5631],[-4.035,51.5701],[-4.0644,51.5573],[-4.1113,51.5699],[-4.1037,51.5778],[-4.1564,51.5619],[-4.1529,51.5425],[-4.1752,51.5449],[-4.1948,51.5483],[-4.2108,51.5371],[-4.2788,51.5615],[-4.3082,51.563],[-4.3064,51.5642],[-4.2996,51.5678],[-4.2993,51.5692],[-4.289,51.5764],[-4.3092,51.6096],[-4.2797,51.6159],[-4.2455,51.6476],[-4.2306,51.6477],[-4.2425,51.6464],[-4.2325,51.6422],[-4.2456,51.618],[-4.2323,51.6315],[-4.2339,51.6229],[-4.2287,51.6304],[-4.2237,51.621],[-4.2254,51.6262],[-4.2223,51.6257],[-4.2055,51.6164],[-4.213,51.6242],[-4.2209,51.6255],[-4.2246,51.6277],[-4.2195,51.6315],[-4.2089,51.6249],[-4.2177,51.6356],[-4.1864,51.6267],[-4.1978,51.6223],[-4.1878,51.617],[-4.192,51.6241],[-4.1659,51.6282],[-4.1732,51.6161],[-4.1589,51.6242],[-4.1641,51.628],[-4.1557,51.6266],[-4.1643,51.6282],[-4.1547,51.6278],[-4.1585,51.6343],[-4.133,51.6325],[-4.1374,51.6421],[-4.0872,51.648],[-4.1163,51.6447],[-4.1054,51.6527],[-4.0486,51.6557],[-4.0813,51.6621],[-4.0624,51.6727],[-4.0746,51.6804],[-4.0772,51.682],[-4.0715,51.6805],[-4.0692,51.6798],[-4.0686,51.6805],[-4.0514,51.6998],[-4.0537,51.7089],[-4.0437,51.7062],[-4.0433,51.7065],[-4.0435,51.7066],[-4.0493,51.7296],[-4.0017,51.7626],[-3.9998,51.7742]]]}},{"type":"Feature","properties":{"c":"W06000012","n":"Neath Port Talbot"},"geometry":{"type":"Polygon","coordinates":[[[-3.8067,51.788],[-3.7703,51.7545],[-3.7461,51.7534],[-3.7279,51.7762],[-3.6704,51.7872],[-3.6034,51.7738],[-3.5913,51.7546],[-3.5786,51.7179],[-3.5896,51.6793],[-3.5633,51.6455],[-3.5957,51.6377],[-3.6657,51.6412],[-3.6807,51.6219],[-3.6767,51.6013],[-3.6911,51.6035],[-3.6944,51.5943],[-3.6553,51.5648],[-3.6566,51.5392],[-3.6878,51.5374],[-3.7031,51.5272],[-3.7623,51.5348],[-3.763,51.5365],[-3.7639,51.5377],[-3.7628,51.538],[-3.7642,51.538],[-3.7893,51.5697],[-3.7972,51.5693],[-3.8174,51.5743],[-3.7979,51.5711],[-3.8022,51.5819],[-3.8123,51.5803],[-3.8099,51.5831],[-3.81,51.5832],[-3.7907,51.593],[-3.8109,51.5839],[-3.8193,51.5904],[-3.823,51.5923],[-3.8508,51.6145],[-3.8369,51.6237],[-3.8862,51.6175],[-3.8864,51.6175],[-3.887,51.6341],[-3.8427,51.6974],[-3.876,51.704],[-3.8885,51.7391],[-3.9365,51.7714],[-3.9184,51.7753],[-3.8872,51.7688],[-3.8821,51.7879],[-3.8999,51.8036],[-3.8655,51.8103],[-3.8186,51.8023],[-3.8067,51.788]]]}},{"type":"Feature","properties":{"c":"W06000013","n":"Bridgend"},"geometry":{"type":"Polygon","coordinates":[[[-3.4975,51.5126],[-3.5296,51.5014],[-3.5276,51.4937],[-3.5394,51.491],[-3.5329,51.4816],[-3.5548,51.4928],[-3.6212,51.4755],[-3.6196,51.4766],[-3.6264,51.4742],[-3.6399,51.4707],[-3.6589,51.48],[-3.6798,51.4732],[-3.6988,51.478],[-3.6995,51.4745],[-3.7083,51.4757],[-3.7208,51.4797],[-3.7297,51.4873],[-3.7494,51.504],[-3.7502,51.5059],[-3.7623,51.5348],[-3.7031,51.5272],[-3.6878,51.5374],[-3.6566,51.5392],[-3.6553,51.5648],[-3.6944,51.5943],[-3.6911,51.6035],[-3.6767,51.6013],[-3.6807,51.6219],[-3.6657,51.6412],[-3.5957,51.6377],[-3.5633,51.6455],[-3.5376,51.6441],[-3.51,51.6181],[-3.4725,51.6013],[-3.4765,51.5816],[-3.4887,51.5742],[-3.463,51.5434],[-3.4975,51.5126]]]}},{"type":"Feature","properties":{"c":"W06000014","n":"Vale of Glamorgan"},"geometry":{"type":"Polygon","coordinates":[[[-3.4111,51.5068],[-3.4019,51.499],[-3.3786,51.5127],[-3.3357,51.5084],[-3.2984,51.4999],[-3.2711,51.4651],[-3.2481,51.4646],[-3.2189,51.4749],[-3.1867,51.4479],[-3.1659,51.444],[-3.1697,51.4063],[-3.1876,51.4001],[-3.2242,51.4034],[-3.2609,51.3948],[-3.2646,51.3892],[-3.269,51.3879],[-3.3103,51.3928],[-3.3424,51.3811],[-3.3958,51.3827],[-3.3952,51.3979],[-3.3966,51.3824],[-3.4056,51.381],[-3.4153,51.3878],[-3.4386,51.39],[-3.559,51.4013],[-3.5968,51.441],[-3.6268,51.4555],[-3.6393,51.4634],[-3.6212,51.4755],[-3.5548,51.4928],[-3.5329,51.4816],[-3.5394,51.491],[-3.5276,51.4937],[-3.5296,51.5014],[-3.4975,51.5126],[-3.4654,51.5148],[-3.4111,51.5068]]]}},{"type":"Feature","properties":{"c":"W06000015","n":"Cardiff"},"geometry":{"type":"Polygon","coordinates":[[[-3.1189,51.5456],[-3.0689,51.5203],[-3.0904,51.5099],[-3.0835,51.5017],[-3.1255,51.4895],[-3.1418,51.5123],[-3.1236,51.486],[-3.1528,51.457],[-3.1641,51.4458],[-3.1644,51.4458],[-3.1657,51.4462],[-3.1659,51.444],[-3.1867,51.4479],[-3.2189,51.4749],[-3.2481,51.4646],[-3.2711,51.4651],[-3.2984,51.4999],[-3.3357,51.5084],[-3.3412,51.5353],[-3.3244,51.5358],[-3.3104,51.5489],[-3.2777,51.5519],[-3.2616,51.5378],[-3.2377,51.5526],[-3.1637,51.5605],[-3.1526,51.5516],[-3.1445,51.5553],[-3.1189,51.5456]]]}},{"type":"Feature","properties":{"c":"W06000016","n":"Rhondda Cynon Taf"},"geometry":{"type":"Polygon","coordinates":[[[-3.4442,51.8165],[-3.4407,51.7958],[-3.4166,51.7672],[-3.4275,51.7585],[-3.4531,51.7617],[-3.3999,51.7179],[-3.38,51.711],[-3.3314,51.6567],[-3.3139,51.6557],[-3.3139,51.6447],[-3.2914,51.5921],[-3.2698,51.5838],[-3.2629,51.5662],[-3.2425,51.5655],[-3.2377,51.5526],[-3.2616,51.5378],[-3.2777,51.5519],[-3.3104,51.5489],[-3.3244,51.5358],[-3.3412,51.5353],[-3.3357,51.5084],[-3.3786,51.5127],[-3.4019,51.499],[-3.4111,51.5068],[-3.4654,51.5148],[-3.4975,51.5126],[-3.463,51.5434],[-3.4887,51.5742],[-3.4765,51.5816],[-3.4725,51.6013],[-3.51,51.6181],[-3.5376,51.6441],[-3.5633,51.6455],[-3.5896,51.6793],[-3.5786,51.7179],[-3.5913,51.7546],[-3.5656,51.7649],[-3.5599,51.7775],[-3.5371,51.7762],[-3.5412,51.7846],[-3.4763,51.8095],[-3.4701,51.8285],[-3.4601,51.8301],[-3.4442,51.8165]]]}},{"type":"Feature","properties":{"c":"W06000018","n":"Caerphilly"},"geometry":{"type":"Polygon","coordinates":[[[-3.1161,51.6908],[-3.102,51.6821],[-3.0844,51.6884],[-3.0717,51.6742],[-3.0748,51.6522],[-3.1027,51.634],[-3.0818,51.6194],[-3.0646,51.6039],[-3.0937,51.5914],[-3.1052,51.5972],[-3.1242,51.5886],[-3.1218,51.5797],[-3.0902,51.5693],[-3.1189,51.5456],[-3.1445,51.5553],[-3.1526,51.5516],[-3.1637,51.5605],[-3.2377,51.5526],[-3.2425,51.5655],[-3.2629,51.5662],[-3.2698,51.5838],[-3.2914,51.5921],[-3.3139,51.6447],[-3.2961,51.6641],[-3.2852,51.6582],[-3.2847,51.6771],[-3.2739,51.6823],[-3.3006,51.7363],[-3.3155,51.7318],[-3.31,51.739],[-3.329,51.7587],[-3.3345,51.7904],[-3.3101,51.7943],[-3.3013,51.799],[-3.2725,51.7775],[-3.267,51.7593],[-3.2229,51.7231],[-3.224,51.7291],[-3.2109,51.7307],[-3.2196,51.7451],[-3.2101,51.7501],[-3.1672,51.7099],[-3.1564,51.714],[-3.1291,51.6958],[-3.1377,51.6819],[-3.1161,51.6908]]]}},{"type":"Feature","properties":{"c":"W06000019","n":"Blaenau Gwent"},"geometry":{"type":"Polygon","coordinates":[[[-3.1574,51.8161],[-3.1458,51.8047],[-3.1569,51.7961],[-3.1342,51.7928],[-3.1439,51.7861],[-3.1061,51.7613],[-3.1152,51.7574],[-3.106,51.7205],[-3.1161,51.6908],[-3.1377,51.6819],[-3.1291,51.6958],[-3.1564,51.714],[-3.1672,51.7099],[-3.2101,51.7501],[-3.2196,51.7451],[-3.2109,51.7307],[-3.224,51.7291],[-3.2229,51.7231],[-3.267,51.7593],[-3.2725,51.7775],[-3.3013,51.799],[-3.3101,51.7943],[-3.3086,51.8061],[-3.2834,51.8255],[-3.2388,51.8124],[-3.1574,51.8161]]]}},{"type":"Feature","properties":{"c":"W06000020","n":"Torfaen"},"geometry":{"type":"Polygon","coordinates":[[[-2.9589,51.6288],[-2.9893,51.6288],[-3.0196,51.6165],[-3.0472,51.6225],[-3.045,51.6067],[-3.0818,51.6194],[-3.1027,51.634],[-3.0748,51.6522],[-3.0717,51.6742],[-3.0844,51.6884],[-3.102,51.6821],[-3.1161,51.6908],[-3.106,51.7205],[-3.1152,51.7574],[-3.1061,51.7613],[-3.1439,51.7861],[-3.1342,51.7928],[-3.1082,51.7962],[-3.0589,51.7836],[-3.0434,51.7704],[-3.0493,51.7604],[-3.0278,51.7454],[-3.0313,51.7227],[-2.9835,51.7154],[-3.002,51.6908],[-2.9686,51.6914],[-2.9795,51.6737],[-2.9949,51.6793],[-3.0035,51.6691],[-2.9589,51.6288]]]}},{"type":"Feature","properties":{"c":"W06000021","n":"Monmouthshire"},"geometry":{"type":"Polygon","coordinates":[[[-3.0259,51.9573],[-3.0081,51.9271],[-2.9767,51.9275],[-2.9718,51.905],[-2.8778,51.9338],[-2.845,51.9221],[-2.8619,51.914],[-2.8419,51.9177],[-2.8361,51.9061],[-2.7683,51.8804],[-2.7788,51.8659],[-2.7388,51.8366],[-2.7197,51.8489],[-2.7151,51.8402],[-2.6973,51.8448],[-2.6933,51.8338],[-2.6662,51.8356],[-2.6504,51.8261],[-2.6609,51.8228],[-2.6595,51.8107],[-2.6785,51.8028],[-2.6698,51.7943],[-2.6805,51.7689],[-2.6627,51.7539],[-2.6722,51.7364],[-2.6875,51.7304],[-2.6684,51.7058],[-2.6838,51.7006],[-2.6692,51.6932],[-2.6723,51.681],[-2.6569,51.6745],[-2.6864,51.6632],[-2.6659,51.6643],[-2.6803,51.6475],[-2.6685,51.6456],[-2.6633,51.6356],[-2.6582,51.6216],[-2.6697,51.6088],[-2.6956,51.6034],[-2.7126,51.5824],[-2.7575,51.5784],[-2.8216,51.5541],[-2.8222,51.5539],[-2.8343,51.5704],[-2.8526,51.5713],[-2.8592,51.5794],[-2.8303,51.6149],[-2.8032,51.6159],[-2.8345,51.6484],[-2.8836,51.6415],[-2.9085,51.6236],[-2.9208,51.6269],[-2.9414,51.6171],[-2.9477,51.6286],[-2.9589,51.6288],[-3.0035,51.6691],[-2.9949,51.6793],[-2.9795,51.6737],[-2.9686,51.6914],[-3.002,51.6908],[-2.9835,51.7154],[-3.0313,51.7227],[-3.0278,51.7454],[-3.0493,51.7604],[-3.0434,51.7704],[-3.0589,51.7836],[-3.1082,51.7962],[-3.1342,51.7928],[-3.1569,51.7961],[-3.1458,51.8047],[-3.1574,51.8161],[-3.1205,51.8389],[-3.101,51.832],[-3.0972,51.8464],[-3.0634,51.8633],[-3.0722,51.8752],[-3.0401,51.8846],[-3.0495,51.9114],[-3.0787,51.9245],[-3.0901,51.9504],[-3.0816,51.9554],[-3.0931,51.9652],[-3.0674,51.9831],[-3.0259,51.9573]]]}},{"type":"Feature","properties":{"c":"W06000022","n":"Newport"},"geometry":{"type":"Polygon","coordinates":[[[-2.8222,51.5539],[-2.8666,51.5424],[-2.9049,51.5324],[-2.9225,51.5358],[-2.914,51.5426],[-2.9512,51.5351],[-2.9817,51.5451],[-2.9702,51.5556],[-2.9887,51.5495],[-3.0049,51.5658],[-2.9893,51.5475],[-2.9953,51.5365],[-3.0517,51.5142],[-3.0827,51.5019],[-3.0835,51.5017],[-3.0904,51.5099],[-3.0689,51.5203],[-3.1189,51.5456],[-3.0902,51.5693],[-3.1218,51.5797],[-3.1242,51.5886],[-3.1052,51.5972],[-3.0937,51.5914],[-3.0646,51.6039],[-3.0818,51.6194],[-3.045,51.6067],[-3.0472,51.6225],[-3.0196,51.6165],[-2.9893,51.6288],[-2.9589,51.6288],[-2.9477,51.6286],[-2.9414,51.6171],[-2.9208,51.6269],[-2.9085,51.6236],[-2.8836,51.6415],[-2.8345,51.6484],[-2.8032,51.6159],[-2.8303,51.6149],[-2.8592,51.5794],[-2.8526,51.5713],[-2.8343,51.5704],[-2.8222,51.5539]]]}},{"type":"Feature","properties":{"c":"W06000023","n":"Powys"},"geometry":{"type":"Polygon","coordinates":[[[-3.1475,52.8902],[-3.1355,52.885],[-3.1524,52.8787],[-3.1277,52.8671],[-3.163,52.8475],[-3.1513,52.8426],[-3.1679,52.8193],[-3.1682,52.8073],[-3.1532,52.8064],[-3.1609,52.7957],[-3.1183,52.7836],[-3.0866,52.7956],[-3.0917,52.7867],[-3.0795,52.7715],[-3.0478,52.7726],[-3.0525,52.7686],[-3.039,52.7704],[-3.0354,52.764],[-3.0171,52.7676],[-3.0108,52.7585],[-3.0218,52.7519],[-2.992,52.7438],[-2.9913,52.7338],[-2.9651,52.7323],[-2.9611,52.7165],[-2.9781,52.7154],[-2.9776,52.7266],[-3.0006,52.7203],[-3.0204,52.7251],[-3.0225,52.7067],[-3.047,52.6913],[-3.0386,52.6754],[-3.0511,52.6474],[-3.0836,52.6413],[-3.0598,52.6307],[-3.0732,52.629],[-3.0936,52.6093],[-3.0896,52.5995],[-3.1174,52.5858],[-3.1395,52.5857],[-3.1115,52.5414],[-3.137,52.534],[-3.1331,52.5275],[-3.0854,52.5345],[-3.0873,52.5513],[-3.0142,52.5755],[-2.9942,52.5529],[-3.0039,52.5198],[-3.0324,52.5237],[-3.0292,52.5013],[-3.111,52.4989],[-3.1802,52.4739],[-3.1972,52.476],[-3.2356,52.4425],[-3.2195,52.4212],[-3.1789,52.4094],[-3.1544,52.3877],[-3.1106,52.3772],[-3.0607,52.3482],[-3.0402,52.3443],[-2.9745,52.3547],[-2.9547,52.3492],[-2.9668,52.3294],[-3.0009,52.3218],[-3.0126,52.2792],[-2.9496,52.2695],[-2.9772,52.2597],[-3.0058,52.2643],[-3.0359,52.2568],[-3.0483,52.2502],[-3.0442,52.2379],[-3.073,52.2359],[-3.0721,52.2131],[-3.1021,52.2027],[-3.0947,52.1837],[-3.1224,52.1634],[-3.0989,52.1547],[-3.0825,52.163],[-3.0725,52.1558],[-3.0937,52.1443],[-3.1359,52.1379],[-3.1419,52.1279],[-3.1049,52.1167],[-3.1053,52.1054],[-3.1227,52.1031],[-3.1259,52.0783],[-3.0906,52.0505],[-3.0863,52.0402],[-3.0992,52.0227],[-3.0674,51.9831],[-3.0931,51.9652],[-3.0816,51.9554],[-3.0901,51.9504],[-3.0787,51.9245],[-3.0495,51.9114],[-3.0401,51.8846],[-3.0722,51.8752],[-3.0634,51.8633],[-3.0972,51.8464],[-3.101,51.832],[-3.1205,51.8389],[-3.1574,51.8161],[-3.2388,51.8124],[-3.2834,51.8255],[-3.3086,51.8061],[-3.3101,51.7943],[-3.3345,51.7904],[-3.3601,51.7911],[-3.3575,51.807],[-3.4023,51.8142],[-3.4024,51.8263],[-3.4172,51.8351],[-3.4442,51.8165],[-3.4601,51.8301],[-3.4701,51.8285],[-3.4763,51.8095],[-3.5412,51.7846],[-3.5371,51.7762],[-3.5599,51.7775],[-3.5656,51.7649],[-3.5913,51.7546],[-3.6034,51.7738],[-3.6704,51.7872],[-3.7279,51.7762],[-3.7461,51.7534],[-3.7703,51.7545],[-3.8067,51.788],[-3.7726,51.846],[-3.7138,51.8871],[-3.7136,51.9059],[-3.7275,51.9106],[-3.7203,51.9418],[-3.6999,51.946],[-3.7112,51.9619],[-3.67,52.0042],[-3.6683,52.0254],[-3.6471,52.0388],[-3.679,52.0606],[-3.6671,52.0743],[-3.7231,52.0852],[-3.7288,52.094],[-3.7141,52.105],[-3.7203,52.1175],[-3.7578,52.1282],[-3.742,52.1395],[-3.7523,52.1976],[-3.7442,52.2463],[-3.7534,52.2518],[-3.7316,52.2715],[-3.7072,52.2741],[-3.7331,52.2903],[-3.7277,52.3058],[-3.745,52.3176],[-3.7051,52.3415],[-3.6582,52.3476],[-3.6855,52.3682],[-3.6972,52.3669],[-3.7121,52.4134],[-3.7716,52.4422],[-3.7664,52.4693],[-3.7448,52.4746],[-3.7333,52.5066],[-3.8125,52.4789],[-3.8268,52.4848],[-3.844,52.512],[-3.8409,52.5514],[-3.8595,52.5608],[-3.9265,52.5608],[-3.9289,52.5715],[-3.9154,52.5786],[-3.8838,52.5771],[-3.875,52.5932],[-3.8419,52.5999],[-3.8504,52.6206],[-3.8346,52.6331],[-3.8407,52.6509],[-3.8081,52.6779],[-3.7594,52.6694],[-3.7439,52.6813],[-3.7168,52.6788],[-3.7094,52.6711],[-3.6839,52.6939],[-3.6564,52.6914],[-3.602,52.705],[-3.5993,52.7259],[-3.5835,52.7386],[-3.6087,52.794],[-3.5971,52.8141],[-3.5865,52.8277],[-3.5682,52.8229],[-3.5667,52.8301],[-3.5053,52.842],[-3.483,52.8655],[-3.4672,52.8621],[-3.3888,52.8761],[-3.375,52.8925],[-3.3457,52.8925],[-3.2618,52.8666],[-3.233,52.867],[-3.2054,52.8931],[-3.1744,52.9016],[-3.1475,52.8902]]]}},{"type":"Feature","properties":{"c":"W06000024","n":"Merthyr Tydfil"},"geometry":{"type":"Polygon","coordinates":[[[-3.3345,51.7904],[-3.329,51.7587],[-3.31,51.739],[-3.3155,51.7318],[-3.3006,51.7363],[-3.2739,51.6823],[-3.2847,51.6771],[-3.2852,51.6582],[-3.2961,51.6641],[-3.3139,51.6447],[-3.3139,51.6557],[-3.3314,51.6567],[-3.38,51.711],[-3.3999,51.7179],[-3.4531,51.7617],[-3.4275,51.7585],[-3.4166,51.7672],[-3.4407,51.7958],[-3.4442,51.8165],[-3.4172,51.8351],[-3.4024,51.8263],[-3.4023,51.8142],[-3.3575,51.807],[-3.3601,51.7911],[-3.3345,51.7904]]]}}]}